image_path,label,fft_0,fft_1,fft_2,fft_3,fft_4,fft_5,lbp_0,lbp_1,lbp_2,lbp_3,lbp_4,lbp_5,lbp_6,lbp_7,lbp_8,lbp_9,lbp_10,lbp_11,lbp_12,lbp_13,lbp_14,lbp_15,lbp_16,lbp_17,lbp_18,lbp_19,edge_0,edge_1,edge_2
preprocessed_images/Canon120/300/Canon120_300_0033.tif,300,140.57410413634153,16.10526725460443,265.6790294762274,150.63181146021893,131.24405389646967,5248243043.421971,0.0024986267089748436,0.01251983642573349,0.0024147033691314136,0.020618438720624473,0.0070495605468481074,0.12372589111280927,0.0035362243652208854,0.09201431274378961,0.70088958739967,0.03473281860338313,0.0,0.0,0.0,0.0,0.0,0.0,0.0,0.0,0.0,0.0,22.40571620885539,75.97899444174156,677.904123014457
preprocessed_images/Canon120/300/Canon120_300_0027.tif,300,133.3584557939623,17.121403961786918,271.299068285991,143.30835713927,123.43316948103549,4738939671.11727,0.0023269653320223734,0.010364532470663587,0.0018806457519459508,0.031147003173709307,0.012847900390575989,0.18900680541920087,0.004531860351545213,0.09045791625942055,0.6144866943335934,0.042949676513508034,0.0,0.0,0.0,0.0,0.0,0.0,0.0,0.0,0.0,0.0,30.388150010923685,84.09370734760057,796.2738222496077
preprocessed_images/Canon120/300/Canon120_300_0026.tif,300,145.5349530433675,16.704990011268638,287.39973751410446,154.97985977879054,135.96230334955797,5625473728.148085,0.008831024169888187,0.019783020019455783,0.0057983398437278805,0.0416221618650756,0.02408981323232998,0.20383071899336308,0.009006500244106267,0.08892059326137955,0.539890289304581,0.05822753906227788,0.0,0.0,0.0,0.0,0.0,0.0,0.0,0.0,0.0,0.0,63.447319824078356,119.51881465017674,771.1459005920993
preprocessed_images/Canon120/300/Canon120_300_0032.tif,300,142.7866194010017,16.86412433797517,274.02613219452803,153.3551288778953,132.85809280580202,5419150178.950366,0.0022773742675694375,0.012825012206982326,0.0030097961425666433,0.028835296630749376,0.008266448974577841,0.12506866455030416,0.005851745605446428,0.08208084106414001,0.6922645568821248,0.03952026367172424,0.0,0.0,0.0,0.0,0.0,0.0,0.0,0.0,0.0,0.0,34.28468160324308,98.03154593069519,807.66577245789
preprocessed_images/Canon120/300/Canon120_300_0018.tif,300,133.2381520859564,16.21388034243879,264.2823995598234,142.57439174882305,124.17399461135959,4722601515.296848,0.0022010803222572285,0.010547637939412888,0.0018882751464771718,0.017223358154231174,0.006454467773412878,0.11726379394486518,0.002708435058583418,0.05909729003883706,0.7540779113740765,0.02853775024403176,0.0,0.0,0.0,0.0,0.0,0.0,0.0,0.0,0.0,0.0,21.184439354998354,64.432442357025,765.4188395904558
preprocessed_images/Canon120/300/Canon120_300_0024.tif,300,141.91690586741885,16.955474768223652,278.0256166354107,152.0646880091768,131.9882347650655,5355050446.513164,0.0023880004882721405,0.011596679687455761,0.002777099609364406,0.02835083007801685,0.013587951660104416,0.15307617187441605,0.005092620849589948,0.07687759399384736,0.6722412109349356,0.03401184082018276,0.0,0.0,0.0,0.0,0.0,0.0,0.0,0.0,0.0,0.0,40.89489731185813,109.84924207887268,837.0005973713519
preprocessed_images/Canon120/300/Canon120_300_0030.tif,300,150.69954294860443,17.999294163945105,279.3982698337426,161.46931669223923,139.70375119470455,6038310573.917729,0.002944946289051266,0.014377593994085778,0.0037117004394389658,0.029834747314339313,0.01362991333002613,0.1122741699214467,0.005516052246072708,0.0747718811032304,0.7099037170383076,0.03303527832018648,0.0,0.0,0.0,0.0,0.0,0.0,0.0,0.0,0.0,0.0,44.86565681108402,126.84797602071014,869.5297579726642
preprocessed_images/Canon120/300/Canon120_300_0031.tif,300,142.39271553900505,16.59007251601745,269.5491093858689,152.81738108396422,132.61998558227017,5387299309.396617,0.0020790100097576943,0.010604858398397045,0.002578735351552663,0.020225524902266596,0.006584167480443633,0.09425354003870295,0.0033988952636589092,0.06486129760717445,0.7723960876435378,0.023017883300693442,0.0,0.0,0.0,0.0,0.0,0.0,0.0,0.0,0.0,0.0,27.349968322170742,92.62020046132737,770.7580683976004
preprocessed_images/Canon120/300/Canon120_300_0025.tif,300,130.60010030754745,17.575847953931984,268.36062952977414,140.1105163273635,120.5790365318617,4552208320.204948,0.0052223205566207034,0.012722015380810844,0.0023803710937409196,0.026393890380758688,0.013530731201120258,0.12371063232374682,0.007293701171847177,0.07317733764620522,0.6962165832492972,0.039352416992037384,0.0,0.0,0.0,0.0,0.0,0.0,0.0,0.0,0.0,0.0,23.48888903932758,75.20017250949574,722.0249303175065
preprocessed_images/Canon120/300/Canon120_300_0019.tif,300,142.97879044691248,18.371579021229195,278.70451895287397,153.41059046259457,131.90463984514653,5447470136.267998,0.0023231506347567627,0.011219024658160328,0.0018997192382740032,0.032253265380736335,0.01601028442376705,0.13868713378853345,0.0065269470214594765,0.07618331909150626,0.6816139221165405,0.03328323364245116,0.0,0.0,0.0,0.0,0.0,0.0,0.0,0.0,0.0,0.0,42.61103036769525,122.49086342905795,864.2511209133604
preprocessed_images/Canon120/300/Canon120_300_0021.tif,300,148.4059674446801,16.43494994941876,279.8932419110481,157.98490572286545,138.99491655472715,5844353352.474648,0.0056648254394315155,0.023017883300693442,0.005096435546855558,0.0336647033690122,0.01718139648430946,0.12679290771436008,0.008586883544889118,0.07474899291963673,0.6572723388646802,0.047973632812316994,0.0,0.0,0.0,0.0,0.0,0.0,0.0,0.0,0.0,0.0,48.89944565371051,114.41521269469891,848.6648337241269
preprocessed_images/Canon120/300/Canon120_300_0035.tif,300,150.031050192442,16.09639112448477,283.83364203970956,160.31314728723257,140.6298108330816,5968602026.2342,0.007678985595673832,0.02580642700185468,0.00570678710935323,0.04121017456038967,0.01618957519525074,0.15227508544863785,0.009185791015589959,0.07704544067353422,0.6106719970679829,0.05422973632791813,0.0,0.0,0.0,0.0,0.0,0.0,0.0,0.0,0.0,0.0,57.71756501191699,112.12622683480383,877.1795711255478
preprocessed_images/Canon120/300/Canon120_300_0009.tif,300,141.72692330289553,16.289409409051835,276.6034705847883,151.40959920398703,132.45762307256734,5335119468.377027,0.0030364990234259164,0.017078399658137976,0.003841400146469721,0.037872314452980525,0.014533996581975807,0.15533447265565745,0.007400512695284269,0.07983779907196106,0.6227607727027025,0.05830383300759009,0.0,0.0,0.0,0.0,0.0,0.0,0.0,0.0,0.0,0.0,40.999287411891046,92.24894340600746,695.0870449087654
preprocessed_images/Canon120/300/Canon120_300_0008.tif,300,144.6435119845908,16.68227395157108,276.28289251006277,155.21549048854763,134.7913485760697,5557464288.049684,0.0031051635742069044,0.015167236328067142,0.0036239624023299256,0.03109359741199076,0.012477874755811776,0.1292533874506788,0.004825592040997217,0.06881332397434688,0.6961822509739067,0.035457611083849115,0.0,0.0,0.0,0.0,0.0,0.0,0.0,0.0,0.0,0.0,38.34701067478589,101.52604520250541,847.1564200311534
preprocessed_images/Canon120/300/Canon120_300_0034.tif,300,133.34900586286713,17.51158103504271,268.1527410398569,143.3647760745491,123.15409680911975,4741821323.008237,0.0013389587402292673,0.008964538574184553,0.0016784667968685971,0.021228790283122145,0.00875854492184159,0.14393997192327904,0.0036468505859235884,0.06761169433567958,0.7163352966281268,0.02649688720693017,0.0,0.0,0.0,0.0,0.0,0.0,0.0,0.0,0.0,0.0,25.43694630908753,77.12210750900935,810.8378382882732
preprocessed_images/Canon120/300/Canon120_300_0020.tif,300,142.11617474177524,16.840250569256852,270.84125393480633,152.75454252383955,132.12277415174376,5368866711.134578,0.0019569396972581596,0.009719848632775422,0.0021858215331947866,0.021892547607338362,0.008987426757778215,0.11859893798782883,0.002964019775379318,0.07680511474580076,0.7291183471651873,0.02777099609364406,0.0,0.0,0.0,0.0,0.0,0.0,0.0,0.0,0.0,0.0,27.675742900924536,94.87797745663279,839.2949421985098
preprocessed_images/Canon120/300/Canon120_300_0036.tif,300,139.514738697228,17.42072131049667,267.77834628924177,149.7060874012193,129.21604869807138,5182021656.8338995,0.006359100341772617,0.015392303466738158,0.0029411315917856552,0.030872344970585355,0.015106201171817374,0.1610565185540731,0.006233215332007472,0.08119583129851839,0.6279563903784638,0.05288696289042325,0.0,0.0,0.0,0.0,0.0,0.0,0.0,0.0,0.0,0.0,28.711092012153912,81.73296643397968,859.22406856419
preprocessed_images/Canon120/300/Canon120_300_0022.tif,300,137.99143841766218,17.268099224150156,263.4190323285269,149.16529331717564,127.51210305978005,5069818908.479467,0.0009384155273401702,0.006240844726538693,0.0013313293456980464,0.01823425292961794,0.005210876464823872,0.09587097167932178,0.0028648376464734462,0.06211853027320054,0.784900665280209,0.022289276122961846,0.0,0.0,0.0,0.0,0.0,0.0,0.0,0.0,0.0,0.0,20.88310049146969,81.76929301917296,825.2126998538014
preprocessed_images/Canon120/300/Canon120_300_0023.tif,300,135.59484946955308,16.506625184756796,251.2927660189389,146.20718034653206,125.81978226309685,4891195966.137513,0.0039710998535004765,0.009552001953088562,0.0019950866699142643,0.015029907226505166,0.006652832031224621,0.10690307617146719,0.005081176757793117,0.08316040039030777,0.7392654418917112,0.028388977050672955,0.0,0.0,0.0,0.0,0.0,0.0,0.0,0.0,0.0,0.0,11.248181587183371,52.14375895476305,789.1628475796361
preprocessed_images/Canon120/300/Canon120_300_0037.tif,300,148.48742558522105,16.753782698506757,281.9561280137886,158.80746657030562,138.69748257181203,5853467060.898453,0.004932403564434309,0.013633728027291741,0.0035133361816272225,0.03858566284164968,0.019260406494067153,0.21360397338785703,0.006980895996067119,0.08333587646452585,0.5687637329079865,0.047389984130678596,0.0,0.0,0.0,0.0,0.0,0.0,0.0,0.0,0.0,0.0,51.47003727845546,113.27327741791231,828.1545749435911
preprocessed_images/Canon120/300/Canon120_300_0093.tif,300,142.52521435894408,16.968181168975143,272.06292403642135,153.23646816311856,132.4583955329915,5400521841.114122,0.0021400451660074614,0.010665893554646812,0.002452850341787518,0.021751403808510775,0.007617950439424065,0.10647583007771882,0.0028114318847549,0.0710868835446507,0.7517356872529917,0.023262023925692512,0.0,0.0,0.0,0.0,0.0,0.0,0.0,0.0,0.0,0.0,29.193249092283153,96.08260774757359,814.530539636176
preprocessed_images/Canon120/300/Canon120_300_0087.tif,300,146.65245679797445,16.56504607532295,272.65618658208,157.49986070945903,136.67489901186943,5709848598.638584,0.003311157226549869,0.014095306396430606,0.003143310546863009,0.028194427490126822,0.010158538818320623,0.13179016113230976,0.004333496093733469,0.09074783325160694,0.6734695434544622,0.04075622558578203,0.0,0.0,0.0,0.0,0.0,0.0,0.0,0.0,0.0,0.0,32.597045722980596,95.34517458613198,809.0302837347932
preprocessed_images/Canon120/300/Canon120_300_0078.tif,300,141.667217154382,16.56757583841938,270.36832659634183,151.50470047824479,132.0977210454503,5333079814.420198,0.004367828369123963,0.012115478515578783,0.002681732177724145,0.025588989257714884,0.009853363037071787,0.14112472534125853,0.005226135253886314,0.08285522460905893,0.6762161254857016,0.039970397949066275,0.0,0.0,0.0,0.0,0.0,0.0,0.0,0.0,0.0,0.0,30.487375404816962,87.81826260254064,812.0024630504516
preprocessed_images/Canon120/300/Canon120_300_0050.tif,300,144.58482561454002,17.70144508505144,270.65303005421424,156.03804262651474,133.72040468479548,5562201002.760221,0.003005981445301033,0.009910583496055943,0.0022010803222572285,0.022365570068274058,0.01098251342769248,0.12374114990187171,0.0031890869140503344,0.07808685302704586,0.717399597165232,0.02911758422840455,0.0,0.0,0.0,0.0,0.0,0.0,0.0,0.0,0.0,0.0,28.699149364669527,96.0502437402975,823.4002671848
preprocessed_images/Canon120/300/Canon120_300_0044.tif,300,131.77281831422098,16.541755819933424,263.17699171949477,141.4047052039653,122.30802102650026,4623618626.572519,0.008842468261685018,0.02037048339835979,0.0037231445312357974,0.038761138915867764,0.013816833496041042,0.19126129150317664,0.005638122558572242,0.11998367309524542,0.5177879333476342,0.0798149108883674,0.0,0.0,0.0,0.0,0.0,0.0,0.0,0.0,0.0,0.0,22.66736210810173,59.4973388065809,837.4867163125633
preprocessed_images/Canon120/300/Canon120_300_0045.tif,300,139.36133181927624,16.832975056237125,262.5736672829829,149.64076818726437,129.53848567732103,5165529132.089033,0.002632141113271209,0.008529663085904962,0.0018806457519459508,0.015132904052676647,0.006072998046851833,0.09274673461878682,0.0041732788085778304,0.06526947021459477,0.7811698913544419,0.02239227294913333,0.0,0.0,0.0,0.0,0.0,0.0,0.0,0.0,0.0,0.0,19.69309750279817,80.93789662881323,841.2145980663911
preprocessed_images/Canon120/300/Canon120_300_0051.tif,300,137.67575951793228,17.430149574058063,259.74392724327674,148.58757376041527,127.1680774476686,5048480529.911267,0.002696990966786587,0.008426666259733479,0.0021133422851481883,0.019916534423752148,0.008213043212859294,0.10227584838828171,0.004783630371075502,0.07847595214813814,0.7484016418428482,0.02469635009756204,0.0,0.0,0.0,0.0,0.0,0.0,0.0,0.0,0.0,0.0,17.88044275359309,74.87262475383604,837.9272044754246
preprocessed_images/Canon120/300/Canon120_300_0079.tif,300,138.7733251257567,16.90845590728254,270.9570400688644,149.7142587806446,128.63156769829016,5123324417.835662,0.0016479492187437136,0.01311874389643433,0.002696990966786587,0.026504516601461393,0.007930755615204121,0.14494705200140018,0.005432128906229278,0.08981323242153239,0.6605720519994333,0.04733657836896005,0.0,0.0,0.0,0.0,0.0,0.0,0.0,0.0,0.0,0.0,31.30725731596001,89.11600325326896,813.0006150059174
preprocessed_images/Canon120/300/Canon120_300_0086.tif,300,146.4310706524672,17.45339148750221,273.80713096603785,157.7295094025559,135.7777879052383,5700761505.456158,0.0024986267089748436,0.011363983154253524,0.001941680908195718,0.02664566040028898,0.010181427001914286,0.10357666015585489,0.0036621093749860303,0.0731315612790179,0.7401809692354576,0.02681732177724145,0.0,0.0,0.0,0.0,0.0,0.0,0.0,0.0,0.0,0.0,34.71435642347309,111.60981419183796,868.9361311396827
preprocessed_images/Canon120/300/Canon120_300_0092.tif,300,147.27321028995527,16.952673440450987,276.20662336103015,158.29541754540753,137.08495359679455,5761084058.733895,0.0026092529296775466,0.011634826660111867,0.0030021667480354224,0.025897979736229332,0.010063171386680362,0.13237380981394817,0.004066467285140737,0.08724975585904217,0.6910171508762702,0.03208541870104948,0.0,0.0,0.0,0.0,0.0,0.0,0.0,0.0,0.0,0.0,36.371117463361294,111.2113830375079,865.8059828853113
preprocessed_images/Canon120/300/Canon120_300_0084.tif,300,137.7513755536916,16.822148236202512,261.23604007175396,148.06792530133112,127.86953354160674,5048480861.576221,0.0056304931640410215,0.012363433837843461,0.0029335021972544343,0.021045684814372842,0.00835037231442127,0.12332916259718578,0.005725860595681282,0.0864982604977169,0.6954460144016439,0.03867721557602433,0.0,0.0,0.0,0.0,0.0,0.0,0.0,0.0,0.0,0.0,17.82868786735826,68.9163737501772,840.0976133759696
preprocessed_images/Canon120/300/Canon120_300_0090.tif,300,145.41363151710237,17.095277364284797,280.4751297748832,156.2378181330229,135.1563423418009,5619678639.3326435,0.0037422180175638495,0.018066406249931083,0.0035018920898303913,0.03425598144518182,0.014072418212836942,0.15685653686463602,0.007511138915986972,0.08089065551726955,0.6289062499976009,0.052196502685347757,0.0,0.0,0.0,0.0,0.0,0.0,0.0,0.0,0.0,0.0,49.982757163718496,115.46351903925105,832.6199613268949
preprocessed_images/Canon120/300/Canon120_300_0047.tif,300,141.05445282956472,17.89306617503482,268.66950628592,152.2898914488354,130.11337822104286,5299639544.759468,0.0021362304687418507,0.007675170898408221,0.0020828247070233045,0.02367401123037844,0.012783050537060612,0.13218688964793324,0.0036087036132674837,0.08311080932585484,0.7040481567355955,0.02869415283192179,0.0,0.0,0.0,0.0,0.0,0.0,0.0,0.0,0.0,0.0,24.698667047966218,93.90145692574393,840.3201770753811
preprocessed_images/Canon120/300/Canon120_300_0053.tif,300,147.44099287442916,16.884728162851395,278.89607966153926,157.5913216667028,137.5508541072231,5773443838.753072,0.014778137206974875,0.024429321288969307,0.0053749084472451214,0.03460693359361798,0.01965332031242503,0.18514251708913748,0.008869171142544291,0.10179519653281481,0.5302619934061803,0.07508850097627606,0.0,0.0,0.0,0.0,0.0,0.0,0.0,0.0,0.0,0.0,44.921867687981035,101.82544878747022,848.3030119008183
preprocessed_images/Canon120/300/Canon120_300_0052.tif,300,137.5917756710313,16.580950408599715,273.37192597283195,147.39968067390282,128.1112440493196,5034848983.124499,0.009735107421837863,0.017913818359306662,0.0049171447753718674,0.038043975829933,0.022785186767491205,0.18148803710868266,0.00928497314449583,0.1008834838863339,0.5519256591775821,0.0630226135251502,0.0,0.0,0.0,0.0,0.0,0.0,0.0,0.0,0.0,0.0,34.20311154783563,83.13548066408563,752.772209901508
preprocessed_images/Canon120/300/Canon120_300_0046.tif,300,137.55308111321517,16.817738525166114,264.817998137814,148.14661990642125,127.59141056796174,5034131181.493188,0.0022811889648350478,0.009132385253871413,0.0016746520996029867,0.023906707763580677,0.005821228027321544,0.11276626586871046,0.004905700683575036,0.07341384887667307,0.7370567321749227,0.029041290283092342,0.0,0.0,0.0,0.0,0.0,0.0,0.0,0.0,0.0,0.0,23.53162985172956,76.35732207480974,807.5469026626255
preprocessed_images/Canon120/300/Canon120_300_0091.tif,300,142.46811422918864,17.196090835437257,273.6456166823773,153.0400493783788,132.23311246923254,5398297080.507071,0.004196166992171493,0.01514816284173909,0.0025520324706933897,0.03145980834948937,0.01302719116205968,0.15499877929628372,0.004638671874982305,0.0778808593747029,0.6491584777807268,0.04693984985333656,0.0,0.0,0.0,0.0,0.0,0.0,0.0,0.0,0.0,0.0,36.12060063964337,91.22892000174778,838.1849437922397
preprocessed_images/Canon120/300/Canon120_300_0085.tif,300,144.01312849039834,18.303411201874805,270.2956214061518,155.01216494065054,132.89544700006317,5524631332.904474,0.002838134765614173,0.010421752929647744,0.002452850341787518,0.02162933349601124,0.009555816650354172,0.12201309204055018,0.0036926269531109136,0.0832099914547607,0.7128334045382964,0.03135299682605227,0.0,0.0,0.0,0.0,0.0,0.0,0.0,0.0,0.0,0.0,27.760344211720753,95.47568186558779,858.5813881048202
preprocessed_images/Canon120/300/Canon120_300_0081.tif,300,140.41003068727204,17.35756837028422,281.28342714746543,150.5514531909085,130.2501897771017,5247142958.813614,0.002929687499988824,0.011344909667925472,0.0021362304687418507,0.03056335449207091,0.01839828491203919,0.17980575561454845,0.00502777099607457,0.08031845092742798,0.6266975402808125,0.04277801513655556,0.0,0.0,0.0,0.0,0.0,0.0,0.0,0.0,0.0,0.0,51.95250173224408,121.02098079272314,832.2908145594303
preprocessed_images/Canon120/300/Canon120_300_0095.tif,300,145.25762392200897,17.662453049684736,270.850505795857,156.15819698461115,134.63813148226188,5612959053.958379,0.002521514892568506,0.012405395507765177,0.0024719238281155705,0.02427291870107928,0.008529663085904962,0.14176177978461546,0.003952026367172424,0.10612487792928266,0.6544799804662533,0.04347991943342788,0.0,0.0,0.0,0.0,0.0,0.0,0.0,0.0,0.0,0.0,27.645245986041687,98.88651407669988,868.1750975465721
preprocessed_images/Canon120/300/Canon120_300_0042.tif,300,144.0420226737017,16.305372729100547,276.56494205451935,154.26709699549986,134.53408063770146,5508686014.255223,0.005836486816383986,0.017955780029228378,0.003974914550766087,0.03229522705065805,0.01107025146480152,0.1218376159663321,0.007530212402315025,0.07611846923799089,0.6838226318333289,0.03955841064438034,0.0,0.0,0.0,0.0,0.0,0.0,0.0,0.0,0.0,0.0,39.474827545513605,97.82881066029583,823.0151881952119
preprocessed_images/Canon120/300/Canon120_300_0056.tif,300,138.1222506736054,17.64971737712171,282.2400690177533,147.51184664436713,128.07251599347268,5082780442.2005205,0.004280090332014923,0.01594924926751728,0.002937316894520045,0.03334045410143532,0.01788711547844739,0.14936065673771148,0.004707336425763293,0.08724594116177656,0.6428070068334854,0.04148483276351362,0.0,0.0,0.0,0.0,0.0,0.0,0.0,0.0,0.0,0.0,45.208390152160774,119.9946864142338,831.0054151448112
preprocessed_images/Canon120/300/Canon120_300_0057.tif,300,132.77897860364175,16.39672635618406,255.429376751006,142.94808817808254,123.28012118079687,4692144237.897563,0.0015373229980410106,0.006790161132786597,0.001209259033198512,0.01498031616205223,0.0033836364745964674,0.09585952758752495,0.0031471252441286194,0.06738281249974296,0.7844467163056013,0.021263122558512638,0.0,0.0,0.0,0.0,0.0,0.0,0.0,0.0,0.0,0.0,14.346671172496062,57.62497205747873,795.0006289305688
preprocessed_images/Canon120/300/Canon120_300_0043.tif,300,136.08494346672808,16.84971618620061,270.99485215048173,145.82768338282574,126.39206137488416,4929100126.328742,0.00809478759762537,0.023410797119051318,0.0038185119628760585,0.044731140136548116,0.018177032470633785,0.1988067626945541,0.006549835205053139,0.10706710815388844,0.5074348449687675,0.08190917968718754,0.0,0.0,0.0,0.0,0.0,0.0,0.0,0.0,0.0,0.0,34.16942026449339,71.00264577169922,828.5529554590944
preprocessed_images/Canon120/300/Canon120_300_0094.tif,300,144.93865430647753,16.442961315079277,272.4616823674923,155.14506991945927,135.2912427422622,5577791108.279642,0.0031471252441286194,0.016075134277282428,0.003276824951159375,0.030021667480354227,0.009887695312462282,0.14672851562444028,0.0042762756347493125,0.10765838623005806,0.6300354003882216,0.048892974853329114,0.0,0.0,0.0,0.0,0.0,0.0,0.0,0.0,0.0,0.0,31.766856376550276,98.13125807796825,858.2831700551981
preprocessed_images/Canon120/300/Canon120_300_0080.tif,300,142.44868505621562,17.227465464299943,273.2577442233976,152.92414438976002,132.20742587242586,5397129052.964403,0.005241394042948756,0.015007019042911502,0.0028648376464734462,0.024333953857329046,0.011951446533157533,0.1502838134759892,0.005779266357399828,0.07271575927706636,0.6688575744603391,0.04296493530257048,0.0,0.0,0.0,0.0,0.0,0.0,0.0,0.0,0.0,0.0,33.98565502567699,93.32292994071618,829.6710191395141
preprocessed_images/Canon120/300/Canon120_300_0096.tif,300,135.973376797828,16.01551129103613,268.52114153706304,145.7328121234802,126.80542249557635,4913956336.361122,0.0023002624511631003,0.011104583740192015,0.0024757385253811807,0.019519805908128664,0.007030487060520055,0.10682678222615498,0.004165649414046609,0.07405090332003002,0.7457427978487177,0.026782989501850957,0.0,0.0,0.0,0.0,0.0,0.0,0.0,0.0,0.0,0.0,24.05986771487982,79.96124931838324,724.0994406847723
preprocessed_images/Canon120/300/Canon120_300_0082.tif,300,143.5626834733123,18.24054302030316,267.46963128417826,154.95043891879038,132.30852711704705,5490071698.33769,0.0015525817871034522,0.008403778076139817,0.0014419555664007494,0.02759170532216037,0.008281707763640282,0.13842773437447192,0.0030441284179571373,0.10453414916952311,0.6688423156712767,0.03787994384751175,0.0,0.0,0.0,0.0,0.0,0.0,0.0,0.0,0.0,0.0,24.557013309489744,95.75241641077068,873.2032982072388
preprocessed_images/Canon120/300/Canon120_300_0055.tif,300,137.72696157895467,15.824110403744141,265.94837196412476,147.6059745437772,128.74217808823306,5038176578.002154,0.004535675048810823,0.012443542480421281,0.0025939941406151047,0.020969390869060633,0.006649017333959011,0.09825897216759392,0.004589080810529369,0.06814193725559943,0.7506179809541679,0.031200408935427856,0.0,0.0,0.0,0.0,0.0,0.0,0.0,0.0,0.0,0.0,22.410577341117797,70.32781827483925,745.0167783345554
preprocessed_images/Canon120/300/Canon120_300_0041.tif,300,141.58945772659666,15.938376244444678,272.55130434600056,151.27895634586403,132.59950416100935,5321944301.992986,0.002914428710926382,0.013488769531198545,0.0026779174804585346,0.023727416992096986,0.009414672851526586,0.13525390624948405,0.004699707031232072,0.07833862304657616,0.6937065124485255,0.035778045654160394,0.0,0.0,0.0,0.0,0.0,0.0,0.0,0.0,0.0,0.0,30.504318536241808,86.54921425630411,826.0871624713702
preprocessed_images/Canon120/300/Canon120_300_0069.tif,300,155.30762185616092,15.873455532704199,288.6893383356944,165.41766586022055,146.16641434452538,6389084716.312823,0.01226043701167198,0.04772567749005231,0.008399963378874206,0.05183029174784916,0.023017883300693442,0.16461181640562206,0.012226104736281485,0.10675811767537399,0.48211669921691086,0.09105300903285578,0.0,0.0,0.0,0.0,0.0,0.0,0.0,0.0,0.0,0.0,77.20236224776683,123.84537145645312,777.0057914842076
preprocessed_images/Canon120/300/Canon120_300_0068.tif,300,140.69148462346686,15.614502203441962,265.6089376989002,150.35975345281054,131.85732527367304,5252816967.989068,0.0034255981445181823,0.013153076171824825,0.0024986267089748436,0.021438598632730718,0.006542205810521918,0.11434173583940757,0.003242492675768881,0.08552551269498625,0.7172279357882796,0.0326042175291725,0.0,0.0,0.0,0.0,0.0,0.0,0.0,0.0,0.0,0.0,21.83330998453806,72.2058351379964,577.0025996475232
preprocessed_images/Canon120/300/Canon120_300_0040.tif,300,145.4765581851916,16.401295973074422,278.8531346681804,155.68159970881806,135.9128735437026,5618383320.778232,0.003211975097643997,0.01609420776361048,0.0036621093749860303,0.030204772949103526,0.013210296630808981,0.14833831787052787,0.004547119140607654,0.07377624511690606,0.667663574216203,0.03929138183578761,0.0,0.0,0.0,0.0,0.0,0.0,0.0,0.0,0.0,0.0,43.471351049134746,106.18637869207986,824.0934413038366
preprocessed_images/Canon120/300/Canon120_300_0054.tif,300,139.52158716255872,16.536224505958835,274.07550644883156,149.3505997738961,130.01374703000272,5174649161.061748,0.0023269653320223734,0.010749816894490243,0.0020980834960857464,0.02376174926748748,0.011940002441360701,0.13707351684518024,0.00315093994139423,0.0735702514645631,0.7058677673312916,0.02946090698230949,0.0,0.0,0.0,0.0,0.0,0.0,0.0,0.0,0.0,0.0,33.67197779466006,93.10136323098705,726.9676746596097
preprocessed_images/Canon120/300/Canon120_300_0083.tif,300,144.12302426299547,15.99650680598796,276.95328098678175,154.33901227361412,134.8587484485225,5512189536.555761,0.003955841064438035,0.019886016845627266,0.004608154296857421,0.032905578613155725,0.011444091796831344,0.13448715209909634,0.0056304931640410215,0.08900833129848858,0.6529617309545404,0.04511260986310916,0.0,0.0,0.0,0.0,0.0,0.0,0.0,0.0,0.0,0.0,39.999494065955545,98.30815251944736,831.1016784966807
preprocessed_images/Canon120/300/Canon120_300_0097.tif,300,146.3128332913638,18.122091374780055,270.9925040344508,157.98896668480887,135.09320811574594,5697924073.139023,0.002052307128898421,0.007572174072236739,0.0018005371093681314,0.021636962890542462,0.01021575927730478,0.09885787963829476,0.0031547546386598404,0.07173538207980447,0.7613945007295173,0.021579742431558305,0.0,0.0,0.0,0.0,0.0,0.0,0.0,0.0,0.0,0.0,30.397996899642667,115.14025267638337,840.3868156985806
preprocessed_images/Canon120/300/Canon120_300_0059.tif,300,137.08427826699887,16.474272481626894,264.1708948672684,147.23371103407754,127.47490358852099,4997382406.611367,0.0035438537597521063,0.010978698730426869,0.0021781921386635657,0.020732879638592785,0.006710052490208778,0.10456085205038237,0.004184722900374661,0.07387924194307754,0.745857238766686,0.027374267578020573,0.0,0.0,0.0,0.0,0.0,0.0,0.0,0.0,0.0,0.0,21.259912456072257,70.82264227101963,808.7830364195332
preprocessed_images/Canon120/300/Canon120_300_0071.tif,300,147.68611000641403,16.78804808464775,277.9868477107941,158.5309188824752,137.70558665783682,5791554115.29081,0.0038528442382665526,0.017299652099543383,0.004356384277327131,0.028045654296768013,0.010189056396445507,0.10569000244100307,0.0043067932128741954,0.06605911254857613,0.7242279052706748,0.035972595214706526,0.0,0.0,0.0,0.0,0.0,0.0,0.0,0.0,0.0,0.0,40.31604180990284,106.74240051814192,858.2423900041293
preprocessed_images/Canon120/300/Canon120_300_0065.tif,300,137.08335458709422,17.37657567956061,265.2905529853042,146.93443420197406,126.98648502695379,5005322875.620165,0.04439544677717439,0.04167556762679414,0.017585754394464165,0.03160858154284817,0.025321960449122154,0.10380935668905712,0.026027679443260086,0.08955001831020526,0.5186080932597404,0.10141754150351937,0.0,0.0,0.0,0.0,0.0,0.0,0.0,0.0,0.0,0.0,22.525740159604982,67.26884789200004,788.0406080907252
preprocessed_images/Canon120/300/Canon120_300_0064.tif,300,144.6885183822137,17.5987219717946,272.0607227701964,154.9995376989616,134.27882337026114,5569113585.531149,0.005970001220680351,0.013488769531198545,0.0036735534667828615,0.02079772949210816,0.01039886474605408,0.10750961303669926,0.004928588867168699,0.06434249877905143,0.7350196838350868,0.033870697021355166,0.0,0.0,0.0,0.0,0.0,0.0,0.0,0.0,0.0,0.0,30.370340774038368,97.67410449357753,878.8287660289689
preprocessed_images/Canon120/300/Canon120_300_0070.tif,300,134.55437397152096,15.3315472940045,263.1583552479632,143.81309302582045,126.11025894239118,4807704155.860823,0.0025863647460838838,0.00996398925777449,0.0025596618652246107,0.019905090331955318,0.006732940673802441,0.10318756103476262,0.005004882812480908,0.07015609741184174,0.7533493041963449,0.026554107665914328,0.0,0.0,0.0,0.0,0.0,0.0,0.0,0.0,0.0,0.0,20.427779483096767,65.87567387016598,743.5818717532052
preprocessed_images/Canon120/300/Canon120_300_0058.tif,300,142.40212453423487,16.699526867654065,266.4668950374697,153.24836084752678,132.45109543107705,5388956931.055217,0.0019035339355396134,0.00954055786129173,0.002376556396475309,0.019275665283129594,0.006423950195287994,0.08324050903288559,0.002902984619129551,0.05881500244118189,0.7943191528290011,0.02120208740226287,0.0,0.0,0.0,0.0,0.0,0.0,0.0,0.0,0.0,0.0,24.91572729623322,87.28958918194185,685.2517785456671
preprocessed_images/Canon120/300/Canon120_300_0099.tif,300,148.5196943154537,15.617836034656339,287.741775907108,158.1151861493817,139.73025564163967,5846339787.675721,0.011207580566363496,0.03208923339831509,0.005516052246072708,0.05126953124980442,0.02233123779288356,0.18692398071217756,0.01099777221675492,0.08277893066374672,0.5157928466777199,0.0810928344723469,0.0,0.0,0.0,0.0,0.0,0.0,0.0,0.0,0.0,0.0,73.62141839918581,120.00751670422187,823.0151881952119
preprocessed_images/Canon120/300/Canon120_300_0066.tif,300,142.5633461122189,17.9067342798218,273.09378021254815,152.51316613426263,132.08576247584224,5411952076.332853,0.0036773681640484717,0.010738372802693411,0.002479553222646791,0.020954132079998192,0.008811950683560135,0.09769821166954919,0.005645751953103463,0.062217712402106405,0.7631454467744325,0.024631500244046662,0.0,0.0,0.0,0.0,0.0,0.0,0.0,0.0,0.0,0.0,31.208418040943172,103.81935980806959,880.9562985755877
preprocessed_images/Canon120/300/Canon120_300_0072.tif,300,148.9948738666415,16.784177558083023,282.4093118042289,159.8108783497237,138.92369871141648,5893306726.439368,0.005306243896464133,0.021263122558512638,0.005336761474589016,0.039649963378754996,0.01525115966791057,0.1347961425776108,0.010948181152301987,0.0878067016598213,0.6337966918921135,0.04584503173810636,0.0,0.0,0.0,0.0,0.0,0.0,0.0,0.0,0.0,0.0,55.69997990183479,131.4367750983307,843.1429297574641
preprocessed_images/Canon120/300/Canon120_300_0073.tif,300,136.46411378715484,15.851700304859646,262.5881700426193,146.09479416226498,127.57265636603972,4947635274.846994,0.004455566406233003,0.011444091796831344,0.0022048950195228388,0.018329620361258202,0.006847381591770754,0.09224700927699185,0.004634857177716695,0.06307220458960315,0.7678909301728519,0.02887344360340548,0.0,0.0,0.0,0.0,0.0,0.0,0.0,0.0,0.0,0.0,20.516402623054045,67.15954512610958,825.0490894486219
preprocessed_images/Canon120/300/Canon120_300_0067.tif,300,140.81647365711402,16.160850042056158,267.5870026405064,151.02587829470383,131.31714924383422,5266591534.889437,0.0035133361816272225,0.012474060058546165,0.0023651123046784777,0.026618957519429706,0.007602691650361623,0.14800643920841977,0.005092620849589948,0.10174942016562748,0.6489715576147118,0.04360580444319303,0.0,0.0,0.0,0.0,0.0,0.0,0.0,0.0,0.0,0.0,26.904403809777413,81.78411294925674,803.0504342816832
preprocessed_images/Canon120/300/Canon120_300_0098.tif,300,141.64692293919703,16.900433779218226,272.0345610999901,152.1320144972797,131.60597458444465,5334492889.761336,0.003997802734359749,0.01234436035151541,0.003211975097643997,0.023468017578035474,0.009346008300745598,0.13138961791942066,0.004142761230452947,0.08570861816373554,0.690940856930958,0.03544998168931789,0.0,0.0,0.0,0.0,0.0,0.0,0.0,0.0,0.0,0.0,30.245567597629694,94.14688665384925,822.0024330864234
preprocessed_images/Canon120/300/Canon120_300_0088.tif,300,139.2746381515696,17.048966361966777,271.0407675997441,149.57305627246603,129.2295266577466,5161115211.861097,0.004505157470685939,0.014015197753852786,0.0028572082519422257,0.026954650878803426,0.010196685790976727,0.15898513793884664,0.006343841552710175,0.10570526123006552,0.6223106384253604,0.04812622070294141,0.0,0.0,0.0,0.0,0.0,0.0,0.0,0.0,0.0,0.0,28.503141941221926,87.09917186148267,829.4829714948945
preprocessed_images/Canon120/300/Canon120_300_0063.tif,300,147.74671381562743,16.69888686714085,277.0965868646281,158.41894040646494,137.8431931364182,5795464941.64493,0.005741119384743724,0.020732879638592785,0.005332946777323406,0.03336334228502898,0.012420654296827618,0.12486267089796119,0.006355285644507006,0.08477783203092659,0.6573410034154612,0.0490722656248128,0.0,0.0,0.0,0.0,0.0,0.0,0.0,0.0,0.0,0.0,40.264768218312405,100.10576177435162,653.0068912346944
preprocessed_images/Canon120/300/Canon120_300_0077.tif,300,142.44631248937526,16.713148531764777,274.21879460841393,152.55876296615642,132.70273310552875,5392375814.728074,0.012615203857373752,0.0212860107421063,0.00570297241208762,0.023902893066315066,0.013519287109323428,0.13652420043893232,0.007774353027314093,0.07431030273409153,0.6504936218236904,0.05387115478495075,0.0,0.0,0.0,0.0,0.0,0.0,0.0,0.0,0.0,0.0,35.72660241243836,92.7092764647885,812.0098521569797
preprocessed_images/Canon120/300/Canon120_300_0076.tif,300,146.2679712208582,16.406673017248615,279.8971706274279,156.27901838030942,136.81735816011616,5678956104.793644,0.008071899414031709,0.020641326904218132,0.004390716552717625,0.03240966796862636,0.01813888549797768,0.17498397827081685,0.006824493408177091,0.08446502685514654,0.59046936034931,0.05960464477516325,0.0,0.0,0.0,0.0,0.0,0.0,0.0,0.0,0.0,0.0,47.09607844546055,102.73216077213627,784.0229588475072
preprocessed_images/Canon120/300/Canon120_300_0062.tif,300,148.63079289644236,17.409385200773496,278.5322352856185,159.6228906339417,138.1156016090465,5870504978.7024145,0.012413024902296397,0.024513244628812738,0.005802154540993492,0.0345039367674465,0.017826080322197624,0.16247940063414582,0.010707855224568527,0.11237335205035258,0.5411224365213733,0.07825851440399834,0.0,0.0,0.0,0.0,0.0,0.0,0.0,0.0,0.0,0.0,39.52860769377428,115.36119497868147,780.5331511217189
preprocessed_images/Canon120/300/Canon120_300_0089.tif,300,147.81775620091065,15.779772571730021,278.88044998387284,157.60000917606936,138.8253760924025,5793143919.919075,0.005344390869120238,0.025951385497947878,0.0044937133788891075,0.03192138671862823,0.015518188476503303,0.1249084472651485,0.006965637207004678,0.07771301269501604,0.6613388061498209,0.04584503173810636,0.0,0.0,0.0,0.0,0.0,0.0,0.0,0.0,0.0,0.0,44.43477981696477,97.8088106967755,737.0712312931498
preprocessed_images/Canon120/300/Canon120_300_0074.tif,300,134.8325962980843,18.33814277383721,263.39211355166947,145.52877186266318,123.70531467608245,4853888845.054163,0.0019798278808518224,0.008850097656216239,0.0017013549804622597,0.023719787597565767,0.010093688964805246,0.1660881042474133,0.003986358642562918,0.10141372680625375,0.6407127380346652,0.04145431518538874,0.0,0.0,0.0,0.0,0.0,0.0,0.0,0.0,0.0,0.0,20.580084438248786,68.68076638926502,714.0
preprocessed_images/Canon120/300/Canon120_300_0060.tif,300,145.28470797551478,17.168554184971473,275.6955829697502,156.2941564707028,135.01433285255825,5610512219.9851265,0.0033493041992059733,0.012878417968700873,0.002750396728505133,0.03108978271472515,0.010272979736288936,0.10196685790976727,0.0048332214355284375,0.06904983520481472,0.7347106933565722,0.0290985107420765,0.0,0.0,0.0,0.0,0.0,0.0,0.0,0.0,0.0,0.0,39.25802230792975,110.52227150773004,785.0057324631458
preprocessed_images/Canon120/300/Canon120_300_0048.tif,300,139.80188215227963,17.035620783988804,271.99392662816547,149.77070354754508,129.97876784916355,5199568208.872276,0.003032684326160306,0.012153625488234888,0.0022087097167884494,0.02330780029287984,0.01259994506831131,0.1288490295405241,0.0049858093261528555,0.06963729858371873,0.7100715637179944,0.03315353393542041,0.0,0.0,0.0,0.0,0.0,0.0,0.0,0.0,0.0,0.0,34.96777132211992,98.31639520225345,764.0104711324316
preprocessed_images/Canon120/300/Canon120_300_0100.tif,300,139.76625356868524,18.101365512927142,270.7185784309272,150.51190380919496,128.86645910386935,5206773614.525447,0.0038795471191258256,0.013252258300730697,0.0024337768554594658,0.033336639404169706,0.011425018310503292,0.20042800903243854,0.005466461181619772,0.13182449340770025,0.5250816345194813,0.07287216186495639,0.0,0.0,0.0,0.0,0.0,0.0,0.0,0.0,0.0,0.0,27.89118177787925,93.33304275922806,859.0005820719797
preprocessed_images/Canon120/300/Canon120_300_0049.tif,300,137.56357031223843,17.329933258422233,263.4009633793948,148.26417346941867,127.21239331002015,5039472630.50817,0.02113723754874749,0.021934509277260077,0.008964538574184553,0.020683288574139848,0.013854980468697146,0.08304977416960506,0.012668609619092297,0.06975173950168705,0.6951141357395358,0.052841186523235925,0.0,0.0,0.0,0.0,0.0,0.0,0.0,0.0,0.0,0.0,17.384055305664393,66.39510496898099,808.9116144548798
preprocessed_images/Canon120/300/Canon120_300_0061.tif,300,144.99784100228584,16.920308452699988,278.8352327662297,155.40109147662585,135.02415267162831,5586464468.751793,0.021747589111245164,0.04572296142560683,0.008331298828093218,0.06016921997047359,0.0227470397948351,0.17768478393486906,0.022533416747960916,0.14039993286079253,0.3437995910631416,0.15686416625916724,0.0,0.0,0.0,0.0,0.0,0.0,0.0,0.0,0.0,0.0,45.28217759460949,115.34772262892282,774.1382305505911
preprocessed_images/Canon120/300/Canon120_300_0075.tif,300,140.89590940120976,17.465323718434547,261.6624692813345,151.56263226003645,130.32524081418057,5283956606.522786,0.00323486328123766,0.010158538818320623,0.0021362304687418507,0.02629089355458721,0.007740020751923599,0.16122055053649437,0.004405975341780067,0.12304687499953061,0.6096420288062682,0.05212402343730116,0.0,0.0,0.0,0.0,0.0,0.0,0.0,0.0,0.0,0.0,18.586002212652748,80.3467265283963,868.5217326008601
preprocessed_images/Canon120/300/Canon120_300_0012.tif,300,145.8322166078141,16.650951727368973,270.32097417820273,156.5274149474685,136.046539170334,5647706251.375566,0.002910614013660772,0.01430130004877357,0.0031394958495973985,0.023357391357332773,0.008800506591763303,0.12309265136671793,0.003890991210922657,0.09087753295863771,0.6927680969211854,0.03686141967759376,0.0,0.0,0.0,0.0,0.0,0.0,0.0,0.0,0.0,0.0,29.473702098831303,94.86310321044128,852.0856764433962
preprocessed_images/Canon120/300/Canon120_300_0006.tif,300,142.24900164942065,17.03651223625144,276.30116911562965,152.87076801507877,132.11078248383677,5380511162.546993,0.0022621154785069956,0.010227203369101611,0.0020751953124920836,0.02480316162099913,0.013164520263621656,0.1714515686028616,0.0027122497558490287,0.07639694213838044,0.6629295349095805,0.03397750854479226,0.0,0.0,0.0,0.0,0.0,0.0,0.0,0.0,0.0,0.0,37.23617562703444,99.23721942517592,847.1245481037603
preprocessed_images/Canon120/300/Canon120_300_0007.tif,300,140.34488985205172,16.092903696384553,277.83149801780814,150.2152215814421,131.13208883631287,5231259066.5556,0.0033264160156123105,0.01772308349602614,0.004104614257796842,0.028217315673720482,0.009983062744102543,0.12394714355421467,0.005413055419901226,0.08038711547820897,0.688472747800108,0.03842544555649404,0.0,0.0,0.0,0.0,0.0,0.0,0.0,0.0,0.0,0.0,37.371065092965594,97.16474106376108,828.0386464410946
preprocessed_images/Canon120/300/Canon120_300_0013.tif,300,147.27781087053143,16.253541208263144,286.7933109935432,157.14030332367255,137.97214372027793,5755353478.365115,0.01608276367181365,0.03839874267563477,0.008247375488249789,0.0543670654294801,0.02032470703117247,0.18721771240162957,0.014369964599554558,0.1131858825679276,0.4540214538556899,0.09378433227503287,0.0,0.0,0.0,0.0,0.0,0.0,0.0,0.0,0.0,0.0,65.25921406108644,112.52518782416311,800.0899949380695
preprocessed_images/Canon120/300/Canon120_300_0039.tif,300,139.52421435790276,15.86997723907714,266.6017572711929,149.55116041002515,130.35229086259025,5169181509.486853,0.004642486572247915,0.013000488281200406,0.002479553222646791,0.02145767211905877,0.007358551025362555,0.10042572021446065,0.004913330078106257,0.06825637817356775,0.7447853088350495,0.03268051147448471,0.0,0.0,0.0,0.0,0.0,0.0,0.0,0.0,0.0,0.0,24.358457986987297,72.53986844233948,585.041878842874
preprocessed_images/Canon120/300/Canon120_300_0005.tif,300,134.9800600124574,16.81349252334851,265.8121596776863,144.61827620763884,125.34337193795692,4850269587.190395,0.0034713745117055076,0.011871337890579713,0.002342224121084815,0.02809524536122095,0.02043533325187517,0.18019485473564073,0.007190704345675695,0.09172821044886884,0.6059761047340165,0.04869461059551737,0.0,0.0,0.0,0.0,0.0,0.0,0.0,0.0,0.0,0.0,22.564564272914485,78.83861509209696,823.0492087354194
preprocessed_images/Canon120/300/Canon120_300_0011.tif,300,132.61217547977532,17.153669523644897,255.55866319764067,143.36850864693432,122.37322101437115,4687196969.659307,0.0009117126464808971,0.006168365478492094,0.0013313293456980464,0.011432647705034512,0.0037460327148294598,0.07747268676728258,0.0022621154785069956,0.05415725707987153,0.8270988464323917,0.01541900634759743,0.0,0.0,0.0,0.0,0.0,0.0,0.0,0.0,0.0,0.0,13.204317480573309,60.683611822548485,812.2659662942921
preprocessed_images/Canon120/300/Canon120_300_0010.tif,300,136.07165231687785,17.93446373400592,273.8765962218204,146.51414453388875,125.30584902463487,4938043111.157704,0.002315521240225542,0.01123809814448838,0.002521514892568506,0.03675842285142228,0.014648437499944121,0.19601058959886164,0.005496978759744656,0.08860778808559948,0.5954627990699941,0.04693984985333656,0.0,0.0,0.0,0.0,0.0,0.0,0.0,0.0,0.0,0.0,36.05143613651745,89.9730972746592,835.4747153564853
preprocessed_images/Canon120/300/Canon120_300_0004.tif,300,144.13708417330307,16.602115147288366,280.8332316458878,154.01831686897805,134.65855762344378,5518427229.086202,0.002964019775379318,0.01387786865229081,0.0026092529296775466,0.03138732910144277,0.014976501464786619,0.18108367919852797,0.004489898681623497,0.06325912475561805,0.6458473205541769,0.0395050048826618,0.0,0.0,0.0,0.0,0.0,0.0,0.0,0.0,0.0,0.0,48.59255697457875,112.58475408649807,821.2429603960085
preprocessed_images/Canon120/300/Canon120_300_0038.tif,300,145.89631555546302,17.73774641146266,273.03683111242947,156.32960524336215,135.3130653070898,5662405437.794965,0.005245208740214366,0.014118194580024269,0.0034980773925647806,0.026866912841694384,0.011558532714799657,0.14154434204047567,0.00545501708982294,0.09438705444299932,0.6526832580541508,0.044643402099439074,0.0,0.0,0.0,0.0,0.0,0.0,0.0,0.0,0.0,0.0,31.294085943589298,97.71285364263237,850.2823060607577
preprocessed_images/Canon120/300/Canon120_300_0014.tif,300,142.91977347958482,18.258078905458614,283.01858765598416,153.75269445797994,131.94571253510793,5441957159.704668,0.005100250244121169,0.026165008544822062,0.005203247070292651,0.057090759277125966,0.025939941406151048,0.2212181091300155,0.009696960449181759,0.11990737914993321,0.4302558898909368,0.09942245483360511,0.0,0.0,0.0,0.0,0.0,0.0,0.0,0.0,0.0,0.0,57.43588340829867,126.8248590472888,793.005674632912
preprocessed_images/Canon120/300/Canon120_300_0028.tif,300,150.66593810154055,16.184375414904302,287.02528947726205,160.5599981925927,141.31461099833317,6019392185.719272,0.008186340332000022,0.02725219726552104,0.0054435729980261095,0.04530715942365529,0.02198410034171301,0.17252731323176373,0.012416839599562008,0.08069992065398902,0.5599937438943482,0.06618881225560688,0.0,0.0,0.0,0.0,0.0,0.0,0.0,0.0,0.0,0.0,70.69885259847567,128.86803792672455,751.990691431749
preprocessed_images/Canon120/300/Canon120_300_0029.tif,300,137.96146745988705,18.287985162390907,267.18825979402186,148.12379438915679,126.99264023289314,5077156994.740468,0.0032157897949096075,0.011455535888628176,0.0018196105956961837,0.024150848388579747,0.008583068847623507,0.12079238891555484,0.005073547363261896,0.07534027099580634,0.7164535522433607,0.033115386962764295,0.0,0.0,0.0,0.0,0.0,0.0,0.0,0.0,0.0,0.0,24.578385702438208,79.62133609519779,764.446204778335
preprocessed_images/Canon120/300/Canon120_300_0015.tif,300,130.83805917637815,16.849019129319466,258.44832395838273,141.33829511897883,120.91407805181225,4561957597.91449,0.0015106201171817375,0.007064819335910549,0.0010452270507772627,0.02052307128898421,0.004634857177716695,0.10929107665973933,0.0036582946777204196,0.07376480102510924,0.7551155090303225,0.023391723632723266,0.0,0.0,0.0,0.0,0.0,0.0,0.0,0.0,0.0,0.0,18.00543762904526,64.89278696775415,815.2079489308234
preprocessed_images/Canon120/300/Canon120_300_0001.tif,300,140.7588461021787,18.861043426622672,283.46846870694236,152.54719810308575,129.0337859566498,5287127735.378319,0.0008926391601528448,0.008544921874967403,0.0017623901367120269,0.029685974120980507,0.020092010497970228,0.20312881469649074,0.002693176269520976,0.08662414550748206,0.608497619626585,0.03807830810532349,0.0,0.0,0.0,0.0,0.0,0.0,0.0,0.0,0.0,0.0,55.84254816987983,142.07696828817677,798.3107164506813
preprocessed_images/Canon120/300/Canon120_300_0017.tif,300,134.7570386033297,16.197515728110577,266.9535793626429,144.20880490093202,125.68580251514061,4829169311.783761,0.003925323486313151,0.014614105224553626,0.002861022949207836,0.023960113525299222,0.009140014648402634,0.13536453247018673,0.005100250244121169,0.08479690551725465,0.6781845092747567,0.04205322265608958,0.0,0.0,0.0,0.0,0.0,0.0,0.0,0.0,0.0,0.0,24.359873676327712,74.18379175614811,753.4095831617753
preprocessed_images/Canon120/300/Canon120_300_0003.tif,300,141.99654354237427,18.256422327347934,269.48630369747855,152.67135872995192,130.93711784064337,5372986086.962204,0.0018157958984305732,0.013378143310495841,0.0021362304687418507,0.018333435058523813,0.006656646728490232,0.11485290527299936,0.0034294128417837926,0.07095718383761994,0.7363166809053943,0.032123565673705584,0.0,0.0,0.0,0.0,0.0,0.0,0.0,0.0,0.0,0.0,25.082068534635543,87.69327038831354,887.3601298232866
preprocessed_images/Canon120/300/Canon120_300_0002.tif,300,142.0593919155657,17.500240328789076,277.95515207059276,152.0670077112834,131.81736563974886,5370578008.273237,0.004268646240218091,0.010684967040974864,0.002693176269520976,0.02356338500967574,0.012157440185500497,0.14509963989202462,0.004230499267561987,0.07166290283175787,0.6941986083957893,0.03144073486316131,0.0,0.0,0.0,0.0,0.0,0.0,0.0,0.0,0.0,0.0,35.632697221849796,104.08678786759364,873.212459828649
preprocessed_images/Canon120/300/Canon120_300_0016.tif,300,132.68685667034347,17.118993738449575,254.30107137764202,143.14381708906717,122.50125248796564,4692079248.585092,0.0008697509765591821,0.0038681030273289944,0.0007972717285125836,0.010593414306600215,0.004150390624984167,0.08677673339810647,0.0020599365234296417,0.0543670654294801,0.8244018554656052,0.012115478515578783,0.0,0.0,0.0,0.0,0.0,0.0,0.0,0.0,0.0,0.0,12.71546360829656,62.147130260521095,831.6177006293216
preprocessed_images/Canon120/150/Canon120_150_0089.tif,150,146.79148053709892,15.89734764579338,278.2848430156288,156.5736423778537,137.86298732272036,5714860945.033058,0.004711151123028903,0.02420043945303268,0.004421234130842509,0.028579711913953476,0.015228271484316908,0.09030532836879614,0.006568908691381191,0.045181274413890145,0.7419052123995136,0.03889846801742974,0.0,0.0,0.0,0.0,0.0,0.0,0.0,0.0,0.0,0.0,42.98667676618738,95.42638003308856,725.1882514216567
preprocessed_images/Canon120/150/Canon120_150_0062.tif,150,148.4310066985798,17.379873419564877,277.69119655721613,159.37459170051375,138.0497441545063,5854677893.024041,0.00825500488278101,0.020874023437420373,0.003997802734359749,0.026355743408102584,0.01626968383782856,0.09161376953090052,0.009349822998011207,0.0491447448728594,0.7274856567355061,0.04665374755841578,0.0,0.0,0.0,0.0,0.0,0.0,0.0,0.0,0.0,0.0,37.65578041567904,112.33684520594629,770.7671503119474
preprocessed_images/Canon120/150/Canon120_150_0076.tif,150,145.48923045493294,16.526393847260554,279.1733866652042,155.5234055221322,135.957392925096,5620429716.707961,0.007179260253878863,0.01899719238274003,0.003997802734359749,0.02503967285146698,0.014667510986272173,0.13636398315377668,0.006378173828100669,0.04684066772443069,0.6944923400852413,0.046043395995918106,0.0,0.0,0.0,0.0,0.0,0.0,0.0,0.0,0.0,0.0,45.5123535278235,99.51775173580994,772.6849293211302
preprocessed_images/Canon120/150/Canon120_150_0077.tif,150,141.70027650475961,16.87503821842695,273.92048144520675,151.90233397156217,131.87415019787176,5338231020.296259,0.012245178222609537,0.019687652587815522,0.0058479309081808165,0.02077865600578011,0.0117568969726114,0.10633087158162563,0.007572174072236739,0.04906082153301597,0.7198829650851445,0.04683685302716508,0.0,0.0,0.0,0.0,0.0,0.0,0.0,0.0,0.0,0.0,34.8796294498937,91.65692983300939,819.0152623730525
preprocessed_images/Canon120/150/Canon120_150_0063.tif,150,147.24866168318187,16.70355490790998,276.69064976878235,157.93533983833572,137.32073446900307,5756990813.385448,0.005168914794902157,0.01855850219719483,0.005126953124980442,0.029338836669809954,0.011840820312454831,0.08406829833952305,0.006141662597632821,0.04813385009747263,0.7535705566377503,0.03805160522446422,0.0,0.0,0.0,0.0,0.0,0.0,0.0,0.0,0.0,0.0,39.06180252745855,98.24239741431435,652.2484189325414
preprocessed_images/Canon120/150/Canon120_150_0088.tif,150,139.11758922527363,16.960401683192508,270.4347058598917,149.40750070547207,129.12267174849842,5148864376.237514,0.004032135009750243,0.010410308837850912,0.003028869628894696,0.019634246826096977,0.008731842040982315,0.09114074706996482,0.005306243896464133,0.04735183715802249,0.7856292724579406,0.024734497070218145,0.0,0.0,0.0,0.0,0.0,0.0,0.0,0.0,0.0,0.0,27.4026397070469,85.66576436579444,815.854153632866
preprocessed_images/Canon120/150/Canon120_150_0075.tif,150,140.63913253284002,17.547319245158896,261.23931209711304,151.37850057961367,130.019956840745,5265758358.675462,0.002792358398426848,0.007282257080050345,0.0019721984863206015,0.015659332275330888,0.00664138793942779,0.08734512329068243,0.0035667419433457687,0.06255340576148012,0.7915153503387775,0.020671844482343018,0.0,0.0,0.0,0.0,0.0,0.0,0.0,0.0,0.0,0.0,17.807154960919984,79.80895331474316,865.379685456043
preprocessed_images/Canon120/150/Canon120_150_0061.tif,150,144.45968007277222,17.06346837484111,278.56369129460654,155.02510913099326,134.28495069503396,5546904418.964448,0.012886047363232093,0.0294647216795751,0.0063743591308350585,0.038444519042822096,0.018592834472585324,0.10307693481405991,0.014823913574162201,0.07771301269501604,0.6285591125464304,0.0700645446774671,0.0,0.0,0.0,0.0,0.0,0.0,0.0,0.0,0.0,0.0,43.8790784372068,114.9205646128491,752.3097766213065
preprocessed_images/Canon120/150/Canon120_150_0049.tif,150,137.25154949410143,17.369612813341586,263.29968146581894,148.00054788290493,126.85301603038263,5017355232.953547,0.020801544189373772,0.0213584899901529,0.00869369506832621,0.017345428466730706,0.013072967529247005,0.05102157592753974,0.012332916259718578,0.03910064697250709,0.768547058102537,0.04772567749005231,0.0,0.0,0.0,0.0,0.0,0.0,0.0,0.0,0.0,0.0,17.12357728573731,66.40535980597768,808.1695366691323
preprocessed_images/Canon120/150/Canon120_150_0100.tif,150,139.66863370272281,18.087856897365995,269.96667522435826,150.42013835561528,128.80013832699058,5199494593.255819,0.0034790039062367285,0.01038742065425725,0.0023460388183504256,0.02485275268545207,0.01251983642573349,0.15613937377870124,0.004959106445293582,0.09439086914026493,0.6511840820287659,0.03974151611312965,0.0,0.0,0.0,0.0,0.0,0.0,0.0,0.0,0.0,0.0,27.198786249637113,91.07483123049556,847.0053128522867
preprocessed_images/Canon120/150/Canon120_150_0048.tif,150,139.44768163431618,17.02788752776444,271.5481128301981,149.47523417963572,129.5441380167859,5173570402.213904,0.002742767333973912,0.010738372802693411,0.002479553222646791,0.01908111572258346,0.012393951415968345,0.09804534912071973,0.004802703857403554,0.03810882568344837,0.7853660583466134,0.02624130249013427,0.0,0.0,0.0,0.0,0.0,0.0,0.0,0.0,0.0,0.0,33.72882411940304,96.80415519528671,764.0104711324316
preprocessed_images/Canon120/150/Canon120_150_0060.tif,150,144.94711116810473,17.090480772952805,275.23115882475514,155.74279803528196,134.73429906623375,5584125839.023687,0.002880096435535888,0.011753082275345791,0.00289535522459833,0.028228759765517315,0.010417938232382134,0.07181549072238229,0.004589080810529369,0.04162979125960682,0.8019256591766284,0.02386474609365896,0.0,0.0,0.0,0.0,0.0,0.0,0.0,0.0,0.0,0.0,38.341411942670916,108.4812112339703,782.2800010226517
preprocessed_images/Canon120/150/Canon120_150_0074.tif,150,135.01461914650992,18.121003873922174,262.7290333945462,145.6362472492624,124.07884001625304,4864689612.960778,0.0013351440429636569,0.006362915039038227,0.0015220642089785687,0.015468597412050367,0.008632659912076443,0.10189819335898628,0.002998352050769812,0.04408645629865995,0.7982635498016424,0.019432067871019622,0.0,0.0,0.0,0.0,0.0,0.0,0.0,0.0,0.0,0.0,19.661178047585295,67.25699682493688,700.0
preprocessed_images/Canon120/150/Canon120_150_0058.tif,150,142.13960293813335,16.631033270965954,265.8990545910773,152.98494641000613,132.2040509325604,5368776750.8111,0.0016479492187437136,0.009052276611293594,0.0021018981933513567,0.01789474487297861,0.006484985351537762,0.05295181274393863,0.0030174255370978642,0.029998779296760564,0.8595695495572678,0.01728057861321533,0.0,0.0,0.0,0.0,0.0,0.0,0.0,0.0,0.0,0.0,24.26216915054887,85.364373296536,667.0067465925663
preprocessed_images/Canon120/150/Canon120_150_0070.tif,150,133.36506483602057,15.548507340226971,262.60667062357044,142.7349396827231,124.68769230458284,4725931140.507253,0.002479553222646791,0.008579254150357898,0.002315521240225542,0.016880035400326232,0.005828857421852764,0.062191009521247134,0.004379272460920795,0.033596038818231214,0.8451995849577133,0.01855087280266361,0.0,0.0,0.0,0.0,0.0,0.0,0.0,0.0,0.0,0.0,19.510798705471675,64.07781184952708,742.3233796668403
preprocessed_images/Canon120/150/Canon120_150_0064.tif,150,144.2448891602364,17.741392240103337,271.4654420771561,154.69636497053813,133.75400585035143,5536833876.12295,0.005756378173806166,0.012321472167921748,0.0036468505859235884,0.017620086669854658,0.00962829589840077,0.07335281372042331,0.004776000976544281,0.03048324584949309,0.8151855468718903,0.027229309081927378,0.0,0.0,0.0,0.0,0.0,0.0,0.0,0.0,0.0,0.0,29.476580549919266,95.27573251540659,875.666603222939
preprocessed_images/Canon120/150/Canon120_150_0065.tif,150,136.29771098910723,17.515895846781586,264.8009726100475,146.24943740080522,126.03030618421667,4950293906.243058,0.04307937622053879,0.04068374633773543,0.01795959472649399,0.027553558349504265,0.024700164794827652,0.0756874084469769,0.02615737915029084,0.060901641845470804,0.589832305905953,0.09344482421839354,0.0,0.0,0.0,0.0,0.0,0.0,0.0,0.0,0.0,0.0,21.92769233948893,66.31798920511417,786.0407114138554
preprocessed_images/Canon120/150/Canon120_150_0071.tif,150,147.2413394088878,16.735893454625767,277.30118963643605,158.10217538463294,137.25095598978857,5756709020.800879,0.0037117004394389658,0.01609420776361048,0.004470825195295445,0.025405883788965584,0.010528564453084836,0.07659530639619218,0.004112243652328063,0.040073394775237754,0.7886352539032415,0.030372619628790388,0.0,0.0,0.0,0.0,0.0,0.0,0.0,0.0,0.0,0.0,39.01637774781457,103.53513208142473,856.0864442332912
preprocessed_images/Canon120/150/Canon120_150_0059.tif,150,136.48681755314968,16.642847279953056,263.6712390425067,146.69692174348856,126.71019716694312,4955998973.164415,0.003303527832018648,0.009120941162074582,0.0019683837890549912,0.017574310302667335,0.006443023681616047,0.062480926513433524,0.003875732421860215,0.03675079345689106,0.8393211364714076,0.01916122436516128,0.0,0.0,0.0,0.0,0.0,0.0,0.0,0.0,0.0,0.0,20.523201505586396,69.5245683272046,803.9328330152961
preprocessed_images/Canon120/150/Canon120_150_0098.tif,150,141.09430814374537,17.010690390773185,271.46197623039143,151.68428505622396,131.1071697626552,5294513816.373274,0.0036964416503765243,0.011295318603472536,0.003200531005847166,0.01847076416008579,0.008266448974577841,0.07584762573213254,0.0037651062011575124,0.03671264648423495,0.8153495788543116,0.023395538329988877,0.0,0.0,0.0,0.0,0.0,0.0,0.0,0.0,0.0,0.0,29.17086935076447,91.6036158943481,811.5417426109393
preprocessed_images/Canon120/150/Canon120_150_0067.tif,150,139.93099231627735,16.315080241460674,266.87259936659905,150.14021405688314,130.42345688251064,5202736435.404046,0.00306320190428519,0.01004409790035231,0.0021476745605386823,0.019535064697191105,0.006366729736303838,0.0781745910641549,0.004268646240218091,0.04205703735335519,0.8113174438445613,0.023025512695224664,0.0,0.0,0.0,0.0,0.0,0.0,0.0,0.0,0.0,0.0,25.68068285014788,79.77712247247518,787.4630150045143
preprocessed_images/Canon120/150/Canon120_150_0073.tif,150,135.8168486411156,15.833641188771978,261.8665579641078,145.3992234114059,126.87476742811171,4901285545.403609,0.004035949707015854,0.01107788085933274,0.0023689270019440884,0.01524353027337935,0.007045745849582497,0.0556068420408035,0.004547119140607654,0.02979660034168321,0.8475914001432511,0.022686004638585333,0.0,0.0,0.0,0.0,0.0,0.0,0.0,0.0,0.0,0.0,19.63131941478368,65.18274201339145,820.002439020763
preprocessed_images/Canon120/150/Canon120_150_0072.tif,150,148.6950460963747,16.889701622960743,282.01903743581073,159.62094148314978,138.55837700012952,5870840382.623748,0.004928588867168699,0.0184745788573514,0.005050659179668233,0.03586959838853504,0.014575958251897522,0.09329986572230034,0.009609222412072719,0.051284790038866865,0.7337989807100914,0.03310775756823308,0.0,0.0,0.0,0.0,0.0,0.0,0.0,0.0,0.0,0.0,54.61607632039547,129.8182403875541,842.3265400069025
preprocessed_images/Canon120/150/Canon120_150_0066.tif,150,142.0077363466887,17.98694672851913,272.80716084154705,151.95179023753087,131.4299255163347,5371259108.70104,0.0032234191894408284,0.009258270263636558,0.0023689270019440884,0.018951416015552707,0.008792877197232082,0.0638236999509284,0.005245208740214366,0.03293609619128061,0.836692810055402,0.018707275390553637,0.0,0.0,0.0,0.0,0.0,0.0,0.0,0.0,0.0,0.0,30.543943908351324,102.84909618160056,883.2349630760775
preprocessed_images/Canon120/150/Canon120_150_0099.tif,150,147.67076389953817,15.732714769828405,286.95019267445343,157.3870958756023,138.75948937679482,5781369080.958658,0.01021957397457039,0.02828216552723586,0.006111145019507938,0.046611785888494066,0.022212982177649637,0.15829467773377115,0.011287689208941316,0.057010650634548146,0.5932579040504713,0.06671142578099551,0.0,0.0,0.0,0.0,0.0,0.0,0.0,0.0,0.0,0.0,71.18418182718796,117.38411430185417,818.0024449841211
preprocessed_images/Canon120/150/Canon120_150_0001.tif,150,140.6433115634658,18.755501265477623,282.8478966756529,152.35763327367175,128.93778927412973,5277564250.425249,0.0005836486816383986,0.006793975830052208,0.0016746520996029867,0.023193359374911522,0.01803970336907181,0.16000366210876463,0.0025405883788965585,0.04436874389631512,0.7202415466281119,0.02256011962882019,0.0,0.0,0.0,0.0,0.0,0.0,0.0,0.0,0.0,0.0,54.52558313022488,135.39256765572839,794.3362008620783
preprocessed_images/Canon120/150/Canon120_150_0015.tif,150,130.56746347242628,16.83223191347562,257.5638049279119,141.00080703316087,120.65246329087039,4543266566.651876,0.0012702941894482793,0.005722045898415672,0.0010871887206989777,0.016559600830014953,0.0045280456542796015,0.06778335571263205,0.003379821777330857,0.03611755371079972,0.8460502624479445,0.017501831054620734,0.0,0.0,0.0,0.0,0.0,0.0,0.0,0.0,0.0,0.0,17.196248589856914,62.63281282411442,816.0024509767112
preprocessed_images/Canon120/150/Canon120_150_0029.tif,150,137.34979989922118,18.378980685824043,266.0079819287115,147.58292489407268,126.38723526236367,5033886866.0550995,0.0030021667480354224,0.009067535400356035,0.0018768310546803404,0.018882751464771717,0.00860595703121717,0.0779533386227495,0.004558563232404485,0.034683227538930196,0.8176116943328186,0.02375793457022187,0.0,0.0,0.0,0.0,0.0,0.0,0.0,0.0,0.0,0.0,23.3165663002091,75.72553710388304,764.257809904485
preprocessed_images/Canon120/150/Canon120_150_0028.tif,150,150.17025050480024,16.18939394291471,286.4518275739956,160.0924241140182,140.80417027956935,5980343661.471554,0.0073394775390345016,0.024646759033109103,0.00519943237302704,0.04200363159163664,0.019042968749927357,0.14183425903266206,0.011886596679642156,0.05384826660135708,0.6389846801733436,0.05521392822244563,0.0,0.0,0.0,0.0,0.0,0.0,0.0,0.0,0.0,0.0,68.7365049270139,125.76021186311318,760.0868371442831
preprocessed_images/Canon120/150/Canon120_150_0014.tif,150,142.87694206033436,18.165731081065232,282.30160385070684,153.7199852134849,131.86474267112663,5437866471.121676,0.002410888671865803,0.016292572021422223,0.0041885375976402715,0.04234313964827597,0.019958496093673863,0.16609573364194452,0.007026672363254445,0.06920242309543914,0.627407073972216,0.045074462890453054,0.0,0.0,0.0,0.0,0.0,0.0,0.0,0.0,0.0,0.0,55.87929583726852,120.20881078044204,762.954782408499
preprocessed_images/Canon120/150/Canon120_150_0016.tif,150,132.08545187369185,17.31378220339861,253.73550175645235,142.6908614635304,121.73949422808286,4652094888.572116,0.0007095336914035433,0.003517150878892833,0.0006752014160130493,0.008468627929655194,0.0040054321288909706,0.052249908447066305,0.0019264221191332763,0.022193908691321585,0.8987808227504777,0.007472991943330867,0.0,0.0,0.0,0.0,0.0,0.0,0.0,0.0,0.0,0.0,12.260847080143806,60.73310948418139,827.3777855369335
preprocessed_images/Canon120/150/Canon120_150_0002.tif,150,141.72223960611944,17.533830245805273,277.7754992025429,151.8005063123585,131.4617651837382,5345805179.830415,0.004234313964827597,0.00988388061519667,0.002536773681630948,0.018844604492115613,0.011219024658160328,0.1115417480464495,0.003967285156234866,0.03861618041977456,0.7755126953095416,0.023643493652253558,0.0,0.0,0.0,0.0,0.0,0.0,0.0,0.0,0.0,0.0,34.703235750106955,102.25304818609561,870.9925372814625
preprocessed_images/Canon120/150/Canon120_150_0003.tif,150,141.58120604214264,18.32211034983302,269.14208231694784,152.24905172409615,130.5022183535274,5342740514.608015,0.0013771057128853718,0.010936737060505155,0.0018844604492115613,0.014911651611271242,0.006366729736303838,0.07077407836887065,0.0028152465820205108,0.028656005859265685,0.8396148681608596,0.02266311645499167,0.0,0.0,0.0,0.0,0.0,0.0,0.0,0.0,0.0,0.0,24.19444730378129,87.09117661046395,893.8232487466412
preprocessed_images/Canon120/150/Canon120_150_0017.tif,150,134.00889278397344,16.17563555350178,266.31302500827314,143.40279781572048,124.89071798656745,4776272732.027932,0.0036926269531109136,0.012371063232374684,0.0026702880859273137,0.019298553466723257,0.008865356445278682,0.088211059569976,0.004711151123028903,0.04127502441390505,0.7909202575653422,0.027984619140518245,0.0,0.0,0.0,0.0,0.0,0.0,0.0,0.0,0.0,0.0,23.3701457338097,72.55821663505048,735.9252679450543
preprocessed_images/Canon120/150/Canon120_150_0013.tif,150,146.47595233778736,16.302664929570682,285.83607482862055,156.35494349209216,137.15902750472094,5694024973.567292,0.01498794555658345,0.034164428710807174,0.008197784423796853,0.048404693603330974,0.01865386962883509,0.1433105468744533,0.012954711914013081,0.07794189453095267,0.5735931396462494,0.06779098510716328,0.0,0.0,0.0,0.0,0.0,0.0,0.0,0.0,0.0,0.0,62.68196121225428,107.58780089218709,793.0762888902933
preprocessed_images/Canon120/150/Canon120_150_0007.tif,150,139.91035442266153,16.126362600396554,277.1845575396883,149.81292034762816,130.640117915607,5199617548.719028,0.0031127929687381254,0.015094757080020543,0.0038108825683448376,0.026172637939353285,0.009845733642540567,0.08637237548795176,0.0051040649413867795,0.04758071899395912,0.7739791870087662,0.028926849365124026,0.0,0.0,0.0,0.0,0.0,0.0,0.0,0.0,0.0,0.0,36.21707817842226,95.19685053506083,825.0490894486219
preprocessed_images/Canon120/150/Canon120_150_0006.tif,150,141.90629028290292,17.021375903976853,275.7064489549999,152.41777911082045,131.9197001299524,5354847590.02841,0.0019569396972581596,0.008651733398404495,0.001976013183586212,0.019878387451096043,0.011203765869097885,0.1326828002924626,0.0025100708007716748,0.04089736938460961,0.756893157956097,0.02334976196280155,0.0,0.0,0.0,0.0,0.0,0.0,0.0,0.0,0.0,0.0,36.03878729164817,96.95614305051741,851.357739143775
preprocessed_images/Canon120/150/Canon120_150_0012.tif,150,145.21146944292116,16.683271137920567,269.9299208927357,155.9526581215709,135.25794483124903,5600628544.27674,0.0021820068359291764,0.011840820312454831,0.0030441284179571373,0.019306182861254476,0.006225585937476251,0.05946350097633566,0.002910614013660772,0.03483581542955461,0.8374061584440712,0.022785186767491205,0.0,0.0,0.0,0.0,0.0,0.0,0.0,0.0,0.0,0.0,28.46433907225635,93.114555349329,839.2818358573
preprocessed_images/Canon120/150/Canon120_150_0038.tif,150,145.39912177901238,17.83073355261743,272.58439066492906,155.90760926715836,134.76768595698988,5625306067.273646,0.004779815673809891,0.011459350585893785,0.0034332275390494033,0.019695281982346744,0.00987625122066545,0.08942413330044012,0.004425048828108119,0.04471206665022006,0.7847900390595063,0.02740478515614546,0.0,0.0,0.0,0.0,0.0,0.0,0.0,0.0,0.0,0.0,30.270419565884467,95.1751081802778,847.0053128522867
preprocessed_images/Canon120/150/Canon120_150_0004.tif,150,143.44016461844532,16.634973341657574,280.2452827397563,153.36923415630895,133.9177234138153,5466175088.582815,0.0027046203613178077,0.012756347656201338,0.0026702880859273137,0.02837753295887612,0.014465332031194818,0.16138839721618123,0.004238128662093207,0.04288864135725827,0.6962127685520316,0.034297943115103535,0.0,0.0,0.0,0.0,0.0,0.0,0.0,0.0,0.0,0.0,47.27236197310394,109.10280105461919,817.0201955888239
preprocessed_images/Canon120/150/Canon120_150_0010.tif,150,135.31474804240804,18.026635048399793,272.93580171296196,145.8587007742936,124.4877261039286,4885064085.392212,0.001983642578117433,0.009227752685511674,0.0022201538085852806,0.028652191162000074,0.012783050537060612,0.1541862487787087,0.0054779052734166035,0.04565811157209145,0.7079315185519869,0.031879425048706514,0.0,0.0,0.0,0.0,0.0,0.0,0.0,0.0,0.0,0.0,34.376710401618915,86.15540572470606,826.7720362953745
preprocessed_images/Canon120/150/Canon120_150_0011.tif,150,132.47625311823427,17.085057511839306,254.95217670375405,143.23669495627936,122.21925432732506,4677135716.956066,0.0008850097656216239,0.005435943603494888,0.001415252685541476,0.009475708007776354,0.003448486328111845,0.04527664184553041,0.0019912719726486536,0.024543762206937624,0.8966941833461888,0.010833740234333672,0.0,0.0,0.0,0.0,0.0,0.0,0.0,0.0,0.0,0.0,12.679028982407242,59.08223003533332,818.2640160730521
preprocessed_images/Canon120/150/Canon120_150_0005.tif,150,134.2042941527568,16.831090542568408,264.79883895429305,143.80667959879597,124.54427129490519,4795682829.86527,0.0025672912597558316,0.010501861572225563,0.0017776489257744687,0.019218444824145437,0.0115737915038621,0.11006927490192386,0.007160186767550811,0.04535293579084262,0.7585220336885127,0.033256530761591886,0.0,0.0,0.0,0.0,0.0,0.0,0.0,0.0,0.0,0.0,20.376315953265767,77.3556419413133,823.0054677825658
preprocessed_images/Canon120/150/Canon120_150_0039.tif,150,138.82275424835439,15.920591552902879,265.82861637039736,148.84466106000568,129.72187945070706,5118419883.129144,0.004440307617170561,0.011795043945267505,0.0023727416992096986,0.019432067871019622,0.006690979003880726,0.06215286254859103,0.004566192626935707,0.03514099121080345,0.827331542965594,0.026077270507713024,0.0,0.0,0.0,0.0,0.0,0.0,0.0,0.0,0.0,0.0,23.363273067054067,70.22463819882789,585.1922760939348
preprocessed_images/Canon120/150/Canon120_150_0020.tif,150,142.0499875348892,16.969243658627896,270.35491651808525,152.9490771482832,131.96696587906808,5365079523.72333,0.0019798278808518224,0.008609771728482781,0.0019493103027269389,0.01668930053704571,0.0068664550780988065,0.07344436645479796,0.0028228759765517317,0.03706359863267111,0.8333702087370553,0.017204284667903122,0.0,0.0,0.0,0.0,0.0,0.0,0.0,0.0,0.0,0.0,26.773315690439507,93.37798049921064,839.1340774870247
preprocessed_images/Canon120/150/Canon120_150_0034.tif,150,132.83680052468688,17.59493767155416,267.8436877300844,142.8606796887847,122.60049810433588,4706847268.61531,0.0012321472167921748,0.0064926147460689825,0.0015983581542907777,0.01575851440423676,0.008579254150357898,0.12050247192336844,0.0031394958495973985,0.039566040038911565,0.7843780517548203,0.018753051757740963,0.0,0.0,0.0,0.0,0.0,0.0,0.0,0.0,0.0,0.0,24.648160870650482,75.74206891298223,802.1496119802091
preprocessed_images/Canon120/150/Canon120_150_0008.tif,150,143.9376688549511,16.749427677326242,275.79246714274825,154.62705073030497,133.94691617694286,5504655908.645251,0.0028648376464734462,0.013954162597603018,0.0036087036132674837,0.026702880859273137,0.0117568969726114,0.10446548461874212,0.0043754577636551835,0.04541397094709238,0.7583770751924195,0.028480529785047604,0.0,0.0,0.0,0.0,0.0,0.0,0.0,0.0,0.0,0.0,37.09750472216694,99.48248771771348,847.1564200311534
preprocessed_images/Canon120/150/Canon120_150_0009.tif,150,141.1306856604059,16.313657348522565,275.9407393421556,150.77680851632985,131.85781680705705,5291116029.820613,0.0024414062499906867,0.015228271484316908,0.0037231445312357974,0.032764434814328135,0.015354156494082054,0.13087081909129764,0.00884628295895063,0.053970336913856616,0.6829605102513009,0.053840637206825866,0.0,0.0,0.0,0.0,0.0,0.0,0.0,0.0,0.0,0.0,39.665523810970484,90.73518958824525,693.0064934760712
preprocessed_images/Canon120/150/Canon120_150_0035.tif,150,149.14146807341544,16.1821241776165,283.2024345259597,159.44519097703096,139.6260750442209,5899560849.766716,0.007450103759737205,0.023666381835847218,0.005546569824197592,0.03875732421860215,0.016677856445248877,0.1299476623530199,0.009178161621058738,0.056591033935331,0.6646423339818396,0.04754257202130301,0.0,0.0,0.0,0.0,0.0,0.0,0.0,0.0,0.0,0.0,56.11450344914711,109.4906669209407,867.8859372060363
preprocessed_images/Canon120/150/Canon120_150_0021.tif,150,148.14829934126564,16.440019631451474,279.43515220589893,157.74062915069334,138.74743084243616,5824365944.68566,0.004974365234356024,0.019821166992111887,0.00502395629880896,0.030883789062382188,0.016628265380795943,0.08960723876918943,0.008159637451140749,0.04258728027327504,0.7431106567354465,0.03920364379867857,0.0,0.0,0.0,0.0,0.0,0.0,0.0,0.0,0.0,0.0,47.721157235195165,112.81622178778933,837.7171360310114
preprocessed_images/Canon120/150/Canon120_150_0037.tif,150,148.18745039354496,16.859904432172247,281.4204742958058,158.5989354005706,138.31262489642,5831072633.7433,0.004703521728497683,0.011608123779252593,0.0037879943847511748,0.03191757202136262,0.017425537109308525,0.18227767944266404,0.006843566894505143,0.05393218994120051,0.65224075317134,0.03526306152330298,0.0,0.0,0.0,0.0,0.0,0.0,0.0,0.0,0.0,0.0,50.029504039702566,110.81737700973945,833.0006002398798
preprocessed_images/Canon120/150/Canon120_150_0023.tif,150,135.0583515303205,16.59444369937723,250.44057429263268,145.70624228438683,125.28642296104287,4853893399.780897,0.0018424987792898463,0.005580902099588086,0.001346588134760488,0.010036468505821088,0.005649566650369074,0.04761886596661522,0.0025100708007716748,0.02776718139637845,0.884685516354047,0.012962341308544302,0.0,0.0,0.0,0.0,0.0,0.0,0.0,0.0,0.0,0.0,10.465511391501582,51.32857012947582,775.4031209635411
preprocessed_images/Canon120/150/Canon120_150_0022.tif,150,137.83275207997926,17.30402838515577,262.8936488730719,149.0146215022736,127.34012632390252,5058670610.16535,0.0009307861328089493,0.005336761474589016,0.0013046264648387733,0.013896942138618862,0.005645751953103463,0.06384277343725646,0.002803802490223679,0.02944946289051266,0.8591537475553163,0.017635345458917102,0.0,0.0,0.0,0.0,0.0,0.0,0.0,0.0,0.0,0.0,20.182330837113756,79.79137936988778,821.0736873143603
preprocessed_images/Canon120/150/Canon120_150_0036.tif,150,139.28588358773612,17.444216729866028,266.59194069789,149.5093788369513,128.91308921497514,5165510312.364586,0.003883361816391436,0.012153625488234888,0.0022468566894445537,0.021167755126872377,0.014774322509709266,0.13650512695260428,0.004989624023418466,0.041156768798671126,0.7215309143038882,0.04159164428695072,0.0,0.0,0.0,0.0,0.0,0.0,0.0,0.0,0.0,0.0,27.315242307109067,79.89734011876139,848.7001826322414
preprocessed_images/Canon120/150/Canon120_150_0032.tif,150,142.65858906099817,16.852411218370587,273.53225584162055,153.3050222601236,132.66576655661063,5409466429.406659,0.0020828247070233045,0.011066436767535909,0.0027885437011612377,0.02470397949209326,0.008125305175750254,0.08554077148404869,0.0050544738769338435,0.04614639282208959,0.7841567993134149,0.030334472656134284,0.0,0.0,0.0,0.0,0.0,0.0,0.0,0.0,0.0,0.0,33.258176711469616,96.27309331577,802.0224435762381
preprocessed_images/Canon120/150/Canon120_150_0026.tif,150,145.12560115000957,16.806374407666272,286.92594063605355,154.60493858375258,135.59071058839532,5595173835.212669,0.008491516113248858,0.017662048339776373,0.005390167236307563,0.03455352783189944,0.02043533325187517,0.17257690429621667,0.008403778076139817,0.05543518066385103,0.6337852478003166,0.0432662963865537,0.0,0.0,0.0,0.0,0.0,0.0,0.0,0.0,0.0,0.0,61.84374888715034,118.47411134596204,771.1095901361881
preprocessed_images/Canon120/150/Canon120_150_0027.tif,150,132.58708499016495,17.13206232799617,270.3959262763046,142.49145530643736,122.66512924711425,4685258467.783361,0.0018920898437427822,0.007759094238251651,0.0016212463378844405,0.019954681396408252,0.010627746581990708,0.13959884643501436,0.0033988952636589092,0.04110336303695258,0.7467269897432451,0.027317047119036417,0.0,0.0,0.0,0.0,0.0,0.0,0.0,0.0,0.0,0.0,29.04502620238493,82.02817214998169,793.348599292896
preprocessed_images/Canon120/150/Canon120_150_0033.tif,150,139.94732707950013,16.263972627701012,265.1962616680549,150.04871438108123,130.58342373861402,5203498411.578148,0.0021858215331947866,0.01056289672847533,0.0022773742675694375,0.01558303833001868,0.006465911865209709,0.06083679199195542,0.003276824951159375,0.036800384521343994,0.8427505493131914,0.019260406494067153,0.0,0.0,0.0,0.0,0.0,0.0,0.0,0.0,0.0,0.0,21.505272650625717,74.1286157657505,649.1378898200289
preprocessed_images/Canon120/150/Canon120_150_0019.tif,150,142.57509053031325,18.530445646925177,278.3493176506809,153.20837537555664,131.4206947783793,5418787499.04258,0.0020942687988201357,0.00911331176754336,0.0019569396972581596,0.02709960937489662,0.015357971191347663,0.10553359985311304,0.006072998046851833,0.043834686279129655,0.7620468139619367,0.026889801025288047,0.0,0.0,0.0,0.0,0.0,0.0,0.0,0.0,0.0,0.0,41.6016367679614,121.3121930019764,855.6938704934142
preprocessed_images/Canon120/150/Canon120_150_0025.tif,150,129.6766412009386,17.634979529788104,267.63949250053776,139.25383518983244,119.58279225928054,4489746520.7810955,0.0032806396484249853,0.008068084716766098,0.0019989013671798746,0.01883697509758439,0.011795043945267505,0.08654403686490424,0.004386901855452015,0.03536987304674007,0.804210662838729,0.025508880615137064,0.0,0.0,0.0,0.0,0.0,0.0,0.0,0.0,0.0,0.0,22.294194124764623,73.9928467748231,708.1765316642454
preprocessed_images/Canon120/150/Canon120_150_0031.tif,150,141.90724841842942,16.61276323543395,269.06456989803286,152.30198336967266,132.151107161294,5351316142.425748,0.001941680908195718,0.009662628173791264,0.002548217773427779,0.017738342285088582,0.006481170654272151,0.05868530273415113,0.002998352050769812,0.03332138061510726,0.8497619628873834,0.01686096191399818,0.0,0.0,0.0,0.0,0.0,0.0,0.0,0.0,0.0,0.0,26.553116561388013,90.50489183636378,765.1013004824916
preprocessed_images/Canon120/150/Canon120_150_0030.tif,150,150.28277227598477,18.168638717571568,279.2341135212575,161.2689887450842,139.2306998956761,6007032663.455861,0.0023880004882721405,0.012928009033153809,0.0034675598144398973,0.027191162109271274,0.012466430664014944,0.0761642456051782,0.004413604736311289,0.04250335693343161,0.7943916320770478,0.02408599853506437,0.0,0.0,0.0,0.0,0.0,0.0,0.0,0.0,0.0,0.0,44.081964911728,126.49527109207256,871.6627788313551
preprocessed_images/Canon120/150/Canon120_150_0024.tif,150,141.26269129750617,17.096803908985496,277.92163482709066,151.3984150844555,131.30567982198517,5307747180.613947,0.0021820068359291764,0.009902954101524723,0.002700805664052197,0.023391723632723266,0.01243209838862445,0.12073135375930506,0.004535675048810823,0.04645919799786965,0.7526168823213477,0.0250473022459982,0.0,0.0,0.0,0.0,0.0,0.0,0.0,0.0,0.0,0.0,40.53189377935962,110.49749396661167,820.1097487531775
preprocessed_images/Canon120/150/Canon120_150_0018.tif,150,132.8935241021011,16.126003033208605,263.8135950690633,142.09207891014995,123.93466105518866,4697813607.278912,0.0019645690917893806,0.009181976318324347,0.0019149780273364449,0.014472961425726039,0.0057296752929468925,0.08562850952115772,0.002689361572255366,0.03049850463855553,0.8252525329558362,0.02266693115225728,0.0,0.0,0.0,0.0,0.0,0.0,0.0,0.0,0.0,0.0,20.371089007590882,63.26158062159423,747.2723733686399
preprocessed_images/Canon120/150/Canon120_150_0080.tif,150,141.84204418747294,17.293264856868834,272.40044598674274,152.37750919983128,131.63569431009887,5352514521.318254,0.004161834716780999,0.013263702392527528,0.0024490356445219076,0.02119827270499726,0.010749816894490243,0.11341476440386423,0.005516052246072708,0.04079818725570374,0.755149841305713,0.0332984924315136,0.0,0.0,0.0,0.0,0.0,0.0,0.0,0.0,0.0,0.0,32.57689857591244,89.69996015961561,825.0296964352253
preprocessed_images/Canon120/150/Canon120_150_0094.tif,150,144.40453295003095,16.46403362689624,271.8400638095397,154.67200065383162,134.68701109034154,5537460005.053173,0.0023307800292879837,0.011970520019485585,0.003059387207019579,0.021598815917886358,0.009307861328089494,0.06983947753879609,0.003337860107409142,0.04064941406234494,0.8140563964812696,0.02384948730459652,0.0,0.0,0.0,0.0,0.0,0.0,0.0,0.0,0.0,0.0,30.405016794824856,95.84923542305617,843.8068499366428
preprocessed_images/Canon120/150/Canon120_150_0043.tif,150,135.22763322899252,16.79685252741229,269.7573168772998,144.83066614854243,125.57160351463335,4867659410.582417,0.006370544433569448,0.01753234863274562,0.0038299560546728897,0.02809524536122095,0.017944335937431548,0.16196060180602279,0.006202697753882588,0.05473709106424432,0.6444320678686354,0.05889511108375971,0.0,0.0,0.0,0.0,0.0,0.0,0.0,0.0,0.0,0.0,32.01787942420091,68.58198050114947,820.1975371823546
preprocessed_images/Canon120/150/Canon120_150_0057.tif,150,132.19518859446208,16.447740624536973,254.65698742670267,142.40679585102575,122.59831590515289,4652032605.337011,0.0014953613281192956,0.005180358886698988,0.0012702941894482793,0.011619567871049424,0.003101348876941294,0.05271530151347078,0.0030174255370978642,0.02791595458973726,0.8791427612271151,0.014541625976507027,0.0,0.0,0.0,0.0,0.0,0.0,0.0,0.0,0.0,0.0,13.610725712505378,55.9029862083815,782.2071336928601
preprocessed_images/Canon120/150/Canon120_150_0056.tif,150,137.28482351980043,17.736517636818274,281.57415105077735,146.67109567249983,127.17725083018343,5023126474.3899555,0.004367828369123963,0.014038085937446449,0.0030097961425666433,0.02616119384755645,0.015735626220643097,0.10186004638633019,0.004096984863265621,0.04355239868147449,0.7577896118135155,0.029388427734262892,0.0,0.0,0.0,0.0,0.0,0.0,0.0,0.0,0.0,0.0,43.619011600911044,117.55419969875831,833.0006002398798
preprocessed_images/Canon120/150/Canon120_150_0042.tif,150,143.37943254567182,16.307548070535933,275.8477862026676,153.6120671432682,133.87748611233596,5458781221.995599,0.005649566650369074,0.01609039306634487,0.0038986206054538778,0.02853393554676615,0.01038360595699164,0.08819961547817917,0.007850646972626302,0.04713058471661708,0.7610282897920188,0.03123474121081835,0.0,0.0,0.0,0.0,0.0,0.0,0.0,0.0,0.0,0.0,38.022848284355995,94.83144467631553,806.9919454368799
preprocessed_images/Canon120/150/Canon120_150_0095.tif,150,144.6867153738024,17.761620027884458,270.44012471458825,155.5996274896679,133.8684696924881,5570486796.727,0.0019035339355396134,0.009220123290980453,0.0023727416992096986,0.017154693603450184,0.008049011230438045,0.06380081176733474,0.002681732177724145,0.03790664672837102,0.8383102416960209,0.018600463867116543,0.0,0.0,0.0,0.0,0.0,0.0,0.0,0.0,0.0,0.0,26.62378489894352,97.56380811055506,872.2304741294012
preprocessed_images/Canon120/150/Canon120_150_0081.tif,150,139.46613168062527,17.46271158553412,280.62072735644347,149.68098189735593,129.16162054862295,5178850851.389978,0.002910614013660772,0.009807586669884462,0.0023040771484287106,0.025074005126857476,0.01676940917962353,0.13183212280223147,0.005081176757793117,0.04326248168928809,0.7310714721651799,0.031887054443237736,0.0,0.0,0.0,0.0,0.0,0.0,0.0,0.0,0.0,0.0,50.72679293053118,116.02089824549292,821.4438507895716
preprocessed_images/Canon120/150/Canon120_150_0097.tif,150,145.84505169995919,18.32019322291063,270.6127041928263,157.7166489890408,134.43196465391603,5663990372.129456,0.0017547607421808061,0.006584167480443633,0.0017051696777278702,0.018363952636648695,0.010269165039023326,0.05271530151347078,0.002841949462879784,0.030353546142462336,0.8621864318814766,0.013225555419871422,0.0,0.0,0.0,0.0,0.0,0.0,0.0,0.0,0.0,0.0,29.51465527859972,113.26014535845104,830.7935965087839
preprocessed_images/Canon120/150/Canon120_150_0083.tif,150,143.41823877518075,16.001433942790115,276.3266244225625,153.63869795068607,134.1593999363365,5459106097.161891,0.0034751892089711182,0.017700195312432478,0.004295349121077365,0.028644561767468855,0.0107345581054278,0.08946609497036184,0.005332946777323406,0.0521011352537075,0.7573699951142984,0.030879974365116577,0.0,0.0,0.0,0.0,0.0,0.0,0.0,0.0,0.0,0.0,38.60755306575654,95.8319697000291,825.0490894486219
preprocessed_images/Canon120/150/Canon120_150_0054.tif,150,138.58738739008658,16.647294540909922,273.91464315783475,148.56099640240657,129.0001671826801,5107507883.970853,0.0018157958984305732,0.009395599365198534,0.0017738342285088583,0.019405364990160347,0.011280059814410095,0.10083389282188097,0.002700805664052197,0.03657531738267297,0.7935485839813479,0.022670745849522892,0.0,0.0,0.0,0.0,0.0,0.0,0.0,0.0,0.0,0.0,32.73705260728737,94.95162323164631,723.1320764563
preprocessed_images/Canon120/150/Canon120_150_0040.tif,150,144.7786432992652,16.456912303910944,278.2035014965536,155.036344639508,135.23731700535956,5565758968.47109,0.002765655517567575,0.014575958251897522,0.0034637451171742866,0.025924682617088603,0.012496948242139828,0.11430358886675146,0.004035949707015854,0.04253005981429089,0.7506408691377615,0.029262542724497746,0.0,0.0,0.0,0.0,0.0,0.0,0.0,0.0,0.0,0.0,41.96066156800634,102.96879194435007,798.3608206819771
preprocessed_images/Canon120/150/Canon120_150_0068.tif,150,139.6457514553367,15.769751309488512,264.8604809295417,149.42130458384688,130.71340408690884,5177244635.86051,0.003227233886706439,0.010833740234333672,0.0023384094238192046,0.01660156249993667,0.004943847656231141,0.05569839477517815,0.002487182617178012,0.034358978271353306,0.8499565124479295,0.019554138183519157,0.0,0.0,0.0,0.0,0.0,0.0,0.0,0.0,0.0,0.0,20.684685908014707,69.3005968514334,571.2617613668887
preprocessed_images/Canon120/150/Canon120_150_0069.tif,150,154.57637127380406,15.77602143880792,288.2721884886015,164.55953218655407,145.5148049053172,6328873755.2438755,0.009586334228479055,0.03979110717758258,0.007331848144503281,0.048751831054501524,0.021015167236247956,0.11626815795854084,0.01029968261714821,0.06495666503881471,0.606773376462529,0.07522583007783804,0.0,0.0,0.0,0.0,0.0,0.0,0.0,0.0,0.0,0.0,75.02563926748378,122.03353121888672,766.1279266545503
preprocessed_images/Canon120/150/Canon120_150_0041.tif,150,140.83317218969455,15.987383635446736,272.1297123667154,150.49071231427382,131.83973991094797,5266362551.374736,0.002655029296864872,0.011241912841753991,0.002536773681630948,0.019466400146410115,0.008865356445278682,0.09720230102501982,0.0038681030273289944,0.0391044616697727,0.7901496887176889,0.024909973144436225,0.0,0.0,0.0,0.0,0.0,0.0,0.0,0.0,0.0,0.0,29.678186865486087,85.36382805575133,827.0731527501059
preprocessed_images/Canon120/150/Canon120_150_0055.tif,150,137.14614066810458,15.820586809319938,265.3553007759867,146.9729541361769,128.16657255282547,4996295522.293318,0.004096984863265621,0.01123809814448838,0.002658843994130482,0.018615722656178987,0.006694793701146336,0.061305999755625507,0.004390716552717625,0.03458786010728993,0.8329620361296349,0.023448944091707422,0.0,0.0,0.0,0.0,0.0,0.0,0.0,0.0,0.0,0.0,21.645208114141305,68.66590295640238,750.2452932208239
preprocessed_images/Canon120/150/Canon120_150_0082.tif,150,142.97060117944457,18.50295191800224,267.2249912134058,154.58220651699082,131.52907528578643,5448126177.290931,0.0009994506835899373,0.005661010742165904,0.0012588500976514479,0.01951217651359744,0.0074577331542684255,0.07001113891574855,0.0016822814941342076,0.044486999511549045,0.8329048156706508,0.016025543212829493,0.0,0.0,0.0,0.0,0.0,0.0,0.0,0.0,0.0,0.0,23.771813093926973,94.76178477157393,874.8051211555634
preprocessed_images/Canon120/150/Canon120_150_0096.tif,150,135.24778787673588,16.06758040427445,268.03889454844403,145.06651633070115,126.09989300420534,4862805610.48902,0.0022430419921789435,0.010585784912068992,0.0027046203613178077,0.015991210937438997,0.00579071044919666,0.0644760131833478,0.0036735534667828615,0.038043975829933,0.8379821777311783,0.018508911132741893,0.0,0.0,0.0,0.0,0.0,0.0,0.0,0.0,0.0,0.0,23.185551529812003,77.35432881253149,700.5783325224953
preprocessed_images/Canon120/150/Canon120_150_0092.tif,150,146.63569650250247,16.9727768785511,275.7667333910713,157.64886100720258,136.3811950064718,5712144667.441391,0.0022315979003821123,0.010375976562460419,0.0028152465820205108,0.020927429199138918,0.009975433349571322,0.07711791992158082,0.0036506652831891986,0.03805160522446422,0.8154182434050925,0.019435882568285233,0.0,0.0,0.0,0.0,0.0,0.0,0.0,0.0,0.0,0.0,35.2793736500325,109.03226866356984,867.6404785393545
preprocessed_images/Canon120/150/Canon120_150_0086.tif,150,145.91428558094293,17.512367737127605,273.4091639193026,157.23168313999838,135.21740774885987,5661697444.507121,0.0022811889648350478,0.010234832763632832,0.0018539428710866777,0.022327423095617954,0.010158538818320623,0.061332702636484784,0.003116607666003736,0.035701751708848185,0.8346481323210347,0.018344879150320643,0.0,0.0,0.0,0.0,0.0,0.0,0.0,0.0,0.0,0.0,33.616709843250774,109.202607840577,864.0115739965524
preprocessed_images/Canon120/150/Canon120_150_0079.tif,150,138.2469186569301,16.952995922341994,270.1885103647014,149.19296890422262,128.13019580784825,5085492566.787041,0.001415252685541476,0.010887145996052219,0.002784729003895627,0.020748138427655227,0.007369995117159385,0.09947586059532365,0.0049858093261528555,0.04778671264630208,0.7719306945771334,0.03261566162096933,0.0,0.0,0.0,0.0,0.0,0.0,0.0,0.0,0.0,0.0,29.96867519892719,86.52654673298854,814.0024569987488
preprocessed_images/Canon120/150/Canon120_150_0051.tif,150,136.999802729594,17.621659712924664,259.32261062745494,148.0998590825084,126.29730639105426,5001568279.32709,0.0024833679199124017,0.007213592529269357,0.0019874572753830434,0.015560150146425018,0.007820129394501418,0.05164337158183425,0.004081726074203179,0.03312301635729552,0.8619537353482744,0.01413345336908671,0.0,0.0,0.0,0.0,0.0,0.0,0.0,0.0,0.0,0.0,17.22621703532617,73.50982636907467,832.7232433407872
preprocessed_images/Canon120/150/Canon120_150_0045.tif,150,138.9917210338836,16.87394496806964,261.97255813215145,149.39520588777225,128.98220177729448,5138921169.812552,0.0024566650390531286,0.0076599121093457795,0.0015945434570251672,0.012233734130812707,0.005603790283181748,0.05007171630840274,0.003982543945297307,0.02895736694324891,0.8731269836392473,0.014312744140570401,0.0,0.0,0.0,0.0,0.0,0.0,0.0,0.0,0.0,0.0,18.979753542057793,78.92904753303439,837.6502850235294
preprocessed_images/Canon120/150/Canon120_150_0044.tif,150,130.97713631254533,16.580350463038375,261.6466963606228,140.64762354802326,121.48908283527084,4569148491.854583,0.006568908691381191,0.013332366943308516,0.0031280517578005673,0.019714355468674796,0.012836456298779157,0.12363433837843461,0.005302429199198522,0.046798706054508976,0.727466583249178,0.04121780395492089,0.0,0.0,0.0,0.0,0.0,0.0,0.0,0.0,0.0,0.0,20.870136783218168,57.472411837866055,824.2293370173134
preprocessed_images/Canon120/150/Canon120_150_0050.tif,150,144.34512135146423,17.708506018762485,269.9366060238148,155.6875854716967,133.48459468653007,5544111044.922041,0.002700805664052197,0.008674621581998158,0.0021209716796794092,0.018024444580009368,0.010890960693317828,0.07649993896455193,0.002853393554676615,0.03660583496079786,0.8218612670867086,0.01976776123039334,0.0,0.0,0.0,0.0,0.0,0.0,0.0,0.0,0.0,0.0,27.693766280990733,93.50976921427706,819.0738672427536
preprocessed_images/Canon120/150/Canon120_150_0078.tif,150,140.65689424032018,16.767562704331265,269.73712959482225,150.62306654960787,130.90568175743624,5260053854.65071,0.004032135009750243,0.010791778564411957,0.002655029296864872,0.019981384277267526,0.009841918945274955,0.09637832641564797,0.005184173583964599,0.040664672851407374,0.7811355590790514,0.029335021972544346,0.0,0.0,0.0,0.0,0.0,0.0,0.0,0.0,0.0,0.0,29.432676838444195,84.89119756390048,794.2757707496811
preprocessed_images/Canon120/150/Canon120_150_0087.tif,150,146.35296867592243,16.606998857369174,272.1453094262406,157.22043225166297,136.35144401149572,5687209846.716285,0.0027885437011612377,0.012134552001906836,0.0031280517578005673,0.02308273315420882,0.008617401123014002,0.07691192626923785,0.003849029541000942,0.044570922851392476,0.798580169674688,0.026336669921774532,0.0,0.0,0.0,0.0,0.0,0.0,0.0,0.0,0.0,0.0,31.609838742000818,94.14744716872988,806.0024813857585
preprocessed_images/Canon120/150/Canon120_150_0093.tif,150,141.94422693130542,16.97397567347757,271.40718199021563,152.64214754842664,131.9063376161413,5357248029.468849,0.0019645690917893806,0.009925842285118386,0.0024490356445219076,0.019115447997973954,0.007518768310518193,0.06296539306616605,0.0025520324706933897,0.03275299072253131,0.8437156677213908,0.01704025268548187,0.0,0.0,0.0,0.0,0.0,0.0,0.0,0.0,0.0,0.0,28.115026173481706,93.49244488019112,787.7182237323192
preprocessed_images/Canon120/150/Canon120_150_0085.tif,150,143.47111233475775,18.373194754879275,269.7479616195508,154.43031506362757,132.19030140655872,5484454703.287082,0.0024909973144436226,0.009227752685511674,0.0022964477538974896,0.0165405273436869,0.009075164794887255,0.06801605224583429,0.0035285949706896644,0.03279113769518741,0.8376235961882109,0.01840972900383602,0.0,0.0,0.0,0.0,0.0,0.0,0.0,0.0,0.0,0.0,26.8947052734127,93.8416290943599,854.0210770232782
preprocessed_images/Canon120/150/Canon120_150_0091.tif,150,141.88423452900534,17.15821605123135,272.62338726147203,152.42584947115003,131.689498076015,5354432858.932515,0.0034980773925647806,0.01167678833003358,0.002536773681630948,0.02451705932607835,0.012985229492137965,0.12440109252882232,0.004398345947248847,0.04137802124007653,0.7390785217256962,0.03553009033189571,0.0,0.0,0.0,0.0,0.0,0.0,0.0,0.0,0.0,0.0,34.50459838034103,88.66352356148458,840.0964230372606
preprocessed_images/Canon120/150/Canon120_150_0046.tif,150,136.38873023598137,16.999367494450784,264.1460722211314,147.0520424255519,126.35893781255726,4952126712.865014,0.0021858215331947866,0.008106231689422202,0.0016021728515563881,0.019546508788987935,0.00629806518552285,0.0756530761715864,0.00468444824216963,0.037952423095558345,0.8205184936492137,0.023452758788973033,0.0,0.0,0.0,0.0,0.0,0.0,0.0,0.0,0.0,0.0,22.649801553984293,74.4080971895553,811.3162145550895
preprocessed_images/Canon120/150/Canon120_150_0052.tif,150,137.1121364934632,16.627585613987797,272.84432267459647,146.96609362634027,127.57280372964132,5000715194.113085,0.008583068847623507,0.014698028564397055,0.004753112792950618,0.026714324951069967,0.019905090331955318,0.13479232788034518,0.007827758789032638,0.05413436889627787,0.6876487731907361,0.04094314575179694,0.0,0.0,0.0,0.0,0.0,0.0,0.0,0.0,0.0,0.0,32.95187579939713,81.17359745233868,735.3257781419063
preprocessed_images/Canon120/150/Canon120_150_0053.tif,150,146.90206836201497,16.918449451022475,278.14311696880236,157.06128174934835,136.9191431561836,5732159093.700017,0.013439178466745609,0.01932144165031692,0.005661010742165904,0.027126312255755895,0.02017593383781366,0.1433410644525782,0.008674621581998158,0.05663681030251832,0.654590606686956,0.05103302001933657,0.0,0.0,0.0,0.0,0.0,0.0,0.0,0.0,0.0,0.0,44.14561679549419,99.65519655595843,848.3030119008183
preprocessed_images/Canon120/150/Canon120_150_0047.tif,150,140.5395919046685,17.96288533532081,267.83385122361767,151.7944677631488,129.5603648176736,5262289703.351261,0.0016326904296812717,0.006397247314428721,0.0017089843749934807,0.016464233398374693,0.010036468505821088,0.07569122314424251,0.002964019775379318,0.03152465820300474,0.8384971618620357,0.015083312988223711,0.0,0.0,0.0,0.0,0.0,0.0,0.0,0.0,0.0,0.0,23.48974228610751,91.84693763146674,839.001787840765
preprocessed_images/Canon120/150/Canon120_150_0090.tif,150,145.12307064597627,17.10913977261762,279.9696214161472,155.94847933317138,134.91813346647865,5597673107.613541,0.0036354064941267568,0.016571044921811787,0.0035438537597521063,0.030086517333869602,0.01320648193354337,0.1268081665034225,0.0077972412109077556,0.0493621826169992,0.7062301635715247,0.04275894165022751,0.0,0.0,0.0,0.0,0.0,0.0,0.0,0.0,0.0,0.0,48.65575503527571,112.83161324650578,832.6403785548716
preprocessed_images/Canon120/150/Canon120_150_0084.tif,150,137.40923996422836,16.88950237275785,260.87977555329644,147.76352387098103,127.5396462347865,5024397267.552512,0.005168914794902157,0.011508941650346721,0.002998352050769812,0.015598297119081122,0.007350921630831333,0.07775878906220338,0.0054779052734166035,0.045398712158029944,0.801723480221551,0.027015686035053194,0.0,0.0,0.0,0.0,0.0,0.0,0.0,0.0,0.0,0.0,17.22544227077264,67.78443802628784,827.1650379458745
preprocessed_images/EpsonV550/300/EpsonV550_300_0001.tif,300,140.96706582694517,18.601485968885903,283.5013847986156,152.479544097087,129.44183296363758,5299956332.130195,0.02442169189443809,0.07907485961883898,0.005268096923808028,0.0783538818356386,0.03050231933582114,0.1597709655755624,0.03143310546863009,0.11208724975543179,0.2656288146962523,0.21345901489176383,0.0,0.0,0.0,0.0,0.0,0.0,0.0,0.0,0.0,0.0,57.61527606827348,140.59352335401746,781.1581145965265
preprocessed_images/EpsonV550/300/EpsonV550_300_0015.tif,300,130.08066541328344,16.63026387152032,258.2051240129527,140.3520244577817,120.39172064087244,4508233286.496808,0.005245208740214366,0.025135040283107243,0.0018424987792898463,0.054862976074009466,0.008125305175750254,0.20936584472576383,0.010421752929647744,0.14746093749943748,0.3970985412582508,0.14044189453071426,0.0,0.0,0.0,0.0,0.0,0.0,0.0,0.0,0.0,0.0,18.944615791575536,61.59118901373635,785.1076359328064
preprocessed_images/EpsonV550/300/EpsonV550_300_0029.tif,300,138.65183456097108,18.0565155846215,266.74004129349373,148.61887145220402,127.8857793272567,5125011926.464744,0.024715423583890093,0.08235549926726396,0.0040893554687344005,0.07477951049776162,0.01618194580071952,0.1336364746088652,0.030170440673713033,0.11139297485309069,0.2915420532215441,0.23113632202060266,0.0,0.0,0.0,0.0,0.0,0.0,0.0,0.0,0.0,0.0,26.53400070293312,76.73800102389,765.4671776111632
preprocessed_images/EpsonV550/300/EpsonV550_300_0028.tif,300,151.56669035081708,16.172422014073618,287.2786731013086,161.44835732457202,142.217250312432,6090656017.99337,0.014762878417912434,0.043708801269364515,0.007286071777315955,0.06581115722631145,0.02809906005848656,0.21461868286050942,0.01871490478508486,0.1275367736811541,0.3400344848619841,0.13942718505806187,0.0,0.0,0.0,0.0,0.0,0.0,0.0,0.0,0.0,0.0,73.2390078839342,131.5107541144404,784.9509538818334
preprocessed_images/EpsonV550/300/EpsonV550_300_0014.tif,300,144.10351393872097,17.84612853069923,283.74217193121723,154.48907368077218,133.47392194940917,5527124582.86436,0.04860687255840833,0.08653640747037301,0.015945434570251674,0.0678787231442723,0.04552459716779508,0.13440322875925292,0.04812622070294141,0.12076187133742995,0.2199859619132233,0.21223068237223727,0.0,0.0,0.0,0.0,0.0,0.0,0.0,0.0,0.0,0.0,61.228863056572415,125.63906605386475,765.3757247260982
preprocessed_images/EpsonV550/300/EpsonV550_300_0016.tif,300,131.93986794578922,17.03580171391679,255.11027983574377,142.38859329285836,121.81278019225773,4639515552.930384,0.021404266357340225,0.08064651489227048,0.0024642944335843495,0.0748138427731521,0.01056671142574094,0.12370300292921561,0.02904510498035795,0.1112861633296536,0.31165313720584237,0.23441696166902765,0.0,0.0,0.0,0.0,0.0,0.0,0.0,0.0,0.0,0.0,15.162892171072102,61.34340213746284,803.0267741489072
preprocessed_images/EpsonV550/300/EpsonV550_300_0002.tif,300,141.334635040464,17.386317095331297,277.58249178785786,151.16436331209044,131.24542227312853,5315693925.934189,0.014083862304633774,0.050342559814261084,0.004013061523422191,0.07614898681611576,0.01915359497063006,0.19626235961839195,0.017700195312432478,0.1281623840327142,0.2947196960437976,0.19941329955978618,0.0,0.0,0.0,0.0,0.0,0.0,0.0,0.0,0.0,0.0,36.23159574492848,99.04263663293857,826.4248302174857
preprocessed_images/EpsonV550/300/EpsonV550_300_0003.tif,300,142.56457032115722,18.36468678293116,269.1283681844843,153.36875084561265,131.38345853023907,5416397945.304869,0.020900726318279644,0.08005905151336647,0.0034027099609245195,0.07587814331025743,0.014129638671821099,0.1395835876459519,0.026435852050680404,0.10837936401325844,0.30133056640510053,0.22990036010654485,0.0,0.0,0.0,0.0,0.0,0.0,0.0,0.0,0.0,0.0,27.348749939327572,87.17245837809632,856.3106912797481
preprocessed_images/EpsonV550/300/EpsonV550_300_0017.tif,300,135.43024120250624,16.049576807455836,267.88551518654157,144.74033265558145,126.53199177013978,4875600303.978561,0.01855850219719483,0.06653213500951183,0.004573822021466927,0.07806396484345221,0.016841888427670128,0.16363906860289137,0.023544311523347686,0.12160110473586425,0.2855491638172701,0.22109603881751597,0.0,0.0,0.0,0.0,0.0,0.0,0.0,0.0,0.0,0.0,27.472505049268406,79.59663491507823,711.4183017044192
preprocessed_images/EpsonV550/300/EpsonV550_300_0013.tif,300,146.96053071897362,16.131853604517964,286.4354516868443,156.6916794912542,137.70703380178037,5729847683.296788,0.03536987304674007,0.08409500122038233,0.011093139648395183,0.07889175415008967,0.030639648437383118,0.1626968383782856,0.032737731933468864,0.11781311035111308,0.22956466674717116,0.2170982360831562,0.0,0.0,0.0,0.0,0.0,0.0,0.0,0.0,0.0,0.0,65.12703724464393,108.0621183744409,769.1878834199093
preprocessed_images/EpsonV550/300/EpsonV550_300_0007.tif,300,141.55958647123322,16.062582413310054,276.6647893593359,151.4996767127708,132.33261416953349,5320769031.55392,0.008869171142544291,0.03808593749985471,0.0057144165038844515,0.061119079589610596,0.01414871215814915,0.20724868774335004,0.012451171874952502,0.1454925537103825,0.35239410400256194,0.1544761657708951,0.0,0.0,0.0,0.0,0.0,0.0,0.0,0.0,0.0,0.0,38.0045071451812,94.08001973830042,798.4985911070852
preprocessed_images/EpsonV550/300/EpsonV550_300_0006.tif,300,141.4972553460319,16.70499987499941,275.99014368710345,151.73873904933933,131.64423986531187,5321662212.678318,0.02637100219716503,0.08502578735319127,0.0055274963378695394,0.07728958129853329,0.025257110595606775,0.14452362060491744,0.03083038330066364,0.10964584350544111,0.282386779784079,0.21314239501871818,0.0,0.0,0.0,0.0,0.0,0.0,0.0,0.0,0.0,0.0,38.188562736681156,94.53208335096582,786.8074732741168
preprocessed_images/EpsonV550/300/EpsonV550_300_0012.tif,300,145.00025813641338,16.557301793043145,270.03762839515986,155.61130262230387,135.26444100572007,5583462492.351344,0.02375793457022187,0.08206939697234318,0.00528335571287047,0.07753753662079796,0.015205383300723246,0.12846374511669745,0.03080749511706998,0.11855697631790711,0.2889442443836634,0.22937393188389063,0.0,0.0,0.0,0.0,0.0,0.0,0.0,0.0,0.0,0.0,30.96437767623654,91.46093308756953,792.5906888173744
preprocessed_images/EpsonV550/300/EpsonV550_300_0038.tif,300,145.26674267840355,17.62845222218069,271.9631044512133,155.7041881636176,134.7611341510888,5613338979.504806,0.035556793212754984,0.09353637695276819,0.005973815917945962,0.06884384155247175,0.020137786865157555,0.11465454101518763,0.0401268005369563,0.11597061157182323,0.2929573059070856,0.2122421264640341,0.0,0.0,0.0,0.0,0.0,0.0,0.0,0.0,0.0,0.0,32.728281386345316,94.54365787156978,814.6471628870993
preprocessed_images/EpsonV550/300/EpsonV550_300_0004.tif,300,143.8349857750768,16.302948125435854,280.7119488485716,153.5496975260904,134.54358331024358,5493041201.282334,0.012458801269483724,0.04741668701153787,0.004966735839824803,0.07711791992158082,0.02756881713856671,0.22082901000892322,0.015445709228456703,0.12728881835888942,0.2806625366200231,0.1862449645988989,0.0,0.0,0.0,0.0,0.0,0.0,0.0,0.0,0.0,0.0,49.52820200439805,106.95634179174819,789.3452983327385
preprocessed_images/EpsonV550/300/EpsonV550_300_0010.tif,300,137.2060831270407,17.729331396325552,274.25688375226713,147.78044515468946,126.60163362986856,5017393807.7073765,0.01482009887689659,0.05705642700173547,0.004615783691388642,0.08117675781219033,0.02249526977530481,0.19783401489182345,0.020816802978436216,0.12442398071241598,0.2760009765614471,0.20075988769454667,0.0,0.0,0.0,0.0,0.0,0.0,0.0,0.0,0.0,0.0,37.717639255548285,89.51584713381762,782.5918476447349
preprocessed_images/EpsonV550/300/EpsonV550_300_0011.tif,300,132.24392894994006,17.33873052509177,255.82467288326714,143.11045783083588,121.81366792337462,4663302768.646827,0.019134521484302006,0.07218933105441212,0.003089904785144463,0.07442474365205984,0.010005950927696206,0.13842010497994073,0.026256561279196712,0.12100601196242902,0.29927062988167086,0.23620223998933332,0.0,0.0,0.0,0.0,0.0,0.0,0.0,0.0,0.0,0.0,15.759455639183571,59.848112317832346,803.7636468514858
preprocessed_images/EpsonV550/300/EpsonV550_300_0005.tif,300,136.6463156098418,16.551973085972417,264.4251969210631,146.43259556433907,127.17524257756473,4966628296.696333,0.019363403320238635,0.06920623779270475,0.004604339599591811,0.08338165283171317,0.027427673339739122,0.17183685302668825,0.024578094482328117,0.1149368286128428,0.26616287231343777,0.21850204467690085,0.0,0.0,0.0,0.0,0.0,0.0,0.0,0.0,0.0,0.0,24.031529323490446,72.12012952362937,788.1624198095212
preprocessed_images/EpsonV550/300/EpsonV550_300_0039.tif,300,139.10755793477054,15.82352999356043,266.54493646247636,149.05689833852722,130.0588232851828,5138362342.056303,0.009853363037071787,0.030525207519414805,0.0035476684570177166,0.05387878417948197,0.01115417480464495,0.20122909545821674,0.011341094970659861,0.14585113525334986,0.3922958374008472,0.14032363891548033,0.0,0.0,0.0,0.0,0.0,0.0,0.0,0.0,0.0,0.0,25.65315399750799,71.6255157780783,596.3354760535382
preprocessed_images/EpsonV550/300/EpsonV550_300_0062.tif,300,148.2077091082355,17.332274395463344,278.90140397227674,158.8565720862081,137.88165522785584,5836880681.325292,0.03203582763659654,0.08191299438445315,0.008850097656216239,0.07545852661104027,0.0253028869627941,0.1362953186029957,0.031066894531131487,0.11339187622027057,0.2732124328602859,0.22247314453040132,0.0,0.0,0.0,0.0,0.0,0.0,0.0,0.0,0.0,0.0,42.14057677001462,117.74032199204862,771.4933570679659
preprocessed_images/EpsonV550/300/EpsonV550_300_0076.tif,300,145.29702811119313,16.587573421073007,279.8122724805915,155.2104504074979,135.7889793053962,5606309617.977089,0.012649536132764245,0.035240173339709316,0.005458831787088551,0.05731964111306259,0.02162551879874563,0.21696090698159423,0.011867523193314104,0.13540649414010847,0.36748504638531687,0.13598632812448125,0.0,0.0,0.0,0.0,0.0,0.0,0.0,0.0,0.0,0.0,47.48833717996901,101.42526533259516,743.0329736963225
preprocessed_images/EpsonV550/300/EpsonV550_300_0089.tif,300,146.64167117078438,15.853547367005252,279.63562979779056,156.3082530818078,137.67424284732317,5702972784.739177,0.011173248290973003,0.04159545898421632,0.005828857421852764,0.0643310546872546,0.019359588622973024,0.20444869995039197,0.012870788574169652,0.14068222045844772,0.34809112548695337,0.15161895751895285,0.0,0.0,0.0,0.0,0.0,0.0,0.0,0.0,0.0,0.0,45.44071360038862,97.33946133492468,719.0563260273843
preprocessed_images/EpsonV550/300/EpsonV550_300_0088.tif,300,139.339005234602,17.270294129345828,271.44190838818713,149.66562941053377,129.12998932036874,5167807578.526857,0.041748046874840745,0.09927749633751191,0.005809783935524712,0.06198501586890417,0.022106170654212547,0.10632705688436002,0.04895782470684449,0.12050247192336844,0.2920989990223232,0.20118713378829503,0.0,0.0,0.0,0.0,0.0,0.0,0.0,0.0,0.0,0.0,30.949361244494003,87.26433228736005,796.5086314661003
preprocessed_images/EpsonV550/300/EpsonV550_300_0077.tif,300,141.18327921370698,16.789773676686853,273.77069546334434,151.10291959795933,131.4722614809357,5299139989.9037485,0.027904510497940425,0.0706863403317616,0.007957458496063394,0.07446289062471595,0.021556854247964642,0.15818023681580284,0.02418136596670463,0.11654663085893041,0.2778320312489401,0.22069168090736124,0.0,0.0,0.0,0.0,0.0,0.0,0.0,0.0,0.0,0.0,36.39667368520774,87.83804496069045,787.0158829401095
preprocessed_images/EpsonV550/300/EpsonV550_300_0063.tif,300,148.12188578580526,16.793910068721207,277.2482073021121,158.91717622195117,138.09831783329196,5825397644.103367,0.011024475097614195,0.03778457641587149,0.006446838378881657,0.05895996093727508,0.018424987792898462,0.19773101806565196,0.012794494628857442,0.14040374755805815,0.3773765563950448,0.13905334472603206,0.0,0.0,0.0,0.0,0.0,0.0,0.0,0.0,0.0,0.0,41.286200954229685,99.75938284902739,684.0029239703584
preprocessed_images/EpsonV550/300/EpsonV550_300_0075.tif,300,138.80623995648438,17.30997855108436,262.72477337559667,149.20843283214316,128.49107753177992,5129321213.669174,0.04895401000957888,0.09988784790000958,0.004657745361310357,0.05037689208965158,0.018852233886646835,0.09588241577111861,0.05390167236307563,0.12922286987255394,0.30984115600467743,0.18842315673756246,0.0,0.0,0.0,0.0,0.0,0.0,0.0,0.0,0.0,0.0,20.526151281935864,78.38431444454444,839.2472817948236
preprocessed_images/EpsonV550/300/EpsonV550_300_0061.tif,300,146.19318294774908,16.910334667506,279.16941716791763,156.67141292226282,136.16691638824295,5677621224.134689,0.06427001953100482,0.09534454345666754,0.016677856445248877,0.05595397949197405,0.0358161926268165,0.10311126708945041,0.05945968627907005,0.12616348266553434,0.24069595336822244,0.20250701904219623,0.0,0.0,0.0,0.0,0.0,0.0,0.0,0.0,0.0,0.0,48.00399806492752,116.48698112226415,750.0026666619259
preprocessed_images/EpsonV550/300/EpsonV550_300_0049.tif,300,140.96819295276802,16.94630910739174,266.5316028352442,151.55350041834654,130.95935338878573,5284615636.05342,0.03804779052719861,0.0768165588375976,0.010379791259726028,0.06960678100559384,0.018009185790946926,0.1215476989741457,0.031887054443237736,0.11435699462847002,0.2902259826649085,0.22912216186436032,0.0,0.0,0.0,0.0,0.0,0.0,0.0,0.0,0.0,0.0,21.23559661299793,73.21559422110299,778.0642646979746
preprocessed_images/EpsonV550/300/EpsonV550_300_0100.tif,300,140.0575773294946,18.073830021326255,269.8859028380394,150.92668238253324,129.15360119572375,5227882295.865417,0.044914245605297415,0.099090576171497,0.005119323730449221,0.05626678466775411,0.022026062011634727,0.10839080810505528,0.05014038085918373,0.12474822997999287,0.2941703796375497,0.19513320922777125,0.0,0.0,0.0,0.0,0.0,0.0,0.0,0.0,0.0,0.0,28.357617487055386,87.45270006988363,813.0301347428642
preprocessed_images/EpsonV550/300/EpsonV550_300_0048.tif,300,140.02046327864102,16.79884364158983,271.45032556394085,149.8161700941459,130.37117219217112,5213501858.63344,0.008300781249968334,0.03174972534167576,0.0038452148437353316,0.05897903442360314,0.01856231689446044,0.21208953857340967,0.012096405029250731,0.1412315368646956,0.3693618774399972,0.143783569335389,0.0,0.0,0.0,0.0,0.0,0.0,0.0,0.0,0.0,0.0,35.455192133253945,92.75068050935973,721.0062413044702
preprocessed_images/EpsonV550/300/EpsonV550_300_0060.tif,300,144.76821414040407,17.30529470256526,275.78129869496456,155.7917920873866,134.2828003808759,5572476023.641087,0.017330169677668265,0.06271743774390137,0.005523681640603928,0.07990264892547644,0.016811370849545246,0.16361999511656333,0.022594451904210684,0.12384033203077759,0.2837295532215739,0.22393035888586452,0.0,0.0,0.0,0.0,0.0,0.0,0.0,0.0,0.0,0.0,41.055795809102854,108.38209314949864,764.0026177965623
preprocessed_images/EpsonV550/300/EpsonV550_300_0074.tif,300,136.39126588124813,18.59741298256794,263.970963828564,147.19399874373045,125.0658942925391,4967220164.253058,0.027465820312395226,0.08780288696255568,0.004035949707015854,0.07102966308566654,0.0184745788573514,0.12725830078076455,0.03643417358384539,0.11445236206011027,0.2910270690906867,0.2220191955557937,0.0,0.0,0.0,0.0,0.0,0.0,0.0,0.0,0.0,0.0,23.055880922053472,71.45928186149801,718.0
preprocessed_images/EpsonV550/300/EpsonV550_300_0058.tif,300,141.9192760818522,16.56325599696606,266.7121376920194,152.65510681090996,132.02363993364452,5351780482.500005,0.014999389648380282,0.06113433837867304,0.004230499267561987,0.07912445068329191,0.012916564941356977,0.15735626220643098,0.021152496337809933,0.12235641479445512,0.2922935485828694,0.2344360351553557,0.0,0.0,0.0,0.0,0.0,0.0,0.0,0.0,0.0,0.0,26.78608698995657,84.94644688893447,659.9030231784061
preprocessed_images/EpsonV550/300/EpsonV550_300_0070.tif,300,134.32186426753606,15.31940730988293,263.3051237261535,143.6062025151116,125.81713881815237,4791218329.5200405,0.006443023681616047,0.024650573730374714,0.0033187866210810896,0.05255889892558075,0.010364532470663587,0.20415496826093996,0.010616302490193876,0.15026855468692676,0.41171646118007005,0.12590789794873844,0.0,0.0,0.0,0.0,0.0,0.0,0.0,0.0,0.0,0.0,21.882270103893006,65.39425494590006,713.1577665566014
preprocessed_images/EpsonV550/300/EpsonV550_300_0064.tif,300,144.29447718075025,17.548648443703573,271.66390145534706,154.52695965465486,133.88942340253396,5538801570.825308,0.02469635009756204,0.07614898681611576,0.006168365478492094,0.07580947875947643,0.0171966552733719,0.1384887695307217,0.026634216308492147,0.11104965209918576,0.2955513000477007,0.22825622558506675,0.0,0.0,0.0,0.0,0.0,0.0,0.0,0.0,0.0,0.0,31.797113992439037,94.70568765257168,839.2186842533953
preprocessed_images/EpsonV550/300/EpsonV550_300_0065.tif,300,137.81585040678223,17.356943127570172,268.16503684606664,147.81216044633322,127.71880643299039,5057930093.678632,0.0502395629880896,0.06310653686499364,0.018688201904225585,0.06264495849585477,0.029586791992074635,0.14806365966740392,0.03258514404284445,0.1273880004877953,0.27002334594623556,0.1976737976066678,0.0,0.0,0.0,0.0,0.0,0.0,0.0,0.0,0.0,0.0,24.831327491428702,68.86109792871436,770.0415573201228
preprocessed_images/EpsonV550/300/EpsonV550_300_0071.tif,300,146.9881056765098,16.738746692903977,277.715503076005,157.70313772030278,137.05753981620077,5737202018.213696,0.0166854858397801,0.05958938598610081,0.006404876708959942,0.07682800292939443,0.01626205444329734,0.17493820190362952,0.01829910278313332,0.12605285644483163,0.29397583007700356,0.2109642028800546,0.0,0.0,0.0,0.0,0.0,0.0,0.0,0.0,0.0,0.0,41.59169986930926,103.78621334460314,822.6019693630693
preprocessed_images/EpsonV550/300/EpsonV550_300_0059.tif,300,135.72073935313614,16.529709261767884,265.3104257216686,145.88046969960536,126.04144796933653,4900349641.710762,0.014606475830022406,0.054698944091588216,0.0033950805663932986,0.07735824584931428,0.011356353759722304,0.17440795898370967,0.01932907104484814,0.12929534912060053,0.30273818969611077,0.21281433105387568,0.0,0.0,0.0,0.0,0.0,0.0,0.0,0.0,0.0,0.0,23.493994156334296,70.58757761822808,800.5560567505563
preprocessed_images/EpsonV550/300/EpsonV550_300_0067.tif,300,138.933851058798,16.277399054232532,267.9165165707571,148.97608591662384,129.49925693734772,5129520726.671099,0.03302764892565526,0.09552383422815122,0.004634857177716695,0.06844329833958265,0.016048431396423153,0.11371994018511307,0.041423797607263856,0.11598205566362006,0.29087448120006226,0.22032165527259703,0.0,0.0,0.0,0.0,0.0,0.0,0.0,0.0,0.0,0.0,28.59220428623951,79.44254587026624,788.0913652616681
preprocessed_images/EpsonV550/300/EpsonV550_300_0073.tif,300,135.95314642250938,16.118296233068374,262.8020618809801,145.7015451062767,126.77896335204142,4913380064.136323,0.022876739501865858,0.07851409912079424,0.004508972167951549,0.07709884643525276,0.01276397705073256,0.13107299804637498,0.028907775878795974,0.11636734008744672,0.28966522216686375,0.23822402954010685,0.0,0.0,0.0,0.0,0.0,0.0,0.0,0.0,0.0,0.0,23.072100950515903,67.09327578841427,787.8705477424575
preprocessed_images/EpsonV550/300/EpsonV550_300_0098.tif,300,143.92347120279197,16.671922593014468,271.4418828762096,154.5016899357797,134.05526633813332,5502905500.567695,0.02317428588858347,0.0779151916500934,0.0046463012695135255,0.07667922973603561,0.014598846435491185,0.13749313354439738,0.02725982666005226,0.11693191528275707,0.2962684631336354,0.22503280639562592,0.0,0.0,0.0,0.0,0.0,0.0,0.0,0.0,0.0,0.0,31.740017915544453,91.480177917781,797.6076729821498
preprocessed_images/EpsonV550/300/EpsonV550_300_0099.tif,300,148.4983016377012,15.576836060904673,287.02222264788355,158.1419799740647,139.71253669908143,5844338844.8800745,0.0247917175292023,0.06366348266577276,0.008365631103483713,0.08078765869109807,0.031700134277222826,0.1996383666984572,0.02273559570303827,0.12193298339797236,0.24695205688382357,0.19943237304611422,0.0,0.0,0.0,0.0,0.0,0.0,0.0,0.0,0.0,0.0,73.40357384446894,116.20129944091441,803.0155664742745
preprocessed_images/EpsonV550/300/EpsonV550_300_0072.tif,300,149.18020648401733,16.862887341285003,283.51006583891365,159.98501830490625,139.1238005425035,5908487464.838475,0.021476745605386822,0.0685653686520822,0.008224487304656126,0.08355712890593125,0.023792266845612364,0.16351318359312625,0.028736114501843504,0.12075805664016434,0.2723770141591172,0.20899963378826522,0.0,0.0,0.0,0.0,0.0,0.0,0.0,0.0,0.0,0.0,58.68382665807107,133.1846373041069,805.164579449444
preprocessed_images/EpsonV550/300/EpsonV550_300_0066.tif,300,142.91208734660654,17.810258997754133,272.82669072083473,153.04799784626238,132.39883303628912,5437147063.341855,0.02009963989250145,0.06745147705052394,0.004669189453107189,0.0767822265622071,0.015342712402285222,0.15142822265567235,0.02725219726552104,0.11999511718704226,0.2910270690906867,0.22595214843663805,0.0,0.0,0.0,0.0,0.0,0.0,0.0,0.0,0.0,0.0,33.02765546330461,100.7585385094903,847.8266332216747
preprocessed_images/EpsonV550/300/EpsonV550_300_0043.tif,300,137.18230592887846,16.726292167136744,271.48164204059856,147.06412766369192,127.48846825555594,5006623744.884691,0.02683258056630389,0.07548904418916516,0.006156921386695263,0.07616806030244382,0.028648376464734466,0.1825942993157097,0.023117065429599314,0.11419677734331438,0.25063705444240325,0.21615982055581603,0.0,0.0,0.0,0.0,0.0,0.0,0.0,0.0,0.0,0.0,36.31453644570661,69.65866821625751,804.0024875583408
preprocessed_images/EpsonV550/300/EpsonV550_300_0057.tif,300,131.24944036223985,16.525670769030725,255.76068086253926,141.3746318326761,121.76480339848419,4587392438.047226,0.017242431640559226,0.0697364807126246,0.003482818603502339,0.077037811279003,0.011714935302689685,0.1434936523432026,0.02527236938466922,0.11724853515580273,0.29467010497934465,0.24010086059478722,0.0,0.0,0.0,0.0,0.0,0.0,0.0,0.0,0.0,0.0,16.590013786448456,55.702322892625375,742.13206371912
preprocessed_images/EpsonV550/300/EpsonV550_300_0080.tif,300,141.25650845938026,17.05234872244718,272.6900347830531,151.4102058368129,131.31697819041005,5306891312.584964,0.023273468017489342,0.0750656127926824,0.0056228637695098,0.07731628417939256,0.023715972900300156,0.15763854980408615,0.02587509155263567,0.11433029174761074,0.2687873840321778,0.22837448120030068,0.0,0.0,0.0,0.0,0.0,0.0,0.0,0.0,0.0,0.0,34.45064492242543,86.71980558113324,776.2113114352303
preprocessed_images/EpsonV550/300/EpsonV550_300_0094.tif,300,144.23220836636523,16.38258379862229,272.2212235339436,154.36302074161543,134.70913519689623,5523719843.258689,0.037498474120950705,0.10054016113242897,0.005901336669899363,0.0654983520505314,0.018947601318287096,0.10061645507774118,0.04444885253889294,0.11968612670852781,0.29715728759652266,0.20970535278240315,0.0,0.0,0.0,0.0,0.0,0.0,0.0,0.0,0.0,0.0,33.40635867310911,95.32402495483402,823.4524880040135
preprocessed_images/EpsonV550/300/EpsonV550_300_0095.tif,300,143.7912561761746,17.563307034656027,270.69404282111327,154.45298521348408,133.30227029006025,5500933270.854923,0.04755783081036546,0.1012077331539108,0.005313873290995354,0.052169799804488486,0.020408630371015896,0.09859466552696763,0.05405807495096566,0.12836837768505718,0.30850982665897936,0.18381118774343944,0.0,0.0,0.0,0.0,0.0,0.0,0.0,0.0,0.0,0.0,29.047864177552448,94.53273237856983,832.4277746447435
preprocessed_images/EpsonV550/300/EpsonV550_300_0081.tif,300,140.7524764628009,17.29016612903055,280.5080052764931,150.88208452989662,130.70140327963475,5271770752.6617985,0.02170944213858906,0.07139968872043076,0.004913330078106257,0.08129882812468987,0.02886199951160865,0.1705474853509119,0.026622772216695317,0.11458587646440664,0.2666244506825767,0.21343612670817017,0.0,0.0,0.0,0.0,0.0,0.0,0.0,0.0,0.0,0.0,52.174124947737084,116.4869103941584,801.3301441977583
preprocessed_images/EpsonV550/300/EpsonV550_300_0056.tif,300,138.28951427101708,17.84520451034882,281.90298739895263,147.66935382507205,128.12267967796404,5096719274.824179,0.01865005493156948,0.06439590454076997,0.004676818847638409,0.08157730102507943,0.024906158447170614,0.17432403564386625,0.022041320800697168,0.1232986450190609,0.27683639526261583,0.20929336547771724,0.0,0.0,0.0,0.0,0.0,0.0,0.0,0.0,0.0,0.0,47.093155249676464,117.19628265757574,761.3474896523926
preprocessed_images/EpsonV550/300/EpsonV550_300_0042.tif,300,144.07818046287395,16.05920422477816,276.552892826145,154.04070130518116,134.84454774357948,5509328437.464431,0.022621154785069958,0.07063293457004305,0.005889892578102532,0.07695388793915957,0.01848220825188262,0.15822601318299015,0.02732467651356764,0.12025833129836937,0.2758407592762915,0.22377014160070888,0.0,0.0,0.0,0.0,0.0,0.0,0.0,0.0,0.0,0.0,40.98411904650004,95.2901156759095,778.0231359027828
preprocessed_images/EpsonV550/300/EpsonV550_300_0054.tif,300,139.23674698353034,16.52474895015715,274.8915661419254,148.98223452839625,129.8116182293483,5153735059.2879305,0.006481170654272151,0.028732299804577893,0.003227233886706439,0.05865859985329186,0.017440795898370966,0.21889114379799313,0.009857177734337398,0.1438903808588261,0.37232589721537657,0.1404953002924328,0.0,0.0,0.0,0.0,0.0,0.0,0.0,0.0,0.0,0.0,35.78231387332221,99.37730222288484,719.8847129922957
preprocessed_images/EpsonV550/300/EpsonV550_300_0040.tif,300,144.81580939363263,16.413628865509473,278.5764277193796,155.04792591447674,135.24737910278387,5568207483.795568,0.02223968505850891,0.07300186157198714,0.006401062011694332,0.07862472534149695,0.02383804321279969,0.16244888305602093,0.025325775146387765,0.11489105224565548,0.27824020385636045,0.21498870849527363,0.0,0.0,0.0,0.0,0.0,0.0,0.0,0.0,0.0,0.0,44.58068283745752,102.73393530607869,808.0222769206305
preprocessed_images/EpsonV550/300/EpsonV550_300_0068.tif,300,140.25034317581958,15.692908428739655,265.4170813935876,150.00442652061528,131.38469251358572,5220971612.966213,0.025665283203027096,0.08571243286100115,0.0055122375488070975,0.076087951659866,0.015739440917908708,0.11914443969681113,0.03285598754870279,0.11590957641557346,0.2917938232410744,0.23157882690341347,0.0,0.0,0.0,0.0,0.0,0.0,0.0,0.0,0.0,0.0,23.889100306051834,69.98536488398376,569.8648962692824
preprocessed_images/EpsonV550/300/EpsonV550_300_0097.tif,300,145.86718109363082,18.123919259462415,271.0087264969293,157.5684222526098,134.58420607206608,5663807496.395318,0.02103805541984162,0.07522583007783804,0.003330230712877921,0.07876968383759014,0.01609802246087609,0.1326522827143377,0.026554107665914328,0.11249542236285211,0.30608367919805113,0.2277526855460062,0.0,0.0,0.0,0.0,0.0,0.0,0.0,0.0,0.0,0.0,32.099215475751286,111.73871796364789,799.5261096424556
preprocessed_images/EpsonV550/300/EpsonV550_300_0083.tif,300,143.74298227445064,15.994578044535842,276.69747746181434,153.94587346667458,134.42892332493406,5483494501.246769,0.009220123290980453,0.038177490234229366,0.005382537841776342,0.05936431884742979,0.016597747802671058,0.20546722412030996,0.011856079101517272,0.143489837645937,0.3672828674302395,0.1431617736810945,0.0,0.0,0.0,0.0,0.0,0.0,0.0,0.0,0.0,0.0,40.45172215032163,96.16023849921046,810.009876482997
preprocessed_images/EpsonV550/300/EpsonV550_300_0082.tif,300,142.8613101483697,18.184326977278467,267.5241675772025,154.07270057455509,131.70141554962137,5436872768.861048,0.04733657836896005,0.10029983520469551,0.004558563232404485,0.05427932739237106,0.020313262939375635,0.0965728759761941,0.05389785766581002,0.12883758544872728,0.3052024841296951,0.18870162963795203,0.0,0.0,0.0,0.0,0.0,0.0,0.0,0.0,0.0,0.0,26.560906238559078,92.93182426917026,845.8427749883544
preprocessed_images/EpsonV550/300/EpsonV550_300_0096.tif,300,137.40229604134723,15.92630609933484,267.4180034771475,147.202085727422,128.33766856831932,5015611161.550191,0.008132934570281474,0.03591537475572237,0.0039710998535004765,0.06232833862280911,0.010089874267539635,0.20259094238203967,0.012466430664014944,0.14690780639592396,0.3473320007310969,0.17026519775325674,0.0,0.0,0.0,0.0,0.0,0.0,0.0,0.0,0.0,0.0,25.02805569766575,76.78257537356681,723.0006915626014
preprocessed_images/EpsonV550/300/EpsonV550_300_0069.tif,300,154.5952403989227,15.74788321106125,288.2402713870318,164.5423595904822,145.6371361708629,6330170521.584909,0.0314369201658957,0.09207153320277377,0.01133346557612864,0.08172988891570385,0.03100967407214733,0.1479415893549044,0.03057098388660213,0.11389923095659675,0.24080276489165953,0.21920394897377318,0.0,0.0,0.0,0.0,0.0,0.0,0.0,0.0,0.0,0.0,76.70150417493636,119.57273126270684,749.112808594273
preprocessed_images/EpsonV550/300/EpsonV550_300_0041.tif,300,140.49111673296824,15.956745457778277,272.09566707580126,150.07007917064274,131.43543696372973,5240880262.409315,0.018787384033131457,0.06792449951145964,0.004379272460920795,0.07886505126923041,0.017215728759699952,0.16447448730406009,0.023395538329988877,0.11969375610305903,0.2871513366688265,0.2181129455558086,0.0,0.0,0.0,0.0,0.0,0.0,0.0,0.0,0.0,0.0,32.199059238045784,84.87659918739055,803.059150996986
preprocessed_images/EpsonV550/300/EpsonV550_300_0055.tif,300,137.70049602395687,15.874099982010694,266.1475594276586,147.50058851223744,128.77870949283368,5036681109.302838,0.021816253662026153,0.07423019409151371,0.004993438720684076,0.07754135131806357,0.013996124267524734,0.1391754150385316,0.026618957519429706,0.11417770385698632,0.29670333862191506,0.23074722289951038,0.0,0.0,0.0,0.0,0.0,0.0,0.0,0.0,0.0,0.0,24.78342243330597,69.18139636393154,739.5363412300981
preprocessed_images/EpsonV550/300/EpsonV550_300_0079.tif,300,138.79441504872665,16.50277793417771,270.9623976446065,149.3170387926944,128.98169768908582,5121305825.316171,0.041587829589685106,0.10158920288047184,0.006240844726538693,0.05788040161110733,0.02086257934562354,0.11451339721636004,0.047653198242005715,0.12033081054641596,0.286529541014532,0.20281219482344506,0.0,0.0,0.0,0.0,0.0,0.0,0.0,0.0,0.0,0.0,33.18509482713065,86.10735145822217,778.0231359027828
preprocessed_images/EpsonV550/300/EpsonV550_300_0051.tif,300,140.21734906589742,17.31798066027237,259.6797195221933,151.20839513913,129.68123910153773,5232608525.213316,0.016822814941342076,0.06430816650366093,0.0038871765136570466,0.07735824584931428,0.014080047607368163,0.14892196655216627,0.024509429931547127,0.12112045288039733,0.29765701293831764,0.2313346862784144,0.0,0.0,0.0,0.0,0.0,0.0,0.0,0.0,0.0,0.0,20.2654613257626,73.44185079562426,795.4935574849113
preprocessed_images/EpsonV550/300/EpsonV550_300_0045.tif,300,139.03124313831793,16.721894485223473,262.4860299606917,149.353292950768,129.22283924824433,5140462521.22401,0.007320404052706449,0.02717971801747444,0.0023727416992096986,0.053943634032997345,0.008476257324186415,0.20198822021407323,0.010936737060505155,0.1494750976556798,0.397018432615673,0.14128875732367976,0.0,0.0,0.0,0.0,0.0,0.0,0.0,0.0,0.0,0.0,20.97205518071337,78.8861748589077,796.8738921560927
preprocessed_images/EpsonV550/300/EpsonV550_300_0092.tif,300,146.9609373869572,16.735340338098503,276.3619242455437,157.77495515320976,137.0297185016952,5735078621.055584,0.01718521118157507,0.0680198669430999,0.004467010498029835,0.07900619506805799,0.0159187316893924,0.15894317626892493,0.023426055908113762,0.12053298950149333,0.2929077148426326,0.21959304809486543,0.0,0.0,0.0,0.0,0.0,0.0,0.0,0.0,0.0,0.0,37.51256785008531,108.55338037090536,828.7013937480738
preprocessed_images/EpsonV550/300/EpsonV550_300_0086.tif,300,146.1868396611875,17.48979401068576,273.74497371140177,157.49424351486797,135.49560194711293,5682360479.819223,0.019626617431565754,0.07227325439425555,0.004234313964827597,0.08058929443328633,0.01644897460931225,0.14484405517522872,0.025928497314354215,0.11989212036087077,0.2854499816883642,0.2307128906241199,0.0,0.0,0.0,0.0,0.0,0.0,0.0,0.0,0.0,0.0,36.69030106653022,108.87672641833136,819.7414226449704
preprocessed_images/EpsonV550/300/EpsonV550_300_0087.tif,300,143.82244371580254,16.771830496158426,273.23424632046977,154.5756564221537,133.87627711853094,5496160810.323687,0.028259277343642197,0.08882141113247367,0.005554199218728812,0.07577514648408594,0.017604827880792217,0.12184524536086332,0.03451156616197772,0.11614990234330692,0.2866973876942188,0.22478103637609564,0.0,0.0,0.0,0.0,0.0,0.0,0.0,0.0,0.0,0.0,34.314489096606344,93.52964916133806,778.0231359027828
preprocessed_images/EpsonV550/300/EpsonV550_300_0093.tif,300,143.15139127639267,16.93157234173206,272.1886118415189,153.92936544001657,133.06680686570022,5447089905.02966,0.019817352294846276,0.0720329284665221,0.004432678222639341,0.07580184936494522,0.013412475585886334,0.14507675170843096,0.02605056762685375,0.12069320678664897,0.29615783691293274,0.2265243530264796,0.0,0.0,0.0,0.0,0.0,0.0,0.0,0.0,0.0,0.0,31.36422931130165,95.87564744038431,782.743891704049
preprocessed_images/EpsonV550/300/EpsonV550_300_0044.tif,300,132.88123132276132,16.36159419587173,263.59214464077104,142.4296224366955,123.63790540706461,4698963549.220657,0.037685394286965615,0.09017944335903098,0.00629806518552285,0.06722259521458732,0.024082183837798758,0.13730621337838247,0.034675598144398974,0.11241531372027429,0.2793083190907314,0.21082687377849263,0.0,0.0,0.0,0.0,0.0,0.0,0.0,0.0,0.0,0.0,24.907146453431523,58.26367164117612,796.565126025487
preprocessed_images/EpsonV550/300/EpsonV550_300_0050.tif,300,144.70199326915477,17.772274090866926,271.3837331252916,156.04240370193867,133.86493000133896,5571745043.559853,0.017662048339776373,0.06358718872046056,0.0036735534667828615,0.07656097412080169,0.01652908325189007,0.1604690551751691,0.02220535278311842,0.12268066406203201,0.30204010009650406,0.21459197997965013,0.0,0.0,0.0,0.0,0.0,0.0,0.0,0.0,0.0,0.0,30.88252310320699,95.57712332258032,799.801225305388
preprocessed_images/EpsonV550/300/EpsonV550_300_0078.tif,300,141.9141254084653,16.562923476076357,270.1322876510609,151.72203281278607,132.44664399269277,5351394357.942416,0.018272399902274045,0.0643310546872546,0.004543304443342043,0.07865905761688743,0.01634597778314077,0.1672592163079557,0.023124694824130536,0.12195968627883164,0.28527450561414613,0.2202301025382224,0.0,0.0,0.0,0.0,0.0,0.0,0.0,0.0,0.0,0.0,32.07990723162833,85.55641586890987,806.0
preprocessed_images/EpsonV550/300/EpsonV550_300_0046.tif,300,137.48559097043793,16.93694218560638,264.6044354153296,148.13101567952043,127.39157102672314,5030319943.867206,0.016387939453062484,0.06278228759741675,0.0033416748046747524,0.07862472534149695,0.012458801269483724,0.16714096069272177,0.023456573486238644,0.12272262573195372,0.28982162475475376,0.2232627868643827,0.0,0.0,0.0,0.0,0.0,0.0,0.0,0.0,0.0,0.0,25.185166727068662,73.38707540517254,769.4114633926375
preprocessed_images/EpsonV550/300/EpsonV550_300_0052.tif,300,138.79478502284942,16.600654456097498,274.7742748668447,148.60092888668444,129.25253936022162,5122182107.079569,0.035316467285021524,0.08446121215788092,0.008186340332000022,0.07533645629854074,0.03344726562487241,0.13986206054634145,0.037681579589700004,0.11358261108355108,0.2620658874501722,0.21006011962810492,0.0,0.0,0.0,0.0,0.0,0.0,0.0,0.0,0.0,0.0,36.647492217675364,82.21339665830239,754.4454917354865
preprocessed_images/EpsonV550/300/EpsonV550_300_0085.tif,300,143.6436149580653,18.118398550952552,270.2091970728936,154.31290450384637,132.75059412229825,5495000788.965022,0.014686584472600225,0.05549240112283518,0.0034713745117055076,0.0784606933590757,0.015102386474551763,0.1736831665032437,0.01881408691399073,0.12522125244092858,0.301071166991039,0.2139968872062149,0.0,0.0,0.0,0.0,0.0,0.0,0.0,0.0,0.0,0.0,29.982809203328898,94.26295625757969,808.3081095720863
preprocessed_images/EpsonV550/300/EpsonV550_300_0091.tif,300,143.69913040346373,17.005686164119133,273.4129093329159,154.199162411636,133.6155109597326,5488937124.658989,0.02416610717764219,0.07693481445283151,0.0043411254882646895,0.07854080200165352,0.021003723144451127,0.1610946655267292,0.023891448974518236,0.10604095458943923,0.279174804686435,0.22481155395422053,0.0,0.0,0.0,0.0,0.0,0.0,0.0,0.0,0.0,0.0,38.1458863443593,88.77021201278185,787.823584313138
preprocessed_images/EpsonV550/300/EpsonV550_300_0090.tif,300,146.21703708678567,17.084894518420732,280.0069788976501,157.070123381354,135.97625023232573,5681005344.887675,0.00842285156246787,0.03555297851548937,0.004981994628887245,0.06256103515601134,0.018974304199146367,0.22076034545814224,0.014369964599554558,0.13620758056588667,0.35403442382677447,0.14413452148382516,0.0,0.0,0.0,0.0,0.0,0.0,0.0,0.0,0.0,0.0,50.45015551229501,113.28057668311146,813.9287438099235
preprocessed_images/EpsonV550/300/EpsonV550_300_0084.tif,300,136.40911063326388,16.71393221368539,261.21482266256095,146.5514733895574,126.62612337022273,4951061559.719152,0.024234771728423175,0.07691574096650346,0.004913330078106257,0.07527160644502535,0.014072418212836942,0.1354255676264365,0.026710510253804356,0.11112213134723235,0.30182647704962984,0.22950744628818698,0.0,0.0,0.0,0.0,0.0,0.0,0.0,0.0,0.0,0.0,20.07633329424072,66.39493193827708,794.0100755028238
preprocessed_images/EpsonV550/300/EpsonV550_300_0053.tif,300,145.62774777478757,17.176727550490153,278.68092398461766,155.9068538391712,135.5099032730268,5636746350.76919,0.034885406494007544,0.0793380737301661,0.00852584838863935,0.07312393188448668,0.031242370605349568,0.15348434448183637,0.03179168701159747,0.11445999145464149,0.2626495361318106,0.21049880981365013,0.0,0.0,0.0,0.0,0.0,0.0,0.0,0.0,0.0,0.0,45.38800349040095,96.7605039479579,812.3853765301293
preprocessed_images/EpsonV550/300/EpsonV550_300_0047.tif,300,141.85153091600517,17.671188472690464,269.7122771011629,152.88921073673163,131.14237174627166,5356683978.408384,0.024387359619047595,0.08104705810515958,0.003993988037094139,0.07633972167939629,0.020221710205000985,0.1324653625483228,0.029533386230356087,0.11075973510699935,0.2969360351551173,0.22431564330969117,0.0,0.0,0.0,0.0,0.0,0.0,0.0,0.0,0.0,0.0,27.652612673058922,93.19282524076222,809.9938271369726
preprocessed_images/EpsonV550/300/EpsonV550_300_0020.tif,300,141.7062820394372,17.029252834337818,270.29853901609414,152.50421386801088,131.55219353540645,5340047821.120824,0.03281402587878107,0.0933609008785501,0.0042419433593588185,0.06932449340793867,0.01617813110345391,0.11153030395465267,0.038734436035008486,0.11600875854447934,0.3021659851062692,0.215641021727693,0.0,0.0,0.0,0.0,0.0,0.0,0.0,0.0,0.0,0.0,29.24458885211625,90.72247003166882,818.1796868659109
preprocessed_images/EpsonV550/300/EpsonV550_300_0034.tif,300,133.4813225984975,17.51623176261788,268.3706268521281,143.45248054475542,123.34079854240125,4751119314.53267,0.005241394042948756,0.027702331542863074,0.0020332336425703686,0.06072616577125272,0.014488220214788482,0.2285270690909251,0.00901412963863749,0.14275360107367419,0.3746109008774772,0.13490295410104788,0.0,0.0,0.0,0.0,0.0,0.0,0.0,0.0,0.0,0.0,26.853536646588946,75.74901489617996,771.0784655273418
preprocessed_images/EpsonV550/300/EpsonV550_300_0008.tif,300,144.49498587092646,16.660220247968827,276.3877207715734,155.12248135844382,134.62037633901667,5546013853.102919,0.025413513183496803,0.08064651489227048,0.006603240966771685,0.07808303832978027,0.022258758544836964,0.1461944580072548,0.028560638427625424,0.11173629760699563,0.2766532897938665,0.2238502502432867,0.0,0.0,0.0,0.0,0.0,0.0,0.0,0.0,0.0,0.0,40.552901624586056,98.49489272469464,812.4727687744371
preprocessed_images/EpsonV550/300/EpsonV550_300_0009.tif,300,142.70679071640433,16.439096592837334,279.1333783240233,152.4065577429997,133.30926366106948,5409465175.471363,0.023014068603427834,0.07585144042939815,0.006996154785129561,0.08116149902312789,0.025829315185448343,0.17067337036067706,0.027858734130753102,0.11288452148394437,0.25257492065333337,0.22315597534094558,0.0,0.0,0.0,0.0,0.0,0.0,0.0,0.0,0.0,0.0,47.32137945910628,98.84370058156993,713.0063113325155
preprocessed_images/EpsonV550/300/EpsonV550_300_0035.tif,300,148.354861896731,16.16677917422679,283.691765372401,158.524666454266,138.90131233861075,5838085763.174587,0.0234031677245201,0.07084274291965163,0.008445739746061531,0.0790100097653236,0.02649307250966456,0.18199157714774325,0.024909973144436225,0.11813354492142435,0.2575912475576111,0.2091789245597489,0.0,0.0,0.0,0.0,0.0,0.0,0.0,0.0,0.0,0.0,58.19591397152964,110.5270456960408,806.2369378786859
preprocessed_images/EpsonV550/300/EpsonV550_300_0021.tif,300,148.51200088785507,16.554757572276227,280.9449813316443,157.90741367302195,139.07401305141633,5853642596.284126,0.011947631835891924,0.03522872924791249,0.006664276123021453,0.05568695068338132,0.022602081298741906,0.19943618774337982,0.014270782470648686,0.13635635375924546,0.39120101928561707,0.12660598754834515,0.0,0.0,0.0,0.0,0.0,0.0,0.0,0.0,0.0,0.0,52.47148488087586,119.97154748766873,800.4323831530056
preprocessed_images/EpsonV550/300/EpsonV550_300_0037.tif,300,146.78939910569383,16.783598519395966,281.73393130824985,156.98189532586602,136.95435746758665,5722293369.325732,0.014514923095647754,0.05111694335918,0.005264282226542418,0.08155822753875137,0.028209686279189263,0.22124862670814038,0.017501831054620734,0.12759780883740388,0.2708702087392011,0.1821174621575084,0.0,0.0,0.0,0.0,0.0,0.0,0.0,0.0,0.0,0.0,51.322850348096324,107.95581499028089,802.0897705369393
preprocessed_images/EpsonV550/300/EpsonV550_300_0023.tif,300,135.93658667649188,16.594072238097493,253.5727722835726,146.5747168289638,126.0852306369049,4916279726.754653,0.017864227294853728,0.05722808837868794,0.004264831542952481,0.07212448120089673,0.011974334716751196,0.1601066589349361,0.021770477294838827,0.1293640136713815,0.30963516235233446,0.2156677246085523,0.0,0.0,0.0,0.0,0.0,0.0,0.0,0.0,0.0,0.0,14.040856706045757,54.205938381344225,760.2328590635898
preprocessed_images/EpsonV550/300/EpsonV550_300_0022.tif,300,137.64463372831787,17.214401994226602,263.5230869999027,148.60187258434146,127.24721667215896,5044274680.357617,0.02283096313467853,0.08040237426727141,0.003185272216784724,0.0727310180661288,0.013164520263621656,0.13064193725536102,0.029773712158089546,0.11079788207965546,0.30634689330937825,0.2301254272452159,0.0,0.0,0.0,0.0,0.0,0.0,0.0,0.0,0.0,0.0,23.02302385225431,78.9831082854242,804.543348738898
preprocessed_images/EpsonV550/300/EpsonV550_300_0036.tif,300,138.10775897331544,17.088683870646914,269.1103451444342,148.04271111899595,128.09991891002844,5076622037.499852,0.021347045898356065,0.06385040283178768,0.005634307861306632,0.07633972167939629,0.023780822753815534,0.1890563964836538,0.019004821777271252,0.11516571044877942,0.2706108093251396,0.21520996093667905,0.0,0.0,0.0,0.0,0.0,0.0,0.0,0.0,0.0,0.0,31.270111415961345,79.56762680069387,813.7530337885077
preprocessed_images/EpsonV550/300/EpsonV550_300_0032.tif,300,141.77469479846442,16.749271858704756,273.9113964228818,152.26486631599153,131.92613371510245,5342652581.28036,0.019725799560471626,0.07334518432589208,0.004745483398419397,0.07982635498016423,0.01582336425775214,0.15598678588807682,0.025775909423729797,0.11838531494095464,0.2771453857411303,0.22924041747959426,0.0,0.0,0.0,0.0,0.0,0.0,0.0,0.0,0.0,0.0,35.839634362284954,95.84143792909867,768.0416655364473
preprocessed_images/EpsonV550/300/EpsonV550_300_0026.tif,300,145.30609725576787,16.728187438726337,288.364307831472,154.5553600598574,135.84176562008471,5608228560.486487,0.026016235351463256,0.07175064086886691,0.008655548095670106,0.0822944641110142,0.03816604614243253,0.18130493163993336,0.02868270874012496,0.11549377441362192,0.2449913024892998,0.20264434814375823,0.0,0.0,0.0,0.0,0.0,0.0,0.0,0.0,0.0,0.0,67.10224758984747,123.09896104381066,757.0165123694462
preprocessed_images/EpsonV550/300/EpsonV550_300_0027.tif,300,134.40800646719498,16.76895647538813,270.88838849816676,144.08789377365008,124.73423907544918,4809479973.439796,0.04216766357405789,0.09289550781214563,0.0050697326659962854,0.06089782714820519,0.02632141113271209,0.13318634033152318,0.045429229736154826,0.12145614623977105,0.27856445312393735,0.19401168823168177,0.0,0.0,0.0,0.0,0.0,0.0,0.0,0.0,0.0,0.0,31.962662781961747,80.80098206530748,772.8195132112025
preprocessed_images/EpsonV550/300/EpsonV550_300_0033.tif,300,139.6195940532751,16.189270147576007,266.2137708617184,149.62169432630677,130.3545508688298,5178844384.20194,0.03831100463852573,0.1009140014644588,0.004840850830059659,0.06155395507789019,0.015224456787051298,0.09646987915002261,0.04524993896467113,0.11817932128861168,0.3115615844714677,0.20769500732342644,0.0,0.0,0.0,0.0,0.0,0.0,0.0,0.0,0.0,0.0,24.77886020665467,75.08658896021875,709.5463339345782
preprocessed_images/EpsonV550/300/EpsonV550_300_0019.tif,300,142.2605795477336,18.2242742612626,278.0560462462233,152.71339994198107,131.36151205268396,5392353634.708823,0.02035140991203174,0.0685348510739573,0.003814697265610448,0.08031082153289676,0.019893646240158488,0.16533660888608803,0.02716827392567761,0.11822128295853339,0.2757301330555888,0.2206382751456427,0.0,0.0,0.0,0.0,0.0,0.0,0.0,0.0,0.0,0.0,43.06488013986143,117.71846035786064,813.7923568085412
preprocessed_images/EpsonV550/300/EpsonV550_300_0025.tif,300,132.96798791106428,17.405313646583014,271.4944449895319,142.3186295477804,123.12218458068097,4714248471.118574,0.01909255981438029,0.056011199950958206,0.00527954101560486,0.07665252685517635,0.022758483886631934,0.17723464965752703,0.022281646728430627,0.12313079833937404,0.2846755981434453,0.21288299560465665,0.0,0.0,0.0,0.0,0.0,0.0,0.0,0.0,0.0,0.0,28.52298179078244,86.20851572477483,721.1102550927978
preprocessed_images/EpsonV550/300/EpsonV550_300_0031.tif,300,141.7273479375588,16.499132366941975,269.2142199450348,152.04141852783755,132.06191108467797,5336953657.039443,0.018772125244069016,0.06859970092747268,0.004821777343731606,0.07657623290986414,0.012989044189403576,0.14779281616154558,0.02554702758779317,0.12227249145461169,0.2921638488758386,0.23046493530185522,0.0,0.0,0.0,0.0,0.0,0.0,0.0,0.0,0.0,0.0,29.066754195426455,89.27025337194081,770.4245582793944
preprocessed_images/EpsonV550/300/EpsonV550_300_0030.tif,300,149.97490939706438,18.12765103449619,279.5815467654916,160.8755622365651,138.92165211571023,5982410553.605786,0.016708374023373763,0.06035995483375412,0.00579452514646227,0.07745742797822015,0.018936157226490263,0.1707344055169268,0.02195358276358813,0.12812423706005813,0.2938652038563009,0.20606613159101078,0.0,0.0,0.0,0.0,0.0,0.0,0.0,0.0,0.0,0.0,46.27255664339755,125.1996735588872,846.2871852982296
preprocessed_images/EpsonV550/300/EpsonV550_300_0024.tif,300,141.2645765518209,17.031840809652365,277.60348142579994,151.407216668336,131.34865520616702,5307305607.75274,0.0061874389648201465,0.028648376464734466,0.004009246826156581,0.061847686767342196,0.018699645996022415,0.22681808471593162,0.01063919067378754,0.14204025268500503,0.36284255981306895,0.1382675170893163,0.0,0.0,0.0,0.0,0.0,0.0,0.0,0.0,0.0,0.0,41.00156934031033,105.85804652642385,795.2685081153409
preprocessed_images/EpsonV550/300/EpsonV550_300_0018.tif,300,133.85629870579692,16.047589168155692,264.7726831813943,143.1615977190451,124.89143524651338,4764476066.057535,0.020442962646406392,0.07463836669893402,0.0037002563476421346,0.07312774658175229,0.013854980468697146,0.15003967285099015,0.025978088378807152,0.11752319335892668,0.2875404357899187,0.23315429687411057,0.0,0.0,0.0,0.0,0.0,0.0,0.0,0.0,0.0,0.0,23.59906272840413,64.31835467695527,709.7168449459263
preprocessed_images/EpsonV550/150/EpsonV550_150_0078.tif,150,140.72994962059815,16.596751763359634,269.018516853423,150.61884297558424,131.10020922984393,5263948746.407455,0.012081146240188289,0.04196166992171493,0.003856658935532163,0.06814575195286504,0.014461517333929209,0.20174789428633977,0.01431655883783601,0.13328933715769467,0.3360671997057492,0.17407226562433598,0.0,0.0,0.0,0.0,0.0,0.0,0.0,0.0,0.0,0.0,30.188610238968558,81.65670095318512,792.7294620486865
preprocessed_images/EpsonV550/150/EpsonV550_150_0050.tif,150,144.31179642814348,17.5243256025241,270.7625981968129,155.40974157268008,133.70089251562874,5539888254.455959,0.04621887207013619,0.08703994750943359,0.010513305664022395,0.062053680419685155,0.029663085937386844,0.10388183593710372,0.04683303832989947,0.12269210815382883,0.2628440856923567,0.22826004028233238,0.0,0.0,0.0,0.0,0.0,0.0,0.0,0.0,0.0,0.0,30.71552498516065,92.47138261487063,794.0680071631144
preprocessed_images/EpsonV550/150/EpsonV550_150_0044.tif,150,131.10036409979088,16.522344348770563,262.32014439530707,140.69948678340347,121.66381091180024,4577111134.667298,0.02547454833974657,0.07133102416964977,0.005546569824197592,0.07382965087862461,0.020725250244061563,0.16962814330989978,0.021575927734292694,0.10944366455036375,0.29389953613169134,0.20854568481365757,0.0,0.0,0.0,0.0,0.0,0.0,0.0,0.0,0.0,0.0,23.443342900308487,55.200534667713384,787.0006353237588
preprocessed_images/EpsonV550/150/EpsonV550_150_0093.tif,150,141.98009404361133,17.00648648799068,270.98733720857547,152.82373464508686,131.81426050716658,5360207183.819288,0.008296966552702725,0.034759521484242405,0.0037193298339701867,0.0608634948728147,0.012161254882766108,0.19713592529221674,0.0115013122558155,0.139690399169389,0.3730392456040457,0.15883255004822222,0.0,0.0,0.0,0.0,0.0,0.0,0.0,0.0,0.0,0.0,29.346415915815065,91.95525885458468,770.2791701714385
preprocessed_images/EpsonV550/150/EpsonV550_150_0087.tif,150,142.7329354166299,16.866209516001042,271.8600111183068,153.59952310133878,132.66448330014984,5415150518.556553,0.017429351806574137,0.0642967224118641,0.004837036132794048,0.0778770446774373,0.014762878417912434,0.1631278991692996,0.021606445312417576,0.12063980102493042,0.306320190428519,0.2091026306144367,0.0,0.0,0.0,0.0,0.0,0.0,0.0,0.0,0.0,0.0,32.22931528946136,88.75984036080077,779.2124228989165
preprocessed_images/EpsonV550/150/EpsonV550_150_0086.tif,150,145.56487114142004,17.46120439932281,273.0137795880765,156.82889107130347,134.8850391437312,5634529786.460413,0.009559631347619783,0.03815078735337009,0.0034751892089711182,0.06383895873999085,0.014629364013616067,0.196506500243391,0.01329421997065241,0.1413726806635232,0.3534202575670112,0.16575241088803958,0.0,0.0,0.0,0.0,0.0,0.0,0.0,0.0,0.0,0.0,35.112217260841454,106.24231606344998,820.4023403184561
preprocessed_images/EpsonV550/150/EpsonV550_150_0092.tif,150,146.06123806428425,16.70673875325597,275.3125569436618,156.83494914726842,136.07603688287753,5665718372.831349,0.00936508178707365,0.040428161620939526,0.0036544799804548093,0.06945419311496942,0.013401031494089504,0.20115280151290454,0.012672424316357908,0.134872436522923,0.3437652587877511,0.1712341308587218,0.0,0.0,0.0,0.0,0.0,0.0,0.0,0.0,0.0,0.0,35.41117584985825,103.90962493663152,822.4268964473378
preprocessed_images/EpsonV550/150/EpsonV550_150_0045.tif,150,137.9705262170271,16.79785219171229,261.31636844837675,148.35224755063044,128.0474048638163,5064106689.916562,0.0048332214355284375,0.015441894531191094,0.002315521240225542,0.03144073486316131,0.007869720458954354,0.1674766540520955,0.0068321228027083125,0.1261138916010814,0.5684051513650192,0.06927108764622013,0.0,0.0,0.0,0.0,0.0,0.0,0.0,0.0,0.0,0.0,19.47574383261488,76.21981022522871,789.3414977055241
preprocessed_images/EpsonV550/150/EpsonV550_150_0051.tif,150,138.8650756613265,17.62107628058904,258.83495130001796,150.0150891857402,128.15245290959234,5136452568.406364,0.0077285766601267675,0.026779174804585346,0.003208160400378387,0.05550765991189763,0.012245178222609537,0.19874954223556995,0.011344909667925472,0.14525222778264904,0.3951454162582583,0.1440391540521849,0.0,0.0,0.0,0.0,0.0,0.0,0.0,0.0,0.0,0.0,18.819954458927032,70.78488072670254,792.9552320276347
preprocessed_images/EpsonV550/150/EpsonV550_150_0079.tif,150,137.64120414290176,16.669125726451373,269.7688869134493,148.3136073765237,127.76846764514534,5039183843.922331,0.025753021240136134,0.08444595336881848,0.005268096923808028,0.07179641723605425,0.016239166259703678,0.13920593261665648,0.03031921386707184,0.1060295104976424,0.3034057617175926,0.2175369262687014,0.0,0.0,0.0,0.0,0.0,0.0,0.0,0.0,0.0,0.0,31.232767993045638,82.34207549702117,774.0232554645887
preprocessed_images/EpsonV550/150/EpsonV550_150_0047.tif,150,141.09640308171785,17.744355974209366,269.0050346973232,152.17700477709894,130.32004753593966,5301353088.689913,0.012916564941356977,0.05070495605449407,0.0034751892089711182,0.07526397705049413,0.01789474487297861,0.18294143676688027,0.016033172607360712,0.12181854248000405,0.32073211669799523,0.1982192993156501,0.0,0.0,0.0,0.0,0.0,0.0,0.0,0.0,0.0,0.0,26.44563467461803,91.2460848668009,808.3823352844865
preprocessed_images/EpsonV550/150/EpsonV550_150_0053.tif,150,144.86540235561466,17.205044234425827,277.45569263564033,155.15444921284126,134.6490699176374,5578948174.613755,0.02706909179677174,0.06226730346655934,0.007469177246065257,0.07197952270480354,0.028079986572158506,0.18288421630789609,0.021495819091714875,0.11847686767532929,0.28743743896374724,0.19284057617113937,0.0,0.0,0.0,0.0,0.0,0.0,0.0,0.0,0.0,0.0,42.47907359746948,92.3063023542327,813.8267628924475
preprocessed_images/EpsonV550/150/EpsonV550_150_0084.tif,150,135.25182672126311,16.861337299023855,259.78139341631913,145.54552515088943,125.33640450875447,4869943807.69199,0.012798309326123053,0.04071426391586031,0.004421234130842509,0.06661605834935526,0.012615203857373752,0.1947479248039446,0.013343811035105346,0.13166809081981024,0.3420677185045545,0.18100738525321575,0.0,0.0,0.0,0.0,0.0,0.0,0.0,0.0,0.0,0.0,18.563810543376082,63.4446136309347,780.0230765817124
preprocessed_images/EpsonV550/150/EpsonV550_150_0090.tif,150,145.08689646505223,17.16704421520346,278.5982911554099,156.00192157471827,134.77266882418553,5595441380.182599,0.00596237182614913,0.0248641967772489,0.004489898681623497,0.04653549194318186,0.017173767089778236,0.19478225707933508,0.0108070373534744,0.11792755126908139,0.4894638061504766,0.0879936218258362,0.0,0.0,0.0,0.0,0.0,0.0,0.0,0.0,0.0,0.0,46.79762902196906,107.8680575737832,797.492319712234
preprocessed_images/EpsonV550/150/EpsonV550_150_0091.tif,150,142.33625507721078,17.192533287448757,272.1090453989744,153.00124111436054,132.09055547480705,5388420437.834427,0.01388549804682203,0.05162429809550619,0.0037117004394389658,0.07649612426728632,0.018180847167899396,0.20532989501874796,0.013324737548777294,0.11396789550737775,0.30438995361212007,0.19908905029220927,0.0,0.0,0.0,0.0,0.0,0.0,0.0,0.0,0.0,0.0,35.772814758666364,84.68269524322078,782.1304239063968
preprocessed_images/EpsonV550/150/EpsonV550_150_0085.tif,150,142.92325814112354,18.231742857439166,269.31693386313225,153.6711143231821,131.94034544011149,5441966352.706836,0.01038360595699164,0.04054260253890784,0.003208160400378387,0.06875610351536271,0.01344680786127683,0.19606018066331457,0.01311492919916872,0.134941101073704,0.341239929197917,0.17830657958916357,0.0,0.0,0.0,0.0,0.0,0.0,0.0,0.0,0.0,0.0,28.40597353024512,91.27060894105445,809.0500602558534
preprocessed_images/EpsonV550/150/EpsonV550_150_0052.tif,150,137.9474590314372,16.532811572255074,273.8049095296276,147.728122099993,128.4486138457952,5060122459.953887,0.022243499755774523,0.05965042114235058,0.007087707519504213,0.07560729980439908,0.02922058105457603,0.18597793579030616,0.023014068603427834,0.12053298950149333,0.2847938537586792,0.1918716430656743,0.0,0.0,0.0,0.0,0.0,0.0,0.0,0.0,0.0,0.0,34.83115874973662,78.97475245786167,703.0504960527373
preprocessed_images/EpsonV550/150/EpsonV550_150_0046.tif,150,136.1701720237074,17.00133548744095,263.20774441496906,146.87496393835937,126.06105035235443,4936528339.225171,0.009300231933558271,0.03770065307602806,0.0030364990234259164,0.06481170654272152,0.010662078857381203,0.20286560058516362,0.013530731201120258,0.1363296508783862,0.35311508178576234,0.1686477661126379,0.0,0.0,0.0,0.0,0.0,0.0,0.0,0.0,0.0,0.0,23.26373544413371,69.99451631197175,766.0026109616076
preprocessed_images/EpsonV550/150/EpsonV550_150_0042.tif,150,142.5812474227929,16.182709003748677,275.25813863565304,152.65433127353282,133.18550769752284,5397883699.157976,0.014430999755804325,0.04605102539044933,0.005233764648417534,0.06735229492161807,0.016391754150328095,0.1975326538078402,0.017086029052669198,0.13529586791940576,0.32541656494016485,0.17520904540948787,0.0,0.0,0.0,0.0,0.0,0.0,0.0,0.0,0.0,0.0,38.358792669854644,90.64866178511194,781.0160049576449
preprocessed_images/EpsonV550/150/EpsonV550_150_0056.tif,150,137.12465574093898,18.001862837659175,280.9560031277227,146.59067280866128,126.80108669436764,5014090751.068584,0.011432647705034512,0.039398193359224704,0.003974914550766087,0.06713485717747827,0.02360534667959745,0.2091026306144367,0.012332916259718578,0.13420867919870677,0.3474082946764091,0.15140151977481306,0.0,0.0,0.0,0.0,0.0,0.0,0.0,0.0,0.0,0.0,44.78279056446609,114.44342618332648,784.0025510162578
preprocessed_images/EpsonV550/150/EpsonV550_150_0081.tif,150,139.1196653030866,17.458728170524395,278.94052841545044,149.39026749676378,128.92784823404034,5153512086.1430025,0.012462615966749333,0.046340942382635725,0.0038871765136570466,0.07561874389619591,0.026000976562400812,0.21131896972575637,0.015991210937438997,0.12678909301709446,0.3013954162586159,0.18019485473564073,0.0,0.0,0.0,0.0,0.0,0.0,0.0,0.0,0.0,0.0,48.62200302738312,108.7718116894234,813.3252731841056
preprocessed_images/EpsonV550/150/EpsonV550_150_0095.tif,150,142.66636627836547,17.69692736912342,269.7306831447598,153.40855846333153,131.95476289085175,5417696835.765736,0.025325775146387765,0.0843811035153031,0.004337310790999079,0.07542419433564977,0.01524734497064496,0.1194305419917319,0.031799316406128694,0.10624313354451659,0.32271194457884705,0.21509933471597634,0.0,0.0,0.0,0.0,0.0,0.0,0.0,0.0,0.0,0.0,27.80857274547489,91.89139437060622,830.1542025431179
preprocessed_images/EpsonV550/150/EpsonV550_150_0094.tif,150,142.93774033050403,16.478557601410927,270.9441498736599,153.14700476833625,133.2856850593743,5427099198.13825,0.019962310790939474,0.0726966857907383,0.004844665527325269,0.07851028442352863,0.015052795410098827,0.14317321777289133,0.024364471435453932,0.11145782470660606,0.312988281248806,0.21694946288979738,0.0,0.0,0.0,0.0,0.0,0.0,0.0,0.0,0.0,0.0,31.350470468923085,90.92925097981524,830.3938824437473
preprocessed_images/EpsonV550/150/EpsonV550_150_0080.tif,150,140.09296009025994,17.09874084910895,271.479834204647,150.22057263645948,130.04176973485917,5221490204.469139,0.011783599853470673,0.038684844970555556,0.004489898681623497,0.06505966186498618,0.019824981689377498,0.21310043334879644,0.013339996337839737,0.13380432128855207,0.33308410644404185,0.16682815551694172,0.0,0.0,0.0,0.0,0.0,0.0,0.0,0.0,0.0,0.0,32.34366101976891,83.44713168039954,787.0006353237588
preprocessed_images/EpsonV550/150/EpsonV550_150_0057.tif,150,129.9299062887885,16.527275873674704,254.3317644247246,140.05873152777042,120.29561468466821,4497062335.877722,0.006790161132786597,0.03072357177722655,0.002796173095692458,0.06134033203101601,0.010295867919882599,0.2039833068839875,0.012203216552687824,0.1422195434564887,0.35773468017441656,0.17191314697200044,0.0,0.0,0.0,0.0,0.0,0.0,0.0,0.0,0.0,0.0,15.115799300181784,52.83519428036642,718.225591301229
preprocessed_images/EpsonV550/150/EpsonV550_150_0043.tif,150,135.43865862533346,16.84769614359144,270.0933806073743,145.3119036103256,125.75983324461801,4883080836.6976595,0.019126892089770788,0.0602455139157858,0.005245208740214366,0.07447814941377838,0.026268005370993545,0.20623016357343205,0.01594924926751728,0.11755752563431718,0.27594375610246297,0.19895553588791293,0.0,0.0,0.0,0.0,0.0,0.0,0.0,0.0,0.0,0.0,33.95415920382245,65.63697864407463,792.0025252484994
preprocessed_images/EpsonV550/150/EpsonV550_150_0055.tif,150,137.75199924066757,15.888873747846212,265.057373921639,147.70750854408095,128.6960656890648,5040523078.212225,0.047630310058412055,0.06661224365208965,0.007957458496063394,0.055797576904084024,0.023910522460846288,0.12876892089794628,0.04680252075177459,0.12630844116162754,0.2923240661609942,0.20388793945234723,0.0,0.0,0.0,0.0,0.0,0.0,0.0,0.0,0.0,0.0,24.08464422282228,66.87629350568125,733.8351313476345
preprocessed_images/EpsonV550/150/EpsonV550_150_0041.tif,150,139.16833494428548,16.04354858145416,270.6042727754321,148.74654487864055,130.06615357383802,5144633908.199503,0.011035919189411027,0.04390716552717626,0.0038452148437353316,0.07021331787082591,0.015087127685489322,0.2031135559074283,0.01362228393549491,0.13159942626902923,0.33282470702998035,0.17475128173761462,0.0,0.0,0.0,0.0,0.0,0.0,0.0,0.0,0.0,0.0,29.964042317033286,80.05265897734965,810.5615337529903
preprocessed_images/EpsonV550/150/EpsonV550_150_0069.tif,150,153.3395448511894,15.819710950643566,286.5797452900573,163.39253920365593,144.28796714720778,6229401080.884585,0.02214431762686865,0.0688247680661437,0.010681152343709255,0.076744079589551,0.03138351440417716,0.1845626831047647,0.021324157714762405,0.1222038269038307,0.2737617492665338,0.1883697509758439,0.0,0.0,0.0,0.0,0.0,0.0,0.0,0.0,0.0,0.0,71.69078250395143,112.37012109751487,728.0109889280518
preprocessed_images/EpsonV550/150/EpsonV550_150_0096.tif,150,135.72424149295705,15.970224921029171,266.03013110330886,145.56942822403005,126.54258859147482,4895832227.936147,0.004699707031232072,0.02002334594718924,0.003517150878892833,0.036926269531109134,0.008457183837858363,0.18148040771415144,0.007129669189425927,0.1340713500971448,0.5200691223124692,0.08362579345671224,0.0,0.0,0.0,0.0,0.0,0.0,0.0,0.0,0.0,0.0,22.91092154853035,72.35929664531102,669.0186843429711
preprocessed_images/EpsonV550/150/EpsonV550_150_0082.tif,150,142.0189283417201,18.34562414618175,266.4512828857104,153.30041818019237,130.7262678310953,5375508593.414926,0.030265808105353294,0.08942794799770573,0.0034446716308462345,0.07106018066379143,0.014770507812443654,0.11002731323200216,0.03429031372057232,0.107414245605059,0.33187866210810896,0.2074203491203025,0.0,0.0,0.0,0.0,0.0,0.0,0.0,0.0,0.0,0.0,25.29621196080375,89.74450134759469,847.0608006512874
preprocessed_images/EpsonV550/150/EpsonV550_150_0083.tif,150,142.21370930801427,16.10288380833013,275.3154789210889,152.383786098981,132.97130349794818,5369768701.352733,0.006416320800756774,0.028240203857314145,0.005065917968730675,0.047058105468570484,0.015121459960879815,0.18479156494070131,0.009426116943323418,0.12914276122997612,0.48060607909972913,0.09413146972620341,0.0,0.0,0.0,0.0,0.0,0.0,0.0,0.0,0.0,0.0,37.69750932862797,91.25400227945934,778.8157676883538
preprocessed_images/EpsonV550/150/EpsonV550_150_0097.tif,150,145.280854323292,18.24127891627429,270.28524423353633,157.12479908928083,133.94838938479046,5620176228.032685,0.010723114013630968,0.04380416870100477,0.002792358398426848,0.07171630859347643,0.014423370361273103,0.1841964721672661,0.014091491699164994,0.12933349609325662,0.33870315551628605,0.19021606445239939,0.0,0.0,0.0,0.0,0.0,0.0,0.0,0.0,0.0,0.0,30.68336584564759,108.88686323373292,792.7483837889548
preprocessed_images/EpsonV550/150/EpsonV550_150_0068.tif,150,138.8722493533496,15.690928752013425,263.9875624160434,148.59151145626743,129.92370937029833,5120119769.808154,0.013694763183541509,0.05319976806620331,0.004737854003888177,0.07485580444307383,0.013912200927681305,0.1720809936516873,0.017505645751886345,0.1264457702631895,0.3196983337390148,0.20386886596601916,0.0,0.0,0.0,0.0,0.0,0.0,0.0,0.0,0.0,0.0,22.146316793735735,65.95454115084696,562.6597550918317
preprocessed_images/EpsonV550/150/EpsonV550_150_0040.tif,150,143.58121340135125,16.486810346371566,277.4164453539069,153.8441016411483,133.99978603999625,5475501279.071853,0.014057159423774501,0.05139541625956957,0.0050544738769338435,0.07230377197238043,0.021247863769450197,0.1994209289543174,0.015369415283144495,0.1246871948237431,0.3185539245593317,0.17790985107354007,0.0,0.0,0.0,0.0,0.0,0.0,0.0,0.0,0.0,0.0,42.00174702797107,97.85240334352642,793.0308947323553
preprocessed_images/EpsonV550/150/EpsonV550_150_0054.tif,150,138.36755786605605,16.54096831870314,273.925326605732,148.09059622903777,128.9273674485066,5090622754.714213,0.004627227783185473,0.01974868774406529,0.003074645996082021,0.04097747802718743,0.014236450195258191,0.1972770690910443,0.006946563720676625,0.12739944457959212,0.5027198791484729,0.0829925537106209,0.0,0.0,0.0,0.0,0.0,0.0,0.0,0.0,0.0,0.0,33.552661840961896,95.32114372639694,715.9567026014911
preprocessed_images/EpsonV550/150/EpsonV550_150_0033.tif,150,138.19872846955658,16.376242417535572,264.89087682592464,148.36773407534645,128.72592028981668,5076961163.036621,0.019622802734300143,0.0751762390133851,0.0035133361816272225,0.07556915283174298,0.011440277099565733,0.13769149780220913,0.024078369140533146,0.10821151733357158,0.3248786926257138,0.21981811523353645,0.0,0.0,0.0,0.0,0.0,0.0,0.0,0.0,0.0,0.0,23.197205811439886,71.16153025525264,654.2201464339049
preprocessed_images/EpsonV550/150/EpsonV550_150_0027.tif,150,133.10167061376296,16.764290186203887,269.13254927138166,142.7993380014112,123.50152219543361,4717830771.997907,0.02375793457022187,0.07770919799775043,0.0034179687499869614,0.07633972167939629,0.02036666870109418,0.16216659545836576,0.02648544311513334,0.10676956176717083,0.29556655883676314,0.2074203491203025,0.0,0.0,0.0,0.0,0.0,0.0,0.0,0.0,0.0,0.0,29.606829542950376,75.91081897010494,761.5523619554995
preprocessed_images/EpsonV550/150/EpsonV550_150_0026.tif,150,143.94889140365015,16.834396511908096,287.4244662077019,153.07863697029677,134.48469437960793,5506250897.427008,0.016494750976499578,0.04877090454082958,0.007148742675753979,0.0764884948727551,0.033092498779170636,0.2159957885733948,0.018444061279226515,0.12484359741163313,0.2969856262195702,0.16173553466735177,0.0,0.0,0.0,0.0,0.0,0.0,0.0,0.0,0.0,0.0,64.02950063148589,119.38264552575372,758.0026385178353
preprocessed_images/EpsonV550/150/EpsonV550_150_0032.tif,150,140.7560855598405,16.714928730605603,272.7443694387564,151.2451372086578,130.92566089389294,5266909289.407671,0.011367797851519135,0.047225952148257345,0.0042419433593588185,0.07286071777315956,0.013099670410106278,0.1972770690910443,0.01599884033197022,0.13325500488230416,0.3184814453112851,0.18619155883718036,0.0,0.0,0.0,0.0,0.0,0.0,0.0,0.0,0.0,0.0,33.62710828452427,91.51229028549317,758.0026385178353
preprocessed_images/EpsonV550/150/EpsonV550_150_0018.tif,150,132.40529370909206,16.10433030938926,262.9832996802953,141.75411343754845,123.4089278044911,4663675782.930063,0.008392333984342986,0.03372955322252758,0.002994537353504202,0.0596237182614913,0.01123809814448838,0.20847320556561097,0.010326385498007483,0.1379776000971299,0.364448547361891,0.16279602050719147,0.0,0.0,0.0,0.0,0.0,0.0,0.0,0.0,0.0,0.0,21.491110934002744,60.30498571028923,705.5962018038363
preprocessed_images/EpsonV550/150/EpsonV550_150_0024.tif,150,140.30370486515085,17.010781576458406,276.52384608872256,150.41899833888093,130.40364207725437,5236194355.112662,0.004085540771468789,0.017841339111260065,0.003990173339828529,0.04298782348616414,0.015697479247986992,0.1945343017570704,0.007461547851534037,0.1198272705073554,0.5213699340800424,0.07220458984347455,0.0,0.0,0.0,0.0,0.0,0.0,0.0,0.0,0.0,0.0,38.43976765512059,102.00123879933929,778.1542263587598
preprocessed_images/EpsonV550/150/EpsonV550_150_0030.tif,150,149.44733823486257,18.068359957007434,278.58542585563174,160.20832546626224,138.46253622438985,5940437984.744941,0.010288238525351379,0.037258148193217246,0.004661560058575967,0.06234741210913716,0.018749237060475352,0.19546127319261375,0.013324737548777294,0.13721847534127343,0.37780761718605876,0.14288330078070494,0.0,0.0,0.0,0.0,0.0,0.0,0.0,0.0,0.0,0.0,43.79691456872799,120.82115956815602,845.5057657993824
preprocessed_images/EpsonV550/150/EpsonV550_150_0031.tif,150,140.65836972207626,16.543964121919927,268.30406252294273,151.03038246195734,130.8406978871213,5258210108.175724,0.008975982665981383,0.03561019897447353,0.004249572753890039,0.05989456176734964,0.011592864990190152,0.19746398925705924,0.012847900390575989,0.14110946655219608,0.36915206909038867,0.15910339355408057,0.0,0.0,0.0,0.0,0.0,0.0,0.0,0.0,0.0,0.0,27.3165026373171,85.92785229871535,767.2874298462083
preprocessed_images/EpsonV550/150/EpsonV550_150_0025.tif,150,131.7548199221932,17.58523402966894,270.8385721978255,141.073093516632,121.81295073125679,4631710408.011361,0.011512756347612332,0.03157043457019207,0.004776000976544281,0.05936431884742979,0.02127838134757508,0.20531845092695114,0.014324188232367233,0.13689041137643093,0.37406921386576053,0.1408958435053219,0.0,0.0,0.0,0.0,0.0,0.0,0.0,0.0,0.0,0.0,27.070290891785117,84.6247409986196,706.7729479825894
preprocessed_images/EpsonV550/150/EpsonV550_150_0019.tif,150,141.36441841256095,18.296400995353256,276.9958820667548,151.77549970569885,130.40722042639726,5326414042.236025,0.0128517150878416,0.04674911499005604,0.0033073425292842584,0.07380294799776534,0.018451690673757737,0.20095062255782717,0.018436431884695296,0.130123138427238,0.3142509460437231,0.18107604980399675,0.0,0.0,0.0,0.0,0.0,0.0,0.0,0.0,0.0,0.0,41.20382148182703,114.95111647633543,804.2487177484338
preprocessed_images/EpsonV550/150/EpsonV550_150_0021.tif,150,147.3306856079178,16.79724933706786,280.1062314747591,156.7827878827799,137.78886636471998,5764147709.736574,0.008159637451140749,0.027492523193254497,0.0061531066894296525,0.043380737304522014,0.020874023437420373,0.17002868652278888,0.01140594482417524,0.11190032958941688,0.5221557617167581,0.07844924926727886,0.0,0.0,0.0,0.0,0.0,0.0,0.0,0.0,0.0,0.0,49.82398378065423,116.57931303882354,824.8757482190879
preprocessed_images/EpsonV550/150/EpsonV550_150_0035.tif,150,147.4459799559805,16.271377880174864,282.2711495861029,157.70350922300688,137.96006712863243,5768498313.507339,0.01609039306634487,0.051288604736132476,0.007419586181612321,0.06950378417942236,0.023048400878818327,0.20973968505779364,0.01702117919915382,0.12808609008740202,0.30920410156132044,0.16859817504818497,0.0,0.0,0.0,0.0,0.0,0.0,0.0,0.0,0.0,0.0,54.53949502429101,104.2054820025441,796.1532515791165
preprocessed_images/EpsonV550/150/EpsonV550_150_0009.tif,150,141.58300029092877,16.505194959950963,278.1263577573302,151.25547144827203,132.15708137002264,5326285683.306561,0.012393951415968345,0.04861450195293955,0.006141662597632821,0.0742988586422947,0.02273178100577266,0.209579467772638,0.017925262451103496,0.12696838378857814,0.3055686950671937,0.17577743530206383,0.0,0.0,0.0,0.0,0.0,0.0,0.0,0.0,0.0,0.0,44.8861283953037,95.2523760774273,684.6152203975603
preprocessed_images/EpsonV550/150/EpsonV550_150_0008.tif,150,143.30576019895864,16.820053050822718,275.31066478811675,154.04993913137199,133.33066275579296,5457695235.331566,0.01397323608393107,0.05041885375957329,0.005565643310525644,0.07114028930636924,0.018939971923755874,0.19558334350511328,0.015213012695254467,0.12728881835888942,0.3199501037585451,0.18192672729422787,0.0,0.0,0.0,0.0,0.0,0.0,0.0,0.0,0.0,0.0,38.293053529194914,94.27896009021545,805.0962675357525
preprocessed_images/EpsonV550/150/EpsonV550_150_0034.tif,150,132.46440249410438,17.48200233185433,266.89614968328436,142.46517060249607,122.26220412675734,4679909594.536617,0.002773284912098796,0.013362884521433398,0.0018234252929617942,0.03985977172836357,0.011657714843705529,0.1956596374504255,0.005123138427714832,0.1177101135249416,0.5494842529275914,0.0625457763669489,0.0,0.0,0.0,0.0,0.0,0.0,0.0,0.0,0.0,0.0,24.73798528088904,72.61398501596821,750.3225972873269
preprocessed_images/EpsonV550/150/EpsonV550_150_0020.tif,150,140.66860498688436,17.166490331967946,269.3753794321756,151.55762547544023,130.3655187101558,5264466200.303673,0.015373229980410106,0.058860778808369214,0.00340652465819013,0.07723617553681474,0.013900756835884473,0.16891098022396503,0.019302368163988868,0.12005996704055763,0.3171691894519151,0.20578002929609002,0.0,0.0,0.0,0.0,0.0,0.0,0.0,0.0,0.0,0.0,27.848909217793906,88.04192060433135,823.8652802491437
preprocessed_images/EpsonV550/150/EpsonV550_150_0036.tif,150,137.0770417329914,17.268872875579667,267.9908093042193,147.11653395553853,126.9135332269145,5003891006.678289,0.015289306640566675,0.04240036010726013,0.005134582519511663,0.06720733642552487,0.021076202392497724,0.21952438354408446,0.01165390014643992,0.12993240356395747,0.32344055175657865,0.1643409728997637,0.0,0.0,0.0,0.0,0.0,0.0,0.0,0.0,0.0,0.0,29.452621521532553,76.96323063324421,821.2088650276494
preprocessed_images/EpsonV550/150/EpsonV550_150_0022.tif,150,136.6315963731249,17.330649714826777,262.3949190988163,147.6677639055697,126.19699983926795,4972490141.730484,0.011310577392534979,0.04899215698223498,0.002765655517567575,0.06943511962864138,0.010757446289021463,0.18162536621024464,0.01574325561517432,0.12305450439406183,0.3321647644030298,0.20415115356367433,0.0,0.0,0.0,0.0,0.0,0.0,0.0,0.0,0.0,0.0,21.48498328641557,75.85332792030792,804.8975090034755
preprocessed_images/EpsonV550/150/EpsonV550_150_0023.tif,150,135.51158487556688,16.500246751905735,253.79058255992757,145.98282813640674,125.819591352354,4885223251.21086,0.04638290405255744,0.09082794189418476,0.010372161865194808,0.05941390991188273,0.025608062744042936,0.09434127807581198,0.05052566528301038,0.12138366699172445,0.26524353027242564,0.2359008789053501,0.0,0.0,0.0,0.0,0.0,0.0,0.0,0.0,0.0,0.0,14.733639686049402,52.06212544208105,713.7632660763651
preprocessed_images/EpsonV550/150/EpsonV550_150_0037.tif,150,146.0283459115124,16.93782537575468,280.53702254653183,156.40234325592564,136.03753269711945,5665237955.5395975,0.009254455566370947,0.02887344360340548,0.004787445068341112,0.06412506103491163,0.02410507202139242,0.23448944091707424,0.011558532714799657,0.127361297606936,0.3841171264633784,0.11132812499957531,0.0,0.0,0.0,0.0,0.0,0.0,0.0,0.0,0.0,0.0,48.15780578259171,103.21040817982988,805.0055900427027
preprocessed_images/EpsonV550/150/EpsonV550_150_0012.tif,150,143.98812846707258,16.569061676689824,268.90805882274327,154.6759135429077,134.15124251323613,5506889139.957567,0.011745452880814569,0.04646301269513525,0.004432678222639341,0.07123565673800951,0.012805938720654273,0.18313217163016077,0.015186309814395194,0.13405990600534798,0.33313751220576043,0.18780136108326798,0.0,0.0,0.0,0.0,0.0,0.0,0.0,0.0,0.0,0.0,29.123924534998235,88.15957885054252,784.0
preprocessed_images/EpsonV550/150/EpsonV550_150_0006.tif,150,140.05145570552196,16.970637146266004,274.62206846706965,150.55170023425592,129.97297330806708,5217298093.28007,0.016376495361265654,0.06278991699194797,0.0037879943847511748,0.07989883422821083,0.02172088623038589,0.18294525146414586,0.018543243408132386,0.11370086669878501,0.294647216795751,0.2055892944328095,0.0,0.0,0.0,0.0,0.0,0.0,0.0,0.0,0.0,0.0,35.833669235159554,89.01342161343544,801.2889616112279
preprocessed_images/EpsonV550/150/EpsonV550_150_0007.tif,150,140.2516507286438,16.00531167084638,275.5285743033612,150.169189824029,131.07148017457325,5223663674.009953,0.005832672119118375,0.02614593505849401,0.004875183105450153,0.043998718261550905,0.012935638427685029,0.18601608276296228,0.008998870849575047,0.1302680969233312,0.4912147521953918,0.08971405029262651,0.0,0.0,0.0,0.0,0.0,0.0,0.0,0.0,0.0,0.0,35.482008185194886,89.59791789594411,781.2105990064395
preprocessed_images/EpsonV550/150/EpsonV550_150_0013.tif,150,145.3074959447824,16.266257026385126,284.99588777394735,155.12053172484138,135.986050695533,5604339743.559878,0.025390624999903143,0.06412124633764602,0.010166168212851844,0.07582092285127326,0.027557373046769876,0.1969451904289362,0.024051666259673875,0.12459564208936845,0.26694488525288795,0.18440628051687466,0.0,0.0,0.0,0.0,0.0,0.0,0.0,0.0,0.0,0.0,61.02262188579533,102.1172577381565,787.0006353237588
preprocessed_images/EpsonV550/150/EpsonV550_150_0039.tif,150,137.6600450054368,15.79204412836536,264.9532243433733,147.6801958181906,128.5802790422146,5033080035.384,0.006664276123021453,0.019393920898363518,0.003364562988268415,0.03469467163072702,0.009887695312462282,0.16656875610288022,0.007362365722628165,0.12193298339797236,0.5561714172342065,0.07395935058565536,0.0,0.0,0.0,0.0,0.0,0.0,0.0,0.0,0.0,0.0,23.406981665183654,66.82438438767012,590.0542347954126
preprocessed_images/EpsonV550/150/EpsonV550_150_0005.tif,150,134.84108719098612,16.796168196755925,263.4653879362121,144.69111916194728,125.13976042190527,4840287125.095275,0.011188507080035444,0.039813995361176246,0.004547119140607654,0.07318496704073645,0.025264739990137997,0.2159652709952699,0.015026092529239555,0.13230895996043276,0.31178665161013874,0.17091369628841052,0.0,0.0,0.0,0.0,0.0,0.0,0.0,0.0,0.0,0.0,22.88567477431912,70.29846731228997,774.9541921946096
preprocessed_images/EpsonV550/150/EpsonV550_150_0011.tif,150,131.32406134480584,17.348152999137437,254.61164431168334,142.2263946723958,120.88704680171568,4599832248.470944,0.007949829101532174,0.03330230712877921,0.002693176269520976,0.059230804443133424,0.008338928222624439,0.19721603393479456,0.012058258056594625,0.1433067321771877,0.36499786376813886,0.1709060668938793,0.0,0.0,0.0,0.0,0.0,0.0,0.0,0.0,0.0,0.0,14.437554975223977,57.221941601956644,790.9943109782776
preprocessed_images/EpsonV550/150/EpsonV550_150_0010.tif,150,135.94691410874674,17.768601553106866,272.23986295570484,146.49574346288676,125.28149701191249,4927595913.371728,0.009181976318324347,0.038169860839698144,0.003993988037094139,0.07194900512667866,0.0208473205565611,0.22198104858313758,0.013504028320260986,0.1284828186030255,0.33263015746943425,0.15925979614197058,0.0,0.0,0.0,0.0,0.0,0.0,0.0,0.0,0.0,0.0,34.69681423273341,83.71319970371081,786.7668015365163
preprocessed_images/EpsonV550/150/EpsonV550_150_0004.tif,150,142.3985751284209,16.433297098633773,279.29357118251625,152.1401894923149,133.0036472233971,5386379579.132871,0.007434844970674763,0.030178070068244255,0.004234313964827597,0.06106948852515766,0.0210304260253104,0.23011779785068467,0.009384155273401702,0.13037109374950268,0.3889846801742974,0.11719512939408418,0.0,0.0,0.0,0.0,0.0,0.0,0.0,0.0,0.0,0.0,45.938735097716936,101.01638821344858,773.8074695943429
preprocessed_images/EpsonV550/150/EpsonV550_150_0038.tif,150,144.40015877663132,17.750778919666743,271.0247274150992,154.8239774402174,133.86196588070385,5548669929.251467,0.024673461913968377,0.07606887817353794,0.005100250244121169,0.07628250122041212,0.017272949218684108,0.14157867431586615,0.026954650878803426,0.10907745361286515,0.31135940551639035,0.21163177490153642,0.0,0.0,0.0,0.0,0.0,0.0,0.0,0.0,0.0,0.0,31.084917687160154,90.53816932770438,808.9907292423072
preprocessed_images/EpsonV550/150/EpsonV550_150_0014.tif,150,142.8628625758672,18.010466736459065,282.88750719727284,153.40097200324826,132.04735127260855,5435339417.960113,0.037254333495951635,0.08419799804655381,0.0125961303710457,0.07365036010714092,0.042415618896322574,0.14145660400336663,0.042949676513508034,0.1185531616206415,0.2395820617666642,0.2073440551749903,0.0,0.0,0.0,0.0,0.0,0.0,0.0,0.0,0.0,0.0,58.38593640812064,122.25165958430387,757.0165123694462
preprocessed_images/EpsonV550/150/EpsonV550_150_0028.tif,150,150.2022779939785,16.352737807761105,286.3162722636066,160.13260937786163,140.71680325634935,5984258974.912291,0.011096954345660793,0.03557968139634865,0.006275177001929187,0.0573959350583748,0.023632049560456725,0.19520187377855222,0.01506805419916127,0.11267089843707019,0.4423637390119844,0.10071563720664704,0.0,0.0,0.0,0.0,0.0,0.0,0.0,0.0,0.0,0.0,69.4616522432606,126.14579380260355,754.6986153425751
preprocessed_images/EpsonV550/150/EpsonV550_150_0029.tif,150,137.67922406225247,18.21841276791642,265.38502349617784,147.68520065688443,126.83560448895446,5056096974.187031,0.012023925781204132,0.04514312744123404,0.003372192382799636,0.07043457031223131,0.01362991333002613,0.19377517700121394,0.014247894287055023,0.12870025634716528,0.3280754089342954,0.19059753417896041,0.0,0.0,0.0,0.0,0.0,0.0,0.0,0.0,0.0,0.0,24.539434690781153,73.47053579608841,760.8429535718918
preprocessed_images/EpsonV550/150/EpsonV550_150_0015.tif,150,128.83021195300535,16.655532718416644,256.888038128993,139.1537434717998,119.0245550693149,4423583080.642124,0.0035362243652208854,0.014019012451118397,0.0014343261718695285,0.03474426269517996,0.006954193115207847,0.17859268188408434,0.007091522216769823,0.12807083129833957,0.5517959594705513,0.07376098632784363,0.0,0.0,0.0,0.0,0.0,0.0,0.0,0.0,0.0,0.0,17.432014283690968,59.052632278246136,780.6920007275596
preprocessed_images/EpsonV550/150/EpsonV550_150_0001.tif,150,139.96535752597572,18.712422310860507,282.7157180333197,151.3786991807334,128.4898373124426,5227270912.374004,0.010066986083945972,0.04427337646467486,0.003875732421860215,0.07499694824190141,0.027938842773330922,0.2181892395011208,0.015354156494082054,0.12605667114209726,0.3021659851062692,0.1770820617669026,0.0,0.0,0.0,0.0,0.0,0.0,0.0,0.0,0.0,0.0,55.45493984607635,137.42574762611366,775.4031209635411
preprocessed_images/EpsonV550/150/EpsonV550_150_0017.tif,150,133.912025725321,16.11310760466285,266.43362680308365,143.19735066073412,124.88121429465835,4768940129.134441,0.011764526367142621,0.04267883300764969,0.004077911376937569,0.06852722167942608,0.014827728271427811,0.20027160644454853,0.014354705810492115,0.1328659057612119,0.3379173278795703,0.17271423339777864,0.0,0.0,0.0,0.0,0.0,0.0,0.0,0.0,0.0,0.0,25.54175985505547,74.56901694438899,697.820893926228
preprocessed_images/EpsonV550/150/EpsonV550_150_0003.tif,150,141.8099769648491,18.575972236450017,267.81208374519684,152.81718402781007,130.4304901563789,5362191253.18953,0.01218032836909416,0.05652618408181562,0.002761840820301964,0.07442474365205984,0.011714935302689685,0.17930984497001912,0.0157737731932992,0.1168746948237729,0.3203544616686998,0.210079193114433,0.0,0.0,0.0,0.0,0.0,0.0,0.0,0.0,0.0,0.0,25.824487704263532,83.96698158644628,843.9348316072752
preprocessed_images/EpsonV550/150/EpsonV550_150_0002.tif,150,140.64450408980292,17.417294533634085,276.45929413276826,150.51878122890216,130.52581261463706,5264962664.408791,0.009529113769494899,0.0320205688475341,0.0033493041992059733,0.06091308593726763,0.01754379272454245,0.21511459350503878,0.010749816894490243,0.13632202148385497,0.37448501586771205,0.13997268676704416,0.0,0.0,0.0,0.0,0.0,0.0,0.0,0.0,0.0,0.0,34.15654422503977,95.21203816139042,823.9077618277424
preprocessed_images/EpsonV550/150/EpsonV550_150_0016.tif,150,130.6634071786573,17.209313103382133,253.50526889037766,141.29351306036153,120.36710201931254,4553201793.899124,0.008056640624969266,0.03963470458969255,0.0018959045410083927,0.06719589233372804,0.0076599121093457795,0.19379806518480758,0.012802124023388664,0.1301345825190348,0.3447151184068881,0.19410705566332204,0.0,0.0,0.0,0.0,0.0,0.0,0.0,0.0,0.0,0.0,13.863824648639266,58.285342003724885,798.584998606911
preprocessed_images/EpsonV550/150/EpsonV550_150_0059.tif,150,134.45075308424546,16.676918132348593,263.86992714449855,144.68233140742714,124.72082307588278,4811685784.01109,0.00801467895504755,0.029850006103401754,0.002792358398426848,0.05730438232400015,0.009521484374963678,0.200443267821501,0.01055526733394411,0.1426200866693778,0.3979454040512163,0.14095306396430604,0.0,0.0,0.0,0.0,0.0,0.0,0.0,0.0,0.0,0.0,21.701317796109322,67.16951875895228,795.4684154634928
preprocessed_images/EpsonV550/150/EpsonV550_150_0071.tif,150,145.65069292599728,16.9116832273259,276.88042476604755,156.50005262564576,135.606057655771,5636129916.034631,0.010944366455036375,0.03947067260727131,0.0056648254394315155,0.060981750488048624,0.013874053955025199,0.19889068603439752,0.011295318603472536,0.1394348144525931,0.37240600585795436,0.1470375061029547,0.0,0.0,0.0,0.0,0.0,0.0,0.0,0.0,0.0,0.0,39.11279275145646,100.38376894362516,811.000616522577
preprocessed_images/EpsonV550/150/EpsonV550_150_0065.tif,150,136.86151206918018,17.524921127638247,267.2493260422039,146.88970596510248,126.59329586127929,4990748943.02866,0.04667663574200944,0.05178833007792744,0.018383026122976747,0.04909515380840646,0.02850723266590688,0.14862442016544866,0.029266357421763357,0.1249046325678829,0.3526268005357642,0.15012741088809917,0.0,0.0,0.0,0.0,0.0,0.0,0.0,0.0,0.0,0.0,23.556744763530688,66.4988332900757,775.0316122584936
preprocessed_images/EpsonV550/150/EpsonV550_150_0064.tif,150,143.04884381376246,17.809007652006986,270.741921502001,153.39018832954915,132.44725961099934,5447387046.216585,0.015083312988223711,0.04578018188459099,0.005397796630838784,0.06730270385716514,0.016368865966734432,0.19075775146411605,0.015087127685489322,0.12733078002881115,0.33346176147333734,0.18342971801687838,0.0,0.0,0.0,0.0,0.0,0.0,0.0,0.0,0.0,0.0,30.179000847991297,91.55006299575072,836.4161643583892
preprocessed_images/EpsonV550/150/EpsonV550_150_0070.tif,150,132.7954574468983,15.368818834109177,261.94407011330804,142.08395951503252,124.30292473086585,4684731937.164271,0.004772186279278671,0.015636444091737225,0.003143310546863009,0.03406143188463569,0.00869369506832621,0.1644821166985913,0.007770538330048483,0.12162399291945791,0.5745468139626521,0.06526947021459477,0.0,0.0,0.0,0.0,0.0,0.0,0.0,0.0,0.0,0.0,19.913057445098026,61.380051576771514,705.0574444681795
preprocessed_images/EpsonV550/150/EpsonV550_150_0058.tif,150,141.0129880768126,16.60194789176206,265.83017010163303,151.76237104441816,131.1118325790151,5284898401.196985,0.007556915283174297,0.029949188232307626,0.0037269592285014076,0.055744171142365476,0.011894226074173377,0.2007675170890779,0.010746002197224632,0.14679336547795566,0.38832473754734675,0.14449691772405815,0.0,0.0,0.0,0.0,0.0,0.0,0.0,0.0,0.0,0.0,25.189705494074772,81.7803750274124,661.0007564292192
preprocessed_images/EpsonV550/150/EpsonV550_150_0066.tif,150,141.9119181525253,18.026508716221954,272.03636901407333,152.14632395338612,131.26729774017645,5364501061.363318,0.009765624999962747,0.03227615356433,0.0036010742187362627,0.057518005370874335,0.013320922851511685,0.19973373413009746,0.013786315917916158,0.14180374145453717,0.3782234191880103,0.14997100830020915,0.0,0.0,0.0,0.0,0.0,0.0,0.0,0.0,0.0,0.0,31.22865267208587,97.74109574291151,850.1599849440104
preprocessed_images/EpsonV550/150/EpsonV550_150_0072.tif,150,148.18022491398625,16.972345197842152,282.7127995049063,159.05800432360198,137.95738807385717,5831508507.24968,0.014442443847601155,0.04696273803693023,0.0069503784179422365,0.07129669189425927,0.022178649902259144,0.19340896606371533,0.018924713134693433,0.13142013549754555,0.3359794616686402,0.15843582153259875,0.0,0.0,0.0,0.0,0.0,0.0,0.0,0.0,0.0,0.0,56.22810529963442,128.97101023790682,811.0055486863206
preprocessed_images/EpsonV550/150/EpsonV550_150_0099.tif,150,146.76697912019316,15.682463725319474,285.5093022796395,156.50729395917244,137.81327977615666,5711196541.042868,0.01770401000969809,0.04705429077130487,0.0071372985839571485,0.0711975097653534,0.027622222900285254,0.21869659423744697,0.016799926757748412,0.12525558471631906,0.31653213500855815,0.1520004272455139,0.0,0.0,0.0,0.0,0.0,0.0,0.0,0.0,0.0,0.0,68.433100280105,108.71529262709318,797.0156836599892
preprocessed_images/EpsonV550/150/EpsonV550_150_0098.tif,150,142.46489279518863,16.852420081824683,270.2148672490936,153.17133171341766,132.3737821784404,5394988988.30364,0.010704040527302916,0.041019439697109146,0.0036811828613140824,0.06695175170872897,0.012699127197217181,0.19671630859299957,0.012237548828078317,0.13557434081979533,0.34797286987171944,0.1724433898919203,0.0,0.0,0.0,0.0,0.0,0.0,0.0,0.0,0.0,0.0,29.61709633604011,87.00390847702451,778.0102827083971
preprocessed_images/EpsonV550/150/EpsonV550_150_0073.tif,150,134.71912277565747,16.037470453956814,261.2212455365545,144.35555369044042,125.59474998012539,4825138462.721103,0.010337829589804315,0.03401947021471397,0.0038528442382665526,0.060520172118909754,0.010948181152301987,0.20007705688400237,0.012779235839795,0.1414031982416481,0.35751724243027677,0.16854476928646642,0.0,0.0,0.0,0.0,0.0,0.0,0.0,0.0,0.0,0.0,20.99257048902993,63.13060503869485,771.746072228424
preprocessed_images/EpsonV550/150/EpsonV550_150_0067.tif,150,137.75212153204765,16.30124743130436,266.4068344894864,147.87292718607472,128.25485346027273,5044011703.834153,0.018417358398367244,0.06742477416966466,0.003913879394516319,0.0757598876950235,0.013652801513619793,0.16016006469665467,0.02445220947256297,0.1143913269038605,0.30368423461798216,0.21814346313393346,0.0,0.0,0.0,0.0,0.0,0.0,0.0,0.0,0.0,0.0,26.68174622434869,74.93339861496851,770.0025973982166
preprocessed_images/EpsonV550/150/EpsonV550_150_0063.tif,150,146.88877973770332,16.93623354862185,276.0910547953225,157.69114474449924,136.78249866860457,5731293493.892216,0.008213043212859294,0.027713775634659904,0.0061874389648201465,0.043838500976395266,0.0156631469725965,0.16827011108334247,0.009723663330041031,0.12096786498977291,0.5128669738749967,0.08655548095670107,0.0,0.0,0.0,0.0,0.0,0.0,0.0,0.0,0.0,0.0,38.63294295902893,95.01384063253536,686.0262385652607
preprocessed_images/EpsonV550/150/EpsonV550_150_0077.tif,150,139.82411204989273,16.866065564030194,272.1811882010722,149.81164029038678,130.00643598910565,5199690852.768447,0.01992416381828337,0.04716873168927319,0.007629394531220896,0.06460571289037854,0.021774291992104438,0.196575164794172,0.015422821044863042,0.1284065246577133,0.32368087768431214,0.1748123168938644,0.0,0.0,0.0,0.0,0.0,0.0,0.0,0.0,0.0,0.0,33.650092109257876,82.22313053118938,775.0161288644256
preprocessed_images/EpsonV550/150/EpsonV550_150_0088.tif,150,137.91905605397955,17.48771688199772,270.2754836976758,148.44849213687903,127.45507382536007,5066584559.338302,0.029094696044810887,0.08581161498990703,0.005111694335918,0.07225799560519311,0.018508911132741893,0.1282615661616201,0.033683776855340256,0.10763168334919879,0.31501388549684517,0.20462417602461003,0.0,0.0,0.0,0.0,0.0,0.0,0.0,0.0,0.0,0.0,29.50343913154159,84.03502586873277,798.6300770694778
preprocessed_images/EpsonV550/150/EpsonV550_150_0089.tif,150,145.24547185378736,15.93959256398426,278.1604638384016,154.91382963609806,136.19647894449952,5596857684.494951,0.007900238037079238,0.031311035156130554,0.005371093749979511,0.046344757079901336,0.018081665038993524,0.18482589721609183,0.010120391845664519,0.12590789794873844,0.47725677490052315,0.09288024902308319,0.0,0.0,0.0,0.0,0.0,0.0,0.0,0.0,0.0,0.0,42.146358137903874,91.75412286634472,678.5646616203942
preprocessed_images/EpsonV550/150/EpsonV550_150_0076.tif,150,144.2546504253666,16.582537104204864,278.75139542122304,154.1635298808133,134.7876627466826,5527144944.410833,0.010601043701131435,0.02799606323231508,0.00510787963865239,0.04513931274396843,0.01831054687493015,0.19224929809496974,0.009220123290980453,0.11587905883744858,0.4835166931133899,0.09197998046839913,0.0,0.0,0.0,0.0,0.0,0.0,0.0,0.0,0.0,0.0,44.54087235788956,97.24332933890175,739.083215883029
preprocessed_images/EpsonV550/150/EpsonV550_150_0062.tif,150,147.65693477557718,17.296013453929554,278.16846641610397,158.2416049340286,137.4080258070354,5793833934.839497,0.025772094726464186,0.06324005126929001,0.008495330810514467,0.07446670532198156,0.02505874633779503,0.16712188720639373,0.022335052490149172,0.11542892456010655,0.2929191589344295,0.20516204833906113,0.0,0.0,0.0,0.0,0.0,0.0,0.0,0.0,0.0,0.0,40.4841307783966,113.91944836339584,749.7252830203875
preprocessed_images/EpsonV550/150/EpsonV550_150_0074.tif,150,135.59978558610317,18.651760196827,262.86405444050615,146.40027970499006,124.22711963138792,4911317649.833874,0.017227172851496782,0.0664863586423245,0.0036315917968611465,0.07646179199189582,0.016288757324156612,0.1618919372552418,0.02299880981436539,0.11357879638628547,0.3068084716785171,0.21462631225504064,0.0,0.0,0.0,0.0,0.0,0.0,0.0,0.0,0.0,0.0,21.913699376420393,69.10467953532815,724.0027624256692
preprocessed_images/EpsonV550/150/EpsonV550_150_0060.tif,150,143.80534085528157,17.440337924019133,274.8474392393495,154.95726780735444,133.1738886665867,5500866775.064955,0.008876800537075513,0.033573150634637554,0.004623413085919863,0.05873107910133846,0.014896392822208799,0.20016479492111142,0.012359619140577852,0.1416625976557096,0.38539886474462354,0.13971328735298266,0.0,0.0,0.0,0.0,0.0,0.0,0.0,0.0,0.0,0.0,38.771459442076676,104.50745189730415,759.19035821064
preprocessed_images/EpsonV550/150/EpsonV550_150_0048.tif,150,138.50396562213436,16.91788033230909,270.1023847617157,148.33348221804988,128.77552462183007,5103829167.111066,0.005180358886698988,0.020557403564374705,0.003330230712877921,0.04135894775374848,0.016921997070247947,0.18626403808522696,0.008552551269498625,0.11967086791946537,0.5167694091777162,0.08139419555633012,0.0,0.0,0.0,0.0,0.0,0.0,0.0,0.0,0.0,0.0,33.17034410444175,87.88721972859213,690.0
preprocessed_images/EpsonV550/150/EpsonV550_150_0100.tif,150,139.00260986072865,18.172826358673582,269.08366761156367,149.97473558586205,127.92356747835414,5151647902.192488,0.028991699218639404,0.08747100830044757,0.0038986206054538778,0.07021331787082591,0.017486572265558293,0.12364196777296584,0.03404998779283886,0.10972595214801893,0.3168830871569943,0.2076377868644423,0.0,0.0,0.0,0.0,0.0,0.0,0.0,0.0,0.0,0.0,27.099113383652078,84.6975248923329,821.0054811022884
preprocessed_images/EpsonV550/150/EpsonV550_150_0049.tif,150,139.99623802095533,17.122155360835773,266.12740360080284,150.74934175841418,129.77864367412897,5214598558.966239,0.028217315673720482,0.049934387206840763,0.010173797607383064,0.06214904785132542,0.016544342040952512,0.1670379638665503,0.02086257934562354,0.1288528442377897,0.32963943481319563,0.18658828735280383,0.0,0.0,0.0,0.0,0.0,0.0,0.0,0.0,0.0,0.0,20.224289347528924,71.51265637590119,779.185472143828
preprocessed_images/EpsonV550/150/EpsonV550_150_0061.tif,150,145.29077255221162,16.89972849329588,278.44112941522434,155.7671055063396,135.26579805540365,5608573347.290316,0.05694198608376716,0.09958267211876075,0.015346527099550832,0.05834197998024619,0.03176879882800381,0.09914398193321554,0.05329132080057796,0.11916351318313917,0.27659988403214797,0.18981933593677588,0.0,0.0,0.0,0.0,0.0,0.0,0.0,0.0,0.0,0.0,46.284897786524375,112.34185410898692,730.0
preprocessed_images/EpsonV550/150/EpsonV550_150_0075.tif,150,138.19629620148407,17.498464915328753,261.5222836447424,148.7615130713702,127.71538763773766,5086750325.6571245,0.029087066650279665,0.08929061889614376,0.0036582946777204196,0.06869888305637856,0.013431549072214386,0.10851669311482041,0.033603668212762436,0.10747146606404315,0.3390731811510503,0.20716857910077222,0.0,0.0,0.0,0.0,0.0,0.0,0.0,0.0,0.0,0.0,19.490294895747784,75.03477054947547,844.3435319820956
preprocessed_images/EpsonV39/300/EpsonV39_300_0056.tif,300,139.07127656262193,17.81404675540062,282.6759691430327,148.42362986017096,128.99158031475952,5153268754.431572,0.010322570800741872,0.03401565551744837,0.004348754882795911,0.05225753784159753,0.021907806396400803,0.17976379394462674,0.011608123779252593,0.12246704101515782,0.44628143310376633,0.11702728271439733,0.0,0.0,0.0,0.0,0.0,0.0,0.0,0.0,0.0,0.0,48.37700098693144,123.60657071569625,815.0006134967016
preprocessed_images/EpsonV39/300/EpsonV39_300_0042.tif,300,144.91754088558307,16.190970195984413,277.5782123760354,154.94915441613762,135.58443545634168,5574031093.848313,0.00902175903316871,0.029495239257699982,0.004604339599591811,0.049610137939263874,0.014106750488227437,0.18097686767509089,0.01200485229487608,0.12476348876905531,0.46633148193181484,0.10908508300739637,0.0,0.0,0.0,0.0,0.0,0.0,0.0,0.0,0.0,0.0,41.759338515691454,100.74092890688678,814.2456631754326
preprocessed_images/EpsonV39/300/EpsonV39_300_0095.tif,300,145.67601973925105,17.57671289183121,271.3307762406083,156.45251534189003,135.16918617456048,5644076597.419055,0.014205932617133309,0.0477561950681772,0.0037841796874855645,0.061954498290779286,0.013820648193306653,0.17239761352473298,0.019790649413987005,0.13972473144477948,0.35297393798693477,0.17359161376886906,0.0,0.0,0.0,0.0,0.0,0.0,0.0,0.0,0.0,0.0,29.579581937096666,99.94286316405504,866.1928191805795
preprocessed_images/EpsonV39/300/EpsonV39_300_0081.tif,300,142.3812035550398,17.359242839308646,281.8997360905774,152.5185098965562,132.28304082538824,5393285234.7498045,0.008888244628872343,0.03448104858385284,0.0036544799804548093,0.058803558349385054,0.026603698730367265,0.2043533325187517,0.012783050537060612,0.1280822753901364,0.385189056395015,0.13716125488228928,0.0,0.0,0.0,0.0,0.0,0.0,0.0,0.0,0.0,0.0,55.0830314484429,123.47470057824735,844.0023696649198
preprocessed_images/EpsonV39/300/EpsonV39_300_0080.tif,300,142.08155016529966,17.14867375276655,274.2770414045218,152.3480155154767,132.05456248438847,5369035203.242461,0.009044647216762371,0.029178619384654318,0.0038871765136570466,0.04772567749005231,0.01751708984368318,0.1974945068351841,0.01005554199214914,0.1244316101069472,0.4453163146955669,0.11534881591752873,0.0,0.0,0.0,0.0,0.0,0.0,0.0,0.0,0.0,0.0,35.81885007136547,94.03471833299095,799.0006257819828
preprocessed_images/EpsonV39/300/EpsonV39_300_0094.tif,300,145.27272075046687,16.423098343392844,273.0532432486764,155.38474798670893,135.71969865573774,5603034805.944947,0.009471893310510742,0.038444519042822096,0.004531860351545213,0.058273315429465206,0.01379394531244738,0.17815399169853915,0.013931274414009357,0.138740539550252,0.3973731994613748,0.1472854614252194,0.0,0.0,0.0,0.0,0.0,0.0,0.0,0.0,0.0,0.0,33.76102306273316,100.59010356471913,859.57431325046
preprocessed_images/EpsonV39/300/EpsonV39_300_0043.tif,300,138.33583448004913,16.705337555429928,272.6808047752955,148.1196889235687,128.6554028587726,5089754193.364886,0.01311874389643433,0.03902053832992927,0.0047645568847474494,0.05917739868141488,0.022163391113196703,0.21427917480387007,0.009975433349571322,0.12625122070264339,0.36805343627789283,0.143196105956485,0.0,0.0,0.0,0.0,0.0,0.0,0.0,0.0,0.0,0.0,37.69515004360949,74.78650676205383,825.0733300743638
preprocessed_images/EpsonV39/300/EpsonV39_300_0057.tif,300,130.733847061002,16.527429379793666,256.5923568111888,140.80850580184978,121.13785841786459,4551998095.82492,0.006877899169895637,0.030017852783088616,0.0016479492187437136,0.04645538330060404,0.0058479309081808165,0.17786788940361836,0.011219024658160328,0.13595199584909076,0.4503936767560944,0.13372039794870863,0.0,0.0,0.0,0.0,0.0,0.0,0.0,0.0,0.0,0.0,16.150014693344588,59.447196679644435,749.6612568353789
preprocessed_images/EpsonV39/300/EpsonV39_300_0041.tif,300,142.15088220602482,16.019936072186006,273.00094596354097,151.80177862946337,133.12154174565543,5364386801.571089,0.006195068359351368,0.02187347412101031,0.0035095214843616123,0.04161453247054438,0.013610839843698078,0.1882896423332661,0.008129119873015865,0.1263313293452212,0.4970321655254477,0.09341430664026865,0.0,0.0,0.0,0.0,0.0,0.0,0.0,0.0,0.0,0.0,32.608658016414296,89.71538337115321,831.2653006110625
preprocessed_images/EpsonV39/300/EpsonV39_300_0055.tif,300,138.760286643666,15.90000508681345,267.1635029385176,148.5799907787989,129.74408202640927,5113702596.26539,0.00986862182613423,0.030189514160041085,0.0037498474120950705,0.04433441162092463,0.009841918945274955,0.16585159301694544,0.01115798950191056,0.1268768310542035,0.4804267883282454,0.11770248413041037,0.0,0.0,0.0,0.0,0.0,0.0,0.0,0.0,0.0,0.0,24.79357532964942,73.82321167263417,770.6464818579269
preprocessed_images/EpsonV39/300/EpsonV39_300_0069.tif,300,155.81083128956266,15.744334299644768,289.6958134515285,165.73149031212037,146.83100251076212,6429055178.423274,0.02146148681632438,0.06555938720678116,0.010532379150350447,0.0692596435544233,0.028999328613170627,0.17344665527277583,0.020538330078046653,0.1232223510737487,0.3201065063464351,0.16687393188412905,0.0,0.0,0.0,0.0,0.0,0.0,0.0,0.0,0.0,0.0,81.2987065971485,128.80852917394478,786.0
preprocessed_images/EpsonV39/300/EpsonV39_300_0082.tif,300,143.53941965394486,18.239547104547373,268.4458627951592,154.6759655134046,132.36300851739463,5488311290.605158,0.011482238769487448,0.04345703124983422,0.002819061279286121,0.061168670654063534,0.012329101562452968,0.17500305175714492,0.01839828491203919,0.14095687866157167,0.3697929382310112,0.164592742919294,0.0,0.0,0.0,0.0,0.0,0.0,0.0,0.0,0.0,0.0,26.475274105451142,97.03605422678487,871.176216387936
preprocessed_images/EpsonV39/300/EpsonV39_300_0096.tif,300,138.68802340559716,15.918862709034855,268.25311081207496,148.59228667639255,129.52514103521074,5108604082.87411,0.002769470214833185,0.014690399169865835,0.0029678344726449283,0.028545379638562983,0.007431030273409153,0.15916442871033032,0.005245208740214366,0.11802673339798726,0.6032066345191833,0.05795288085915393,0.0,0.0,0.0,0.0,0.0,0.0,0.0,0.0,0.0,0.0,25.14242116391065,81.49658373938362,732.0
preprocessed_images/EpsonV39/300/EpsonV39_300_0097.tif,300,146.64396379890982,18.239530479856022,271.85253945711844,158.5752943166102,135.22624821304814,5724473285.877846,0.004570007324201317,0.019207000732348607,0.0022697448730382166,0.04175949096663757,0.012424468994093229,0.16642379760678702,0.007896423339813627,0.12717819213818674,0.5260200500468215,0.09225082397425746,0.0,0.0,0.0,0.0,0.0,0.0,0.0,0.0,0.0,0.0,31.72505323197025,116.65261135113313,823.169484371232
preprocessed_images/EpsonV39/300/EpsonV39_300_0083.tif,300,144.97283286445597,16.051144301507215,277.8675533995133,155.2010048048449,135.6983873819061,5577051079.215225,0.007720947265595547,0.03201293945300288,0.005638122558572242,0.047061920165836095,0.015552520751893796,0.1702804565423192,0.010658264160115592,0.12292861938429668,0.4844093322735427,0.10373687744101052,0.0,0.0,0.0,0.0,0.0,0.0,0.0,0.0,0.0,0.0,42.297822858762856,101.99395899164126,829.0150782705946
preprocessed_images/EpsonV39/300/EpsonV39_300_0068.tif,300,141.30605593473385,15.701777255485984,266.43765730052786,151.05555950568888,132.37379990049163,5298964988.640896,0.010467529296835068,0.03813934326157326,0.0034675598144398973,0.051845550536911596,0.009128570556605802,0.1711235046380191,0.01388549804682203,0.13685607910104045,0.42246246337729465,0.14262390136664344,0.0,0.0,0.0,0.0,0.0,0.0,0.0,0.0,0.0,0.0,23.858721314007695,74.35562499384207,607.0205927314163
preprocessed_images/EpsonV39/300/EpsonV39_300_0054.tif,300,139.49761069742416,16.57822701582885,275.3887878792273,149.2196944761366,130.04567688057926,5173260058.959144,0.005989074707008404,0.024135589599517303,0.0030097961425666433,0.04640960693341671,0.016170501708922688,0.187957763671158,0.008281707763640282,0.12741088867138897,0.4769401550274775,0.1036949157710888,0.0,0.0,0.0,0.0,0.0,0.0,0.0,0.0,0.0,0.0,36.30828946899234,100.9209028612483,744.6945682627207
preprocessed_images/EpsonV39/300/EpsonV39_300_0040.tif,300,145.94137085206543,16.392696279656388,279.6992430184321,156.15721660051193,136.36667131299012,5653818039.991576,0.006614685058568517,0.027317047119036417,0.004669189453107189,0.04877090454082958,0.01897048950188076,0.1956672668449567,0.008327484130827609,0.12153244018508326,0.4644851684552594,0.10364532470663587,0.0,0.0,0.0,0.0,0.0,0.0,0.0,0.0,0.0,0.0,45.57959621854377,108.57079703997222,833.0294112454853
preprocessed_images/EpsonV39/300/EpsonV39_300_0078.tif,300,142.99824071895122,16.593522630224026,271.0464931209032,152.8963497839523,133.47715528972685,5432630795.827906,0.007164001464816421,0.023380279540926436,0.003448486328111845,0.045185089111155756,0.014194488525336477,0.187595367430925,0.009513854980432458,0.12762451171826314,0.4803009033184803,0.10159301757773745,0.0,0.0,0.0,0.0,0.0,0.0,0.0,0.0,0.0,0.0,32.442731688321835,90.13904269832662,821.0298411141948
preprocessed_images/EpsonV39/300/EpsonV39_300_0044.tif,300,133.81040801135438,16.37355453245264,264.7117697183774,143.32988954538445,124.48781350840825,4764026425.8859415,0.017086029052669198,0.04474258422834494,0.004898071289043815,0.060146331786879934,0.01907730102531785,0.1938781738273854,0.014606475830022406,0.13032913207958097,0.3508949279771771,0.1643409728997637,0.0,0.0,0.0,0.0,0.0,0.0,0.0,0.0,0.0,0.0,25.422358323687156,62.20728671991376,820.0219509257054
preprocessed_images/EpsonV39/300/EpsonV39_300_0050.tif,300,144.81212892771012,17.63224737678301,271.45774504449656,156.103468398379,133.9457089090471,5578804122.650357,0.01013183593746135,0.0341033935545574,0.0034980773925647806,0.05262374877909613,0.015338897705019611,0.17800903320244593,0.01344680786127683,0.13139343261668626,0.42464065551595825,0.1368141174311187,0.0,0.0,0.0,0.0,0.0,0.0,0.0,0.0,0.0,0.0,30.54862171975423,97.68748068693037,833.797337486754
preprocessed_images/EpsonV39/300/EpsonV39_300_0087.tif,300,144.6076138384407,16.75932891487007,274.21961616471924,155.37400465326917,134.6369142880291,5555417798.600132,0.008548736572233014,0.03563308715806719,0.004024505615219023,0.0554237365720542,0.013008117675731628,0.17994689941337605,0.013179779052684098,0.13624191284127715,0.42033386230308406,0.13365936279245888,0.0,0.0,0.0,0.0,0.0,0.0,0.0,0.0,0.0,0.0,34.74900398502892,98.39981987759666,808.1843849023563
preprocessed_images/EpsonV39/300/EpsonV39_300_0093.tif,300,144.2377156135403,16.910405651025172,272.7493885412477,154.9549379063607,134.1806048344876,5528742900.451182,0.004577636718732537,0.022193908691321585,0.0028228759765517317,0.0423164367674167,0.01089859008784905,0.17469024658136487,0.007316589355440839,0.12688827514600032,0.5118865966777348,0.09640884399377285,0.0,0.0,0.0,0.0,0.0,0.0,0.0,0.0,0.0,0.0,31.1125573424368,99.37892399315075,810.1320879955317
preprocessed_images/EpsonV39/300/EpsonV39_300_0092.tif,300,147.3179701487323,16.79169133500296,277.2578613036542,158.1183409182772,137.29690020097925,5763116623.890423,0.005889892578102532,0.022792816162022427,0.0036697387695172508,0.04586029052716881,0.013824462890572263,0.1824073791496948,0.009159088134730686,0.12984085082958283,0.48525619506650824,0.10129928588828545,0.0,0.0,0.0,0.0,0.0,0.0,0.0,0.0,0.0,0.0,38.028753466950576,113.66632892192524,845.2336954949205
preprocessed_images/EpsonV39/300/EpsonV39_300_0086.tif,300,147.0521197337077,17.434273278390148,274.742957099179,158.1994927971901,136.43981666157308,5748366980.657264,0.00613021850583599,0.025131225585841632,0.003028869628894696,0.044242858886549975,0.013404846191355114,0.16486358642515234,0.009471893310510742,0.12525177001905344,0.5112419128398467,0.09723281860314471,0.0,0.0,0.0,0.0,0.0,0.0,0.0,0.0,0.0,0.0,36.85525744810067,114.70755321755342,870.2781164662248
preprocessed_images/EpsonV39/300/EpsonV39_300_0051.tif,300,140.15768657034448,17.246347931196855,260.1067011375764,150.9682865733409,129.75252221742988,5227574361.250811,0.006755828857396103,0.022960662841709285,0.002841949462879784,0.04172515869124708,0.01021575927730478,0.16434860229429493,0.01081466674800562,0.12743377685498264,0.5078086853007973,0.10509490966756785,0.0,0.0,0.0,0.0,0.0,0.0,0.0,0.0,0.0,0.0,19.42857818899988,76.67122969270171,822.1642171731874
preprocessed_images/EpsonV39/300/EpsonV39_300_0045.tif,300,140.3465153731309,16.7152958394116,263.02232059102937,150.6330453675439,130.50227549087674,5236731541.554336,0.003952026367172424,0.013183593749949709,0.0021820068359291764,0.02691268920888171,0.007026672363254445,0.1498718261713033,0.0063896179198975,0.11359786987261353,0.6157379150367136,0.06114578247046987,0.0,0.0,0.0,0.0,0.0,0.0,0.0,0.0,0.0,0.0,20.92480492256289,82.49649167944389,821.1796392994653
preprocessed_images/EpsonV39/300/EpsonV39_300_0079.tif,300,139.33514337890242,16.76527175074997,271.8517896380122,150.0064217971404,129.41825667244612,5163019538.869989,0.015193939208926414,0.05313873290995354,0.004047393798812685,0.05986785888649037,0.013900756835884473,0.17869186401299023,0.021911621093666414,0.13127136230418673,0.3466491699205526,0.1753273010247218,0.0,0.0,0.0,0.0,0.0,0.0,0.0,0.0,0.0,0.0,33.803750338186035,91.00318600151655,814.2788220259691
preprocessed_images/EpsonV39/300/EpsonV39_300_0053.tif,300,146.76529763341452,17.193143520551452,279.8364149863658,157.02887076231366,136.66790151016073,5724086409.243667,0.022766113281163153,0.05001068115215297,0.007293701171847177,0.06264877319312039,0.029445648193247048,0.18644332885671064,0.019432067871019622,0.1257171630854579,0.3326950073229496,0.16354751586851674,0.0,0.0,0.0,0.0,0.0,0.0,0.0,0.0,0.0,0.0,47.51001717153287,103.20619878377605,852.4423734188722
preprocessed_images/EpsonV39/300/EpsonV39_300_0047.tif,300,142.6836299891898,17.703973135169722,269.62828992005325,153.68826746443847,131.9653686981324,5419053595.141823,0.010177612304648675,0.034488677978384064,0.0035018920898303913,0.054294586181433506,0.01864624023430387,0.17597198486260995,0.014530181884710197,0.1285896301264626,0.4221343994124522,0.13766479492134984,0.0,0.0,0.0,0.0,0.0,0.0,0.0,0.0,0.0,0.0,27.143679386063354,94.9772543160539,835.8109834167053
preprocessed_images/EpsonV39/300/EpsonV39_300_0090.tif,300,147.7796994579378,16.94052052756521,280.5262533198624,158.5636504601033,137.579937823722,5800151169.793595,0.006233215332007472,0.02657318115224238,0.004165649414046609,0.045181274413890145,0.01820373535149306,0.19359588622973023,0.010520935058553615,0.11526870727495091,0.48793029784970116,0.09232711791956967,0.0,0.0,0.0,0.0,0.0,0.0,0.0,0.0,0.0,0.0,52.09026052956274,118.11146126594294,835.8875522461141
preprocessed_images/EpsonV39/300/EpsonV39_300_0084.tif,300,137.27350098781602,16.89731385102572,261.7666156532024,147.49945241050506,127.45285280588946,5014692374.467572,0.008239746093718567,0.020618438720624473,0.0038681030273289944,0.03578948974595722,0.010334014892538703,0.16728591918881497,0.008842468261685018,0.12218856811476826,0.5333709716776528,0.08946228027309623,0.0,0.0,0.0,0.0,0.0,0.0,0.0,0.0,0.0,0.0,19.23604137863462,70.2066408772069,830.1951577791815
preprocessed_images/EpsonV39/300/EpsonV39_300_0085.tif,300,144.58451927731025,17.978991281536597,271.0317335585689,155.15746226979144,133.77728656103216,5564773785.18122,0.005077362060527506,0.01932144165031692,0.0027809143066300167,0.03721618652329553,0.011718749999955296,0.17723464965752703,0.007011413574192003,0.12860488891552505,0.5249290466288569,0.08610534667935903,0.0,0.0,0.0,0.0,0.0,0.0,0.0,0.0,0.0,0.0,29.576328342681105,98.31376129598722,851.9460076788904
preprocessed_images/EpsonV39/300/EpsonV39_300_0091.tif,300,143.8792786629237,17.242915667108754,274.70441806270264,154.41890955476708,133.65765060990293,5504647815.303336,0.009819030761681294,0.035022735595569524,0.0033187866210810896,0.05518722534158635,0.01847076416008579,0.20441818237226708,0.010776519775349516,0.12507247924756976,0.40580749511563946,0.13210678100535542,0.0,0.0,0.0,0.0,0.0,0.0,0.0,0.0,0.0,0.0,39.41778491203221,93.91068576494186,801.34511915903
preprocessed_images/EpsonV39/300/EpsonV39_300_0046.tif,300,138.93437583891728,16.889781490998832,265.53356087570114,149.49422456850232,128.99055928423692,5134883358.916793,0.00527572631833925,0.021812438964760542,0.0023612976074128674,0.043792724609207946,0.00799942016598511,0.17869567871025582,0.009651184081994434,0.12664031982373566,0.5036697387676099,0.10010147094688376,0.0,0.0,0.0,0.0,0.0,0.0,0.0,0.0,0.0,0.0,25.21758145567656,78.38288306797786,813.7923568085412
preprocessed_images/EpsonV39/300/EpsonV39_300_0052.tif,300,139.7201101675146,16.684035709696317,275.91590973669884,149.54837334673107,130.09371799947456,5190468562.527151,0.016921997070247947,0.04138565063460775,0.0062561035156011345,0.060016632079849176,0.030696868896367274,0.18846511840748417,0.018352508544851865,0.12653732299756418,0.36822509765484535,0.14314270019476644,0.0,0.0,0.0,0.0,0.0,0.0,0.0,0.0,0.0,0.0,37.6917577656357,87.34515590705786,724.0027624256692
preprocessed_images/EpsonV39/300/EpsonV39_300_0035.tif,300,149.78241600170824,16.21248582443945,284.9020583124642,160.0058321409398,140.406529701261,5950044068.883051,0.012035369873000964,0.03914260864242881,0.006599426269506075,0.0581626892087625,0.022445678710851878,0.2014350891105597,0.014274597167914297,0.12314224243117088,0.40091323852386124,0.12184906005812893,0.0,0.0,0.0,0.0,0.0,0.0,0.0,0.0,0.0,0.0,60.68669842396308,116.00875913763933,839.53439476891
preprocessed_images/EpsonV39/300/EpsonV39_300_0021.tif,300,148.26380759477098,16.506790945281786,280.9170587087958,157.64092899962912,138.88562732396917,5833917933.764084,0.011001586914020532,0.029052734374889172,0.007312774658175229,0.04439163207990878,0.022373199462805277,0.1639022827142185,0.012592315673780089,0.11245727539019601,0.5095901489238372,0.08732604980435438,0.0,0.0,0.0,0.0,0.0,0.0,0.0,0.0,0.0,0.0,52.314786766771256,120.27936371341144,825.7420904858853
preprocessed_images/EpsonV39/300/EpsonV39_300_0009.tif,300,142.3663345969446,16.40514878246509,278.687673318851,151.9712244481683,133.04826600066465,5383730530.3909025,0.008552551269498625,0.036907196044781085,0.005313873290995354,0.060398101806410226,0.019981384277267526,0.1993827819816613,0.013786315917916158,0.1223487853999239,0.39320755004732816,0.14012145996040298,0.0,0.0,0.0,0.0,0.0,0.0,0.0,0.0,0.0,0.0,45.3396202177344,98.46401811407968,689.0587783346207
preprocessed_images/EpsonV39/300/EpsonV39_300_0008.tif,300,145.25185815532387,16.712307302560493,277.5063392555903,155.8424685289418,135.365935583629,5603958066.498644,0.007518768310518193,0.02901840209949868,0.004943847656231141,0.047733306884583535,0.01641845703118737,0.17745208740166682,0.009506225585901236,0.11743927001908325,0.4887390136700106,0.10123062133750446,0.0,0.0,0.0,0.0,0.0,0.0,0.0,0.0,0.0,0.0,41.108343624964355,104.66680807751328,824.2293370173134
preprocessed_images/EpsonV39/300/EpsonV39_300_0020.tif,300,142.5819011855343,17.143841495213895,271.33377754695175,153.423044613108,132.35839822692736,5406329365.304309,0.008640289306607665,0.03248977661120418,0.003311157226549869,0.05229949951151924,0.012588500976514478,0.17516708373956616,0.012325286865187357,0.13114547729442158,0.4383239746077029,0.1337089538569118,0.0,0.0,0.0,0.0,0.0,0.0,0.0,0.0,0.0,0.0,29.587545505471542,96.74876909013508,842.4120132096882
preprocessed_images/EpsonV39/300/EpsonV39_300_0034.tif,300,134.26619152893323,18.06975386062455,269.5081507603848,145.0476775590763,123.35570724310715,4811371627.745835,0.0023956298828033615,0.013618469238229299,0.0018005371093681314,0.03351211547838778,0.011306762695269368,0.19200897216723628,0.005012512207012129,0.11162948608355854,0.5684204101540816,0.06029510498023874,0.0,0.0,0.0,0.0,0.0,0.0,0.0,0.0,0.0,0.0,27.5028081830866,80.30955400871687,803.0155664742745
preprocessed_images/EpsonV39/300/EpsonV39_300_0022.tif,300,138.19065493149924,17.500652360205347,264.18736508745667,149.40464800637753,127.52500952351696,5086361667.09037,0.00850296020504569,0.03564834594712964,0.0023956298828033615,0.05151367187480349,0.009605407714807107,0.17829513549736672,0.01354217529291709,0.13267135620066578,0.4165916442855202,0.1512336730951262,0.0,0.0,0.0,0.0,0.0,0.0,0.0,0.0,0.0,0.0,22.985754442955006,83.08904386147815,829.9638546346462
preprocessed_images/EpsonV39/300/EpsonV39_300_0036.tif,300,137.9344191797179,17.228484175382807,270.21755256105155,147.79520722404496,127.87753537033147,5065336333.645263,0.011463165283159396,0.028564453124891035,0.004226684570296377,0.047569274902162284,0.019405364990160347,0.1930351257316855,0.008426666259733479,0.11675643920853898,0.45955657958809065,0.1109962463374672,0.0,0.0,0.0,0.0,0.0,0.0,0.0,0.0,0.0,0.0,31.593955034055107,83.84495076105351,851.8121858719796
preprocessed_images/EpsonV39/300/EpsonV39_300_0037.tif,300,146.9213708215549,17.069815863391177,283.5314453193697,157.20986075495142,136.95787537694133,5734994494.801819,0.008308410644499555,0.027809143066300165,0.004623413085919863,0.061008453368907894,0.027164459228412,0.2297286987295924,0.011302947998003757,0.12201309204055018,0.39225769042819114,0.11578369140580831,0.0,0.0,0.0,0.0,0.0,0.0,0.0,0.0,0.0,0.0,54.31447182804405,115.68145479626733,843.0005931196016
preprocessed_images/EpsonV39/300/EpsonV39_300_0023.tif,300,135.50097302353674,16.499166547206546,253.37486406818232,145.96192225976068,125.82960951330851,4884459995.025294,0.008029937744109993,0.022293090820227457,0.002948760986316876,0.03620529174790876,0.008171081542937579,0.16639328002866213,0.010143280029258182,0.13238906860301058,0.5144653320292875,0.09896087646446625,0.0,0.0,0.0,0.0,0.0,0.0,0.0,0.0,0.0,0.0,12.871834516741371,55.1292835411591,791.4657288853384
preprocessed_images/EpsonV39/300/EpsonV39_300_0027.tif,300,135.5317098544768,16.999748894462343,272.2508422717339,145.4030574650373,125.68221708921857,4891039718.061601,0.011753082275345791,0.04132461547835798,0.0032157897949096075,0.06377410888647547,0.01990890502922093,0.20660018920819626,0.015804290771424086,0.1305236816401271,0.34900665283069987,0.15808868408142818,0.0,0.0,0.0,0.0,0.0,0.0,0.0,0.0,0.0,0.0,33.26599779709867,86.91328497931406,806.3708824108172
preprocessed_images/EpsonV39/300/EpsonV39_300_0033.tif,300,140.56978697204826,16.12187129872057,266.85261593226073,150.5200502611414,131.28165246352506,5248065141.09043,0.008792877197232082,0.03500366210924147,0.0034255981445181823,0.050979614257618024,0.009246826171839726,0.17563629150323626,0.012382507324171513,0.13625335693307397,0.42676162719563765,0.1415176391596164,0.0,0.0,0.0,0.0,0.0,0.0,0.0,0.0,0.0,0.0,24.35601467256153,78.68245866628983,634.0930531081381
preprocessed_images/EpsonV39/300/EpsonV39_300_0032.tif,300,143.50876314308525,16.66507564173345,274.7631712082929,153.94826810533715,133.71059025791112,5471597977.928427,0.00996398925777449,0.040237426757659005,0.004264831542952481,0.05744171142556213,0.01327896118158997,0.18125152587821483,0.015693664550721385,0.13040161132762756,0.39800262451020046,0.14946365356388297,0.0,0.0,0.0,0.0,0.0,0.0,0.0,0.0,0.0,0.0,36.82770659846077,100.53842405342314,806.0397012554655
preprocessed_images/EpsonV39/300/EpsonV39_300_0026.tif,300,145.76828241066374,16.80088785249462,289.32967577715294,154.9585236403691,136.27502405484637,5644133856.598325,0.0187301635741473,0.05022430419902716,0.008472442626920805,0.07062149047824623,0.03596115112290969,0.1979255676261981,0.021411895751871444,0.12182617187453526,0.32003021240112295,0.15479660034120638,0.0,0.0,0.0,0.0,0.0,0.0,0.0,0.0,0.0,0.0,68.79119208849824,127.53611633701257,771.0525273935622
preprocessed_images/EpsonV39/300/EpsonV39_300_0018.tif,300,134.80595770249332,16.124923828693948,265.36626184975466,144.12332163391673,125.84079630482697,4832011065.902392,0.00519943237302704,0.02332305908194228,0.0022811889648350478,0.0412216186521865,0.009323120117151935,0.1899681091301347,0.0071182250976290955,0.12461853027296212,0.4903182983379733,0.10662841796834324,0.0,0.0,0.0,0.0,0.0,0.0,0.0,0.0,0.0,0.0,23.25336596007502,68.0160469026296,760.0342097563766
preprocessed_images/EpsonV39/300/EpsonV39_300_0030.tif,300,151.00525720712483,17.910514916626504,280.3542470684331,161.7074697213701,140.1322853093141,6061653819.069199,0.009105682373012139,0.031208038329959074,0.004943847656231141,0.04949188232402995,0.017845153808525676,0.17278289794855964,0.012409210205030788,0.12833023071240107,0.45925903320137307,0.11462402343706274,0.0,0.0,0.0,0.0,0.0,0.0,0.0,0.0,0.0,0.0,47.15938994432937,129.79568913505946,861.2096144377396
preprocessed_images/EpsonV39/300/EpsonV39_300_0024.tif,300,142.4509387765815,16.995601789595078,278.92019466120496,152.56864203355732,132.58281878594957,5395217236.23535,0.005599975585916138,0.024658203124905936,0.0035629272460801584,0.048492431640440016,0.0191688537596925,0.19633865356370414,0.009838104248009346,0.1222419738764868,0.46929550170719414,0.10080337524375609,0.0,0.0,0.0,0.0,0.0,0.0,0.0,0.0,0.0,0.0,43.037945294177234,112.03265867353099,822.0608250001942
preprocessed_images/EpsonV39/300/EpsonV39_300_0025.tif,300,132.3619026030549,17.567948704888515,270.14151934425337,141.87578831321213,122.34916586957607,4673583469.66419,0.008491516113248858,0.025310516357325324,0.0037498474120950705,0.04769897460919304,0.018760681152272182,0.1833610534660974,0.011615753173783813,0.12180328369094161,0.47039413451969,0.10881423950153803,0.0,0.0,0.0,0.0,0.0,0.0,0.0,0.0,0.0,0.0,26.95122650271024,83.68672757807332,748.964618656983
preprocessed_images/EpsonV39/300/EpsonV39_300_0031.tif,300,142.47024924015494,16.60035485226325,270.12155283348585,152.78072150401766,132.7600696624344,5393178610.833273,0.006744384765599272,0.028244018554579756,0.003303527832018648,0.04658126831036918,0.009639739990197602,0.17955398559501817,0.010711669921834139,0.13443374633737779,0.45989608764473,0.1208915710444607,0.0,0.0,0.0,0.0,0.0,0.0,0.0,0.0,0.0,0.0,29.199604511116128,94.39601360934068,792.0
preprocessed_images/EpsonV39/300/EpsonV39_300_0019.tif,300,143.467540478634,18.123907080353668,278.8949724486179,153.79969571924556,132.66120713169903,5481800972.0673485,0.010166168212851844,0.04028701782211194,0.002937316894520045,0.06224441528296568,0.01781463623040079,0.18910598754810673,0.01762390136712027,0.12931442260692858,0.3812866210922955,0.14921951293888389,0.0,0.0,0.0,0.0,0.0,0.0,0.0,0.0,0.0,0.0,44.6840099367453,123.61056819902984,851.4740160451169
preprocessed_images/EpsonV39/300/EpsonV39_300_0014.tif,300,144.7346142045141,18.031646703488324,283.9773003468547,155.45100868442367,133.87566156630018,5576654541.7552395,0.025707244872948808,0.06698226928685386,0.010185241699179896,0.07401657104463952,0.03797531127915201,0.16983032226497716,0.030456542968633815,0.12029266357375987,0.27655792236222626,0.1879959106438141,0.0,0.0,0.0,0.0,0.0,0.0,0.0,0.0,0.0,0.0,61.198019943259155,128.29281928401662,792.6260152177697
preprocessed_images/EpsonV39/300/EpsonV39_300_0028.tif,300,151.95847535225428,16.209242372579308,287.92395271780094,161.79054321906,142.6156308220955,6122141848.613602,0.014392852783148221,0.03812789916977643,0.007781982421845314,0.057788848876732676,0.02928924560535702,0.19292068481371719,0.017589569091729776,0.11502456664995184,0.4168930053695034,0.1101913452144234,0.0,0.0,0.0,0.0,0.0,0.0,0.0,0.0,0.0,0.0,75.09799877676481,135.1706696964253,765.8002350482794
preprocessed_images/EpsonV39/300/EpsonV39_300_0029.tif,300,139.46894705247576,18.035455382756957,267.7112842984781,149.54865550764663,128.70340644539107,5184386457.348262,0.007732391357392378,0.026378631591696247,0.002693176269520976,0.04619598388654252,0.012145996093703666,0.18349075317312816,0.010181427001914286,0.12801361083935542,0.4660301208478316,0.11713790893510002,0.0,0.0,0.0,0.0,0.0,0.0,0.0,0.0,0.0,0.0,26.497046126438324,80.54211702388156,777.9370154453379
preprocessed_images/EpsonV39/300/EpsonV39_300_0001.tif,300,141.25781563192473,18.43752619324041,283.9249417233717,152.5584004241596,129.9538129826069,5319875061.148357,0.011337280273394252,0.04159164428695072,0.00400161743162536,0.06159210205054629,0.030452728271368208,0.2022705078117284,0.017017364501888208,0.12683105468701616,0.3583450317369143,0.14656066894475342,0.0,0.0,0.0,0.0,0.0,0.0,0.0,0.0,0.0,0.0,58.2865355128658,142.3052883902604,788.7331614684398
preprocessed_images/EpsonV39/300/EpsonV39_300_0015.tif,300,130.82236707187212,16.900939720850957,259.6088982280543,141.27515291571063,120.82304216928945,4561340593.533222,0.0038185119628760585,0.017555236816339283,0.0013313293456980464,0.039562225341645954,0.00578689575193105,0.1771850585930741,0.008380889892546154,0.12726593017529578,0.5294952392557927,0.08961868286098626,0.0,0.0,0.0,0.0,0.0,0.0,0.0,0.0,0.0,0.0,19.53743435224601,66.72737738923689,818.1197956289775
preprocessed_images/EpsonV39/300/EpsonV39_300_0003.tif,300,143.1095942539519,18.429391829018726,269.4463155116447,154.07003287058356,131.82651546095548,5457837673.865084,0.005970001220680351,0.02850723266590688,0.002716064453114639,0.043891906738113814,0.009857177734337398,0.17909240722587932,0.009391784667932923,0.12497329711866388,0.4788818359356732,0.11671829223588287,0.0,0.0,0.0,0.0,0.0,0.0,0.0,0.0,0.0,0.0,26.90413584025645,89.83984359044993,868.1405416175425
preprocessed_images/EpsonV39/300/EpsonV39_300_0017.tif,300,135.70806926628654,16.110637138303517,267.8856066168545,145.06365608686474,126.71269315022971,4895862343.06994,0.010879516601520998,0.03861618041977456,0.003330230712877921,0.05723571777321916,0.013187408447215318,0.1896705627434171,0.015151977539004699,0.13518524169870305,0.3851547241196245,0.151588439940828,0.0,0.0,0.0,0.0,0.0,0.0,0.0,0.0,0.0,0.0,26.76602171795576,76.59142706426802,732.3824137702926
preprocessed_images/EpsonV39/300/EpsonV39_300_0016.tif,300,133.2881741372568,16.86359095308291,255.7605691019751,143.62477647599135,123.35850613043563,4731730149.946579,0.00571060180661884,0.023204803466708356,0.0012931823730419419,0.042381286620932074,0.007038116455051277,0.17680740356377866,0.009437561035120248,0.13255691528269745,0.4811401367169146,0.12042999267532184,0.0,0.0,0.0,0.0,0.0,0.0,0.0,0.0,0.0,0.0,14.442638007154214,64.01767550430415,826.7393785226394
preprocessed_images/EpsonV39/300/EpsonV39_300_0002.tif,300,142.2428133206216,17.413031327965562,278.80737897207314,152.17727644436604,132.1622452774321,5383449896.915805,0.006805419921849039,0.022171020507727925,0.0035476684570177166,0.046768188476384094,0.01974868774406529,0.19487762451097534,0.008712768554654263,0.12202835082961262,0.47835540771301893,0.09698486328088003,0.0,0.0,0.0,0.0,0.0,0.0,0.0,0.0,0.0,0.0,37.81179695509805,106.4901184276409,858.6617494683223
preprocessed_images/EpsonV39/300/EpsonV39_300_0006.tif,300,142.38753148638213,16.956283831687827,277.43934896032323,152.79293828051885,132.4355778878513,5390132755.60607,0.01311492919916872,0.046199798583808134,0.0038032531738136166,0.061248779296641354,0.021446228027261937,0.1927146911613742,0.01710128784173164,0.12897491455028925,0.360443115233,0.1549530029290964,0.0,0.0,0.0,0.0,0.0,0.0,0.0,0.0,0.0,0.0,39.950089653083786,101.31853636706408,832.0384606495063
preprocessed_images/EpsonV39/300/EpsonV39_300_0012.tif,300,145.4836574497646,16.538283352750028,271.30294782752355,156.05706034665292,135.79069823122018,5620107680.472442,0.01269149780268596,0.044834136962719595,0.004467010498029835,0.05796051025368515,0.012371063232374684,0.17026519775325674,0.01685714721673257,0.1358184814447944,0.38486099243017247,0.15987396240173388,0.0,0.0,0.0,0.0,0.0,0.0,0.0,0.0,0.0,0.0,31.496432264152578,96.0726157383205,832.0636994846008
preprocessed_images/EpsonV39/300/EpsonV39_300_0013.tif,300,148.08185360721097,16.203982844766877,287.39547521250864,157.8730073011913,138.86228700601868,5817186235.916214,0.026016235351463256,0.06308364868139998,0.010177612304648675,0.06850814819309803,0.02852630615223493,0.1801147460930629,0.024467468261625415,0.12218856811476826,0.30918502807499243,0.1677322387688914,0.0,0.0,0.0,0.0,0.0,0.0,0.0,0.0,0.0,0.0,67.95717052466927,113.79965232584702,797.1411418312318
preprocessed_images/EpsonV39/300/EpsonV39_300_0007.tif,300,143.13340469172687,15.956786814997733,278.0510236905226,153.0727767060405,133.91279292456483,5437335950.879606,0.00681304931638026,0.030410766601446492,0.004875183105450153,0.04631805419904206,0.013568878173776363,0.17990875244071994,0.010761260986287075,0.12778091430615318,0.4734077453595222,0.10615539550740755,0.0,0.0,0.0,0.0,0.0,0.0,0.0,0.0,0.0,0.0,39.764211856992446,100.63460896902114,818.0391188690184
preprocessed_images/EpsonV39/300/EpsonV39_300_0039.tif,300,140.52571637540785,15.746776363823054,267.7850860827309,150.38222164558366,131.50775984332708,5241684080.3742695,0.008548736572233014,0.02520370483388823,0.0034980773925647806,0.04085922241195351,0.010429382324178964,0.1710891723626286,0.009498596191370015,0.12791824340771515,0.5008316040019957,0.1021232604976573,0.0,0.0,0.0,0.0,0.0,0.0,0.0,0.0,0.0,0.0,26.589966732900482,76.28234216201568,607.8963727478558
preprocessed_images/EpsonV39/300/EpsonV39_300_0011.tif,300,133.282129511961,17.32057265263108,256.4049933605911,144.08624683459547,122.87034556205106,4735402844.948587,0.006912231445286131,0.030925750732303903,0.0018959045410083927,0.04668426513654066,0.005970001220680351,0.17390441894464911,0.011730194091752128,0.136615753173307,0.450916290281483,0.13444519042917463,0.0,0.0,0.0,0.0,0.0,0.0,0.0,0.0,0.0,0.0,15.185866332136952,63.1143544376502,816.6823127752921
preprocessed_images/EpsonV39/300/EpsonV39_300_0005.tif,300,138.0385420726241,16.592208515148574,265.5423003894948,147.88849315211334,128.53632895195935,5067227917.437054,0.011009216308551752,0.03932952880844372,0.003101348876941294,0.05884933471657238,0.022529602050695305,0.19887161254806948,0.016799926757748412,0.13143157958934237,0.36863708495953124,0.1494407653802893,0.0,0.0,0.0,0.0,0.0,0.0,0.0,0.0,0.0,0.0,24.57499978567878,79.00565194787455,814.0024569987488
preprocessed_images/EpsonV39/300/EpsonV39_300_0004.tif,300,144.80515519041444,16.520631843236984,282.1380796962458,154.6906820493104,135.30765303773572,5568322403.361042,0.005233764648417534,0.024887084960842562,0.0034103393554557404,0.05270385742167395,0.021495819091714875,0.22355270385656908,0.0072708129882535135,0.11714172363236564,0.44310760497877844,0.10119628906211396,0.0,0.0,0.0,0.0,0.0,0.0,0.0,0.0,0.0,0.0,51.6006967482009,115.45867983250398,816.0220585253808
preprocessed_images/EpsonV39/300/EpsonV39_300_0010.tif,300,138.1823926139723,17.77829146251507,275.0888455048979,148.71754944682263,127.58748770866876,5088330717.815931,0.0070838928222386015,0.027496337890520108,0.0034255981445181823,0.05783462524392,0.020980834960857463,0.2084808349601422,0.011299133300738147,0.121799468993676,0.420677185056989,0.12092208862258559,0.0,0.0,0.0,0.0,0.0,0.0,0.0,0.0,0.0,0.0,38.66589700935291,93.27835052099802,828.6132994346639
preprocessed_images/EpsonV39/300/EpsonV39_300_0038.tif,300,145.93956180468132,17.65702841019041,272.64953495155885,156.36950615112673,135.44457694520517,5664964962.424109,0.013587951660104416,0.041774749755700016,0.004783630371075502,0.05559921264627228,0.016170501708922688,0.1734237670891822,0.016506195068296408,0.1304550170893461,0.39482879638521257,0.1528701782220731,0.0,0.0,0.0,0.0,0.0,0.0,0.0,0.0,0.0,0.0,33.164138902158186,99.5116439515025,847.1717653463198
preprocessed_images/EpsonV39/300/EpsonV39_300_0077.tif,300,142.15781800833855,16.74706251329392,274.8130245337578,152.0886382159212,132.4922921226149,5371149503.356228,0.015995025634704608,0.03270721435534398,0.006969451904270289,0.04415512084944093,0.018253326415945993,0.17583084106378238,0.01193237304682948,0.11915969848587356,0.45914459228340476,0.11585235595658931,0.0,0.0,0.0,0.0,0.0,0.0,0.0,0.0,0.0,0.0,37.33305447211519,93.65670961517003,805.1397394241574
preprocessed_images/EpsonV39/300/EpsonV39_300_0063.tif,300,148.740610893822,16.64234963811501,278.0809204588309,159.36107949192973,138.84186800728872,5872218834.349495,0.011234283447222769,0.034969329833850975,0.006580352783178023,0.04744720458966275,0.017227172851496782,0.16861724853451301,0.012981414794872354,0.12471389770460238,0.46794128417790243,0.10828781127888379,0.0,0.0,0.0,0.0,0.0,0.0,0.0,0.0,0.0,0.0,42.6396685599615,103.77135381802879,666.0120119036893
preprocessed_images/EpsonV39/300/EpsonV39_300_0088.tif,300,140.1445726462179,17.12564542637825,271.9841709966083,150.37653460752708,130.0252091380833,5225523176.658982,0.016300201415953446,0.05006408691387152,0.004425048828108119,0.06395339965795915,0.016033172607360712,0.1770019531243248,0.022438049316320655,0.13795852661080185,0.3365249633776225,0.17530059814386253,0.0,0.0,0.0,0.0,0.0,0.0,0.0,0.0,0.0,0.0,30.975351153361068,90.47576602296377,847.0962164949151
preprocessed_images/EpsonV39/300/EpsonV39_300_0089.tif,300,147.90916579728665,15.863379258000721,280.611245167622,157.56664263095865,139.02326432540136,5800923792.233566,0.008304595947233945,0.03305435180651453,0.0054435729980261095,0.04933929443340553,0.017738342285088582,0.18363952636648698,0.010238647460898443,0.12729644775342064,0.4601783752423852,0.10476684570272535,0.0,0.0,0.0,0.0,0.0,0.0,0.0,0.0,0.0,0.0,47.60768302827727,103.74265736891095,754.0
preprocessed_images/EpsonV39/300/EpsonV39_300_0062.tif,300,148.15940064123959,17.394727972182054,279.0507143055804,158.94217177021287,137.69903280837428,5833696099.591142,0.018878936767506106,0.0416946411131222,0.008201599121062463,0.055713653564240594,0.02246093749991432,0.17677307128838815,0.01687622070306062,0.12850570678661916,0.38495254516454713,0.14594268798772453,0.0,0.0,0.0,0.0,0.0,0.0,0.0,0.0,0.0,0.0,41.46427921042658,117.43305845908304,784.0408152641035
preprocessed_images/EpsonV39/300/EpsonV39_300_0076.tif,300,146.35964954730025,16.46449548847974,280.6097450218409,156.24553961552232,136.89431962365933,5686487056.986593,0.010746002197224632,0.029491424560434375,0.005111694335918,0.049755096435357075,0.021903991699135192,0.20157241821212168,0.009662628173791264,0.12118530273391272,0.44231414794753143,0.1082572937007589,0.0,0.0,0.0,0.0,0.0,0.0,0.0,0.0,0.0,0.0,49.69353895645918,106.1511030904797,789.2084642222231
preprocessed_images/EpsonV39/300/EpsonV39_300_0100.tif,300,141.47195659029111,18.1162644516056,271.0512284498616,152.43049129024342,130.49299033830272,5332667869.211059,0.008983612060512606,0.035320281982287136,0.002666473388661703,0.05543518066385103,0.015537261962831355,0.19014739990161839,0.014320373535101622,0.13393783569284845,0.39661026000825267,0.14704132080022034,0.0,0.0,0.0,0.0,0.0,0.0,0.0,0.0,0.0,0.0,29.038264536455518,93.81570456938948,852.1032801251266
preprocessed_images/EpsonV39/300/EpsonV39_300_0060.tif,300,145.94630221852654,17.207469544183766,276.73815982624694,156.80477720299518,135.59526825978668,5661371961.016446,0.007587432861299181,0.027549743652238657,0.004131317138656115,0.047222137450991734,0.013900756835884473,0.16384506225523435,0.010784149169880736,0.11995315551712053,0.5025711059551141,0.10245513915976541,0.0,0.0,0.0,0.0,0.0,0.0,0.0,0.0,0.0,0.0,41.637428896779234,114.49630264284416,796.0401999899251
preprocessed_images/EpsonV39/300/EpsonV39_300_0074.tif,300,135.6713725859534,18.16703164427073,264.3841385290294,146.2592119266124,124.65614426021205,4911729836.850029,0.006328582763647733,0.029502868652231205,0.0024719238281155705,0.05373382568338877,0.013748168945260054,0.19788742065354198,0.011524200439409164,0.13639068603463594,0.40953063964687525,0.13888168334907958,0.0,0.0,0.0,0.0,0.0,0.0,0.0,0.0,0.0,0.0,22.37829406679097,70.97430837958565,690.5678822534393
preprocessed_images/EpsonV39/300/EpsonV39_300_0048.tif,300,140.9955484619831,16.924208698269606,272.8573522388523,150.83483715186242,131.24512877179762,5286441392.8411665,0.0057487487792749455,0.021224975585856534,0.0027389526367083018,0.03984832763656674,0.01498031616205223,0.18382263183523626,0.00910186767574653,0.12141418456984934,0.5146026611308494,0.08651733398404496,0.0,0.0,0.0,0.0,0.0,0.0,0.0,0.0,0.0,0.0,36.80458501106336,100.08439602813095,774.0103358483012
preprocessed_images/EpsonV39/300/EpsonV39_300_0049.tif,300,139.39926616128955,17.07728648456481,265.0650957668347,149.85175317097924,129.26956095153537,5170472975.068546,0.024745941162014975,0.03518295288072516,0.009353637695276818,0.039356231689302995,0.015289306640566675,0.14324188232367233,0.016948699951107222,0.12162399291945791,0.47408294677553525,0.12017440795852594,0.0,0.0,0.0,0.0,0.0,0.0,0.0,0.0,0.0,0.0,19.46475045076835,72.14775628584506,815.2803198900364
preprocessed_images/EpsonV39/300/EpsonV39_300_0075.tif,300,139.1002364506826,17.525856081133103,263.2984165030822,149.65202630675944,128.56377117617637,5152710698.470574,0.012035369873000964,0.042446136474447456,0.00280761718748929,0.05529785156228905,0.01055526733394411,0.17297363281184017,0.01837539672844553,0.1425476074213312,0.3792800903305844,0.1636810302728131,0.0,0.0,0.0,0.0,0.0,0.0,0.0,0.0,0.0,0.0,20.074120765819202,81.36133389779644,865.0468195421563
preprocessed_images/EpsonV39/300/EpsonV39_300_0061.tif,300,146.36227190262284,16.931248328458718,279.34496658134486,156.87875385434276,136.31922853456183,5690774469.071926,0.040744781493985194,0.07777023315400021,0.014102935790961826,0.0675125122067737,0.030185699462775474,0.13309860229441414,0.04027557373031511,0.1296539306635679,0.25339508056543963,0.21326065063395208,0.0,0.0,0.0,0.0,0.0,0.0,0.0,0.0,0.0,0.0,47.76827505282163,118.12605278772524,779.4113163150763
preprocessed_images/EpsonV39/300/EpsonV39_300_0059.tif,300,137.01154484565092,16.35364313880238,266.1629785527889,147.10332977579355,127.4522572657463,4991118230.133958,0.006065368652320612,0.021171569824137985,0.002655029296864872,0.03695297241196841,0.009090423583949698,0.16553878784116538,0.007869720458954354,0.12307739257765549,0.5419731140116044,0.08560562133756407,0.0,0.0,0.0,0.0,0.0,0.0,0.0,0.0,0.0,0.0,23.2921331301749,74.42530469421195,822.4463508339009
preprocessed_images/EpsonV39/300/EpsonV39_300_0065.tif,300,138.36305373919083,17.24019113329462,267.62026118071515,148.36263702133135,128.28311987846666,5096487998.022416,0.04581451415998148,0.05003738403301224,0.017826080322197624,0.04388046264631698,0.027050018310443687,0.1391487121576723,0.029026031494029898,0.12186813354445698,0.3819007873520588,0.1434478759760153,0.0,0.0,0.0,0.0,0.0,0.0,0.0,0.0,0.0,0.0,24.261113113402722,70.0153998650116,801.0156053411195
preprocessed_images/EpsonV39/300/EpsonV39_300_0071.tif,300,148.80792998219542,16.64459050310077,278.8199964840977,159.47983002213883,138.91518546100187,5877489314.981975,0.00783920288082947,0.03181457519519114,0.0052223205566207034,0.046981811523258275,0.01389312744135325,0.16656875610288022,0.009948730468712048,0.12104797363235073,0.4920959472637478,0.10458755493124165,0.0,0.0,0.0,0.0,0.0,0.0,0.0,0.0,0.0,0.0,42.90867891492988,110.8109699700648,861.3768048885458
preprocessed_images/EpsonV39/300/EpsonV39_300_0070.tif,300,135.73339994509544,15.328593704320225,264.4926584185179,145.01161655894902,127.24442197049507,4891219498.266096,0.0036582946777204196,0.015186309814395194,0.002868652343739057,0.031120300292850036,0.008434295654264701,0.1577682495111169,0.006881713867161248,0.11505508422807673,0.5945243835426539,0.06450271606420706,0.0,0.0,0.0,0.0,0.0,0.0,0.0,0.0,0.0,0.0,22.32222298512363,70.02203921443956,734.4290299273307
preprocessed_images/EpsonV39/300/EpsonV39_300_0064.tif,300,145.2666062660397,17.69186374687632,272.88046595292747,155.60505984044056,134.7373575647427,5613915717.996549,0.011371612548784745,0.0315093994139423,0.004756927490216229,0.0449829101560784,0.015052795410098827,0.17469024658136487,0.012672424316357908,0.12733840942334237,0.4569206237775538,0.1207046508784458,0.0,0.0,0.0,0.0,0.0,0.0,0.0,0.0,0.0,0.0,32.32745616510513,100.40147436760145,862.6760689853405
preprocessed_images/EpsonV39/300/EpsonV39_300_0058.tif,300,142.79653054655063,16.560294195290485,267.83382066792416,153.47519321784813,132.98222793522103,5417230003.068348,0.005905151367164974,0.02460479736318739,0.002830505371082952,0.04073333740218836,0.008979797363246994,0.16213226318297527,0.008563995361295455,0.12488937377882045,0.5231666564921449,0.09819412231407854,0.0,0.0,0.0,0.0,0.0,0.0,0.0,0.0,0.0,0.0,26.733821057835975,90.00834079359895,691.5374176427476
preprocessed_images/EpsonV39/300/EpsonV39_300_0072.tif,300,149.81148284571282,16.87297202944141,283.84781978433324,160.61823572925738,139.71081541377907,5958055382.886022,0.011016845703082975,0.03503799438463197,0.007244110107394241,0.05503082275369632,0.021244049072184586,0.17469024658136487,0.016975402831966493,0.12410736083937031,0.4465713500959527,0.10808181762654082,0.0,0.0,0.0,0.0,0.0,0.0,0.0,0.0,0.0,0.0,58.712287205970554,135.9059025332334,850.4351827152966
preprocessed_images/EpsonV39/300/EpsonV39_300_0066.tif,300,143.8145304329036,17.572022413494807,273.78299930039555,153.82626343632066,133.496755681182,5502768286.357764,0.006294250488257239,0.021583557128823913,0.0029754638671761493,0.04055023193343906,0.011306762695269368,0.17234802246028003,0.010166168212851844,0.12364959716749706,0.517055511472637,0.09407043456995365,0.0,0.0,0.0,0.0,0.0,0.0,0.0,0.0,0.0,0.0,33.000050673892645,106.17753437134772,889.149031377755
preprocessed_images/EpsonV39/300/EpsonV39_300_0099.tif,300,149.88700956801503,15.61742100368041,288.2829847457948,159.5991297446418,141.10972332191812,5953295345.529238,0.016498565673765186,0.03914260864242881,0.007099151611301043,0.05965423583961618,0.028259277343642197,0.2082977294913929,0.014499664306585313,0.1142768859858922,0.39296722411959467,0.11930465698196677,0.0,0.0,0.0,0.0,0.0,0.0,0.0,0.0,0.0,0.0,77.41902413775067,124.20274744366354,790.3062697461029
preprocessed_images/EpsonV39/300/EpsonV39_300_0098.tif,300,144.44965062892092,16.889771924988317,272.3735807795899,155.2138141591658,134.40465591421713,5544598821.272404,0.007335662841768891,0.02386093139639335,0.0037689208984231226,0.042171478271323504,0.01242828369135884,0.17870330810478705,0.008583068847623507,0.12958908081005252,0.49196624755671703,0.10159301757773745,0.0,0.0,0.0,0.0,0.0,0.0,0.0,0.0,0.0,0.0,31.83885675663972,95.86050742914543,817.00550793737
preprocessed_images/EpsonV39/300/EpsonV39_300_0067.tif,300,139.83895795383822,16.37965741930063,268.6912389875702,149.94804174478276,130.3669241115819,5196540107.499497,0.008434295654264701,0.03157424926745768,0.00297927856444176,0.05184936523417721,0.010223388671836,0.1876716613762372,0.012889862060497704,0.1349449157709696,0.4221382141097178,0.13729476928658563,0.0,0.0,0.0,0.0,0.0,0.0,0.0,0.0,0.0,0.0,28.590493476396553,83.44737611392043,785.0006369424168
preprocessed_images/EpsonV39/300/EpsonV39_300_0073.tif,300,137.407982890325,16.04726571479003,263.4003913106512,147.25587619860138,128.2382370369504,5017034686.1779785,0.006565093994115581,0.022243499755774523,0.002799987792958069,0.03921127319320979,0.008064270019500486,0.17103958129817565,0.008491516113248858,0.12576675414991087,0.5181045532206798,0.09771347045861163,0.0,0.0,0.0,0.0,0.0,0.0,0.0,0.0,0.0,0.0,22.396901641538804,70.62781143193452,820.1195034871442
preprocessed_images/EpsonV39/150/EpsonV39_150_0007.tif,150,141.4843796801053,15.930286741124482,276.70940071407756,151.39686273756692,132.2405424988657,5314079287.966077,0.005081176757793117,0.0216140747069488,0.0050697326659962854,0.032367706298704654,0.01259994506831131,0.13533401489206187,0.00766372680661139,0.09256362915003752,0.6305961608862664,0.057109832763454015,0.0,0.0,0.0,0.0,0.0,0.0,0.0,0.0,0.0,0.0,36.85472343954541,94.96345141013407,802.0024937617089
preprocessed_images/EpsonV39/150/EpsonV39_150_0013.tif,150,146.53259898396254,16.27813916692625,285.8904076878081,156.42428295484885,137.22362378285712,5698166555.864622,0.018924713134693433,0.0425720214842126,0.009239196777308506,0.058105468749778344,0.024715423583890093,0.1764564514153425,0.017234802246028004,0.11108779907184185,0.42771530151204024,0.1139488220210497,0.0,0.0,0.0,0.0,0.0,0.0,0.0,0.0,0.0,0.0,63.048198329768404,107.28968036521815,772.0103626247513
preprocessed_images/EpsonV39/150/EpsonV39_150_0012.tif,150,144.32430423465115,16.633262731738352,269.939191442333,154.95279070592758,134.5103439972673,5532855886.65478,0.005001068115215297,0.017150878906184573,0.0038032531738136166,0.027267456054583483,0.010272979736288936,0.12640762329053343,0.006011962890602066,0.09471893310510743,0.6575164794896793,0.05184936523417721,0.0,0.0,0.0,0.0,0.0,0.0,0.0,0.0,0.0,0.0,28.82829037636875,91.95487608465004,823.310391043378
preprocessed_images/EpsonV39/150/EpsonV39_150_0006.tif,150,141.05863037310112,17.044501219954494,276.0439871140917,151.60263216537675,130.93785470460776,5292176762.3582535,0.0033760070800652464,0.014579772949163131,0.0024032592773345824,0.034538269042836994,0.015228271484316908,0.17765426635674417,0.004405975341780067,0.09683227539025561,0.5938644409157033,0.05711746215798524,0.0,0.0,0.0,0.0,0.0,0.0,0.0,0.0,0.0,0.0,36.42874794446236,97.27040378235823,837.2192066597612
preprocessed_images/EpsonV39/150/EpsonV39_150_0038.tif,150,144.7549812653702,17.87381531295757,271.56493060628367,155.3682454673526,134.05571180651324,5576714584.058599,0.009296417236292662,0.02257537841788263,0.00494003295896553,0.03343200683580996,0.014705657958928278,0.15110397338809545,0.009719848632775422,0.10789489746052591,0.5696792602517331,0.07665252685517635,0.0,0.0,0.0,0.0,0.0,0.0,0.0,0.0,0.0,0.0,30.9113493834629,95.27448988974697,830.2059985328942
preprocessed_images/EpsonV39/150/EpsonV39_150_0010.tif,150,136.81341952334085,17.953102905242456,273.4837549613791,147.60617844638122,125.99045930771092,4991280916.881968,0.004161834716780999,0.01668167114251449,0.003089904785144463,0.04245758056624429,0.017253875732356056,0.1747093200676929,0.007583618164033571,0.09063339233363864,0.5761566162087396,0.06727218627904025,0.0,0.0,0.0,0.0,0.0,0.0,0.0,0.0,0.0,0.0,35.493735948941456,88.12350375233055,824.6211251235321
preprocessed_images/EpsonV39/150/EpsonV39_150_0004.tif,150,143.43073705887898,16.586262169374212,280.4900651314609,153.31063062021013,133.9186306497254,5465041908.794521,0.003185272216784724,0.014942169189396125,0.0028648376464734462,0.03753662109360681,0.01787948608391617,0.18260192871024092,0.004791259765606723,0.08059692382781755,0.6069869995094033,0.04861450195293955,0.0,0.0,0.0,0.0,0.0,0.0,0.0,0.0,0.0,0.0,47.579744291850446,107.8265858640449,792.0404030098465
preprocessed_images/EpsonV39/150/EpsonV39_150_0005.tif,150,136.3521912027759,16.720874969491504,263.82752497382563,146.2500672214576,126.75192156388326,4947052515.962052,0.0038375854492041107,0.012962341308544302,0.002521514892568506,0.030956268310428785,0.018005371093681315,0.1655731201165559,0.008228302001921737,0.0878791809078679,0.6147308349585925,0.05530548095682027,0.0,0.0,0.0,0.0,0.0,0.0,0.0,0.0,0.0,0.0,21.951455401879844,74.73661776123657,805.0155278005512
preprocessed_images/EpsonV39/150/EpsonV39_150_0011.tif,150,131.8355135707478,17.554330974372178,254.98316548742324,142.8626974115706,121.27822993984942,4637001560.731321,0.0012359619140577852,0.007247924804659851,0.0016288757324156612,0.015644073486268447,0.003925323486313151,0.10247421264609347,0.0028648376464734462,0.0759429931637728,0.7603378295869433,0.0286979675291874,0.0,0.0,0.0,0.0,0.0,0.0,0.0,0.0,0.0,0.0,13.284352502057702,60.05922300656124,817.023867460431
preprocessed_images/EpsonV39/150/EpsonV39_150_0039.tif,150,138.73231618409577,15.83228426430795,266.0733550075103,148.737739787904,129.67575196241935,5111104609.669553,0.006088256835914275,0.014762878417912434,0.003074645996082021,0.02171707153312028,0.008403778076139817,0.09820938110314098,0.005947113037086688,0.06851577758762925,0.7335510253878267,0.039730072021332816,0.0,0.0,0.0,0.0,0.0,0.0,0.0,0.0,0.0,0.0,23.935544550111484,70.80480118370397,578.0864987179687
preprocessed_images/EpsonV39/150/EpsonV39_150_0015.tif,150,129.36073298230994,16.96240240638393,257.843803517875,139.91726013066622,119.36206556332469,4462194808.092514,0.0021133422851481883,0.008926391601528449,0.0012207031249953434,0.023612976074128673,0.0050697326659962854,0.12330245971632652,0.005348205566385848,0.08469390869108316,0.7048645019504362,0.04084777832015668,0.0,0.0,0.0,0.0,0.0,0.0,0.0,0.0,0.0,0.0,17.62998280068312,62.29251679787496,815.3833454271678
preprocessed_images/EpsonV39/150/EpsonV39_150_0001.tif,150,140.14148287841994,18.61694758184911,283.366147834907,151.56776134163954,128.74507049112037,5239269218.222809,0.0054435729980261095,0.023200988769442744,0.0035858154296738213,0.047817230224426965,0.026805877685444617,0.19083023071216265,0.009254455566370947,0.10892868041950635,0.49288177490046353,0.09125137329066753,0.0,0.0,0.0,0.0,0.0,0.0,0.0,0.0,0.0,0.0,55.91692110150244,140.63790877368513,776.5075659644277
preprocessed_images/EpsonV39/150/EpsonV39_150_0029.tif,150,138.22688785585234,18.218184891657444,266.01159706408805,148.4111227556526,127.24194800762346,5095705748.979318,0.004863739013653321,0.015052795410098827,0.002716064453114639,0.02812194824208022,0.010723114013630968,0.1322059631342613,0.007247924804659851,0.08726882934537022,0.6601409912084193,0.051658630370896685,0.0,0.0,0.0,0.0,0.0,0.0,0.0,0.0,0.0,0.0,24.031775120694036,76.29565008162,771.5957490810846
preprocessed_images/EpsonV39/150/EpsonV39_150_0028.tif,150,150.69632653082743,16.3489881870177,286.7693183626229,160.60626056135686,141.26014526184042,6023196768.894979,0.011787414550736284,0.03232955932604855,0.007564544677705519,0.04946899414043629,0.026409149169821133,0.15807342529236573,0.014839172363224643,0.08431243896452212,0.5374221801737311,0.07779312133759386,0.0,0.0,0.0,0.0,0.0,0.0,0.0,0.0,0.0,0.0,71.16813116181213,129.27597773560305,760.959920100921
preprocessed_images/EpsonV39/150/EpsonV39_150_0014.tif,150,143.46564477141953,18.177384827677884,283.01223710554973,154.22846151861876,132.50027016936195,5482167284.230427,0.013328552246042905,0.04249191284163478,0.008983612060512606,0.06340026855444565,0.03456115722643066,0.18500137329030988,0.018466949462820178,0.11666870117142994,0.3779563903794176,0.13914108276314108,0.0,0.0,0.0,0.0,0.0,0.0,0.0,0.0,0.0,0.0,57.9382583634972,124.51641976187082,786.0101780511496
preprocessed_images/EpsonV39/150/EpsonV39_150_0002.tif,150,141.0017285920514,17.538736568329842,277.733410924463,150.89017533421284,130.8537392112446,5292450053.189742,0.005508422851541487,0.015140533447207867,0.0033226013183467002,0.03246307373034491,0.018016815185478145,0.1520614624017637,0.006546020507787529,0.08599472045865633,0.6304016113257201,0.05054473876933844,0.0,0.0,0.0,0.0,0.0,0.0,0.0,0.0,0.0,0.0,35.45463760893396,102.39268710797192,859.6894788236041
preprocessed_images/EpsonV39/150/EpsonV39_150_0016.tif,150,131.8813260166898,17.03375688227994,254.22235186674274,142.37563107915858,121.7009656673959,4635448580.622264,0.0027046203613178077,0.00876617431637281,0.0012207031249953434,0.016998291015560156,0.005519866943338318,0.11180114746051101,0.004791259765606723,0.07969665527313348,0.7329063415499385,0.03559494018541109,0.0,0.0,0.0,0.0,0.0,0.0,0.0,0.0,0.0,0.0,12.730233816023519,60.18362905621908,830.6202501745307
preprocessed_images/EpsonV39/150/EpsonV39_150_0017.tif,150,134.31685268949303,16.077343653540304,266.4137573626791,143.60573380837462,125.37040121217588,4797103576.282563,0.005294799804667302,0.01771926879876053,0.002853393554676615,0.029567718505746583,0.010704040527302916,0.14113616943305535,0.006999969482395172,0.0922317504879294,0.6354522705053884,0.05804061889626297,0.0,0.0,0.0,0.0,0.0,0.0,0.0,0.0,0.0,0.0,24.23870708280165,73.0898934506875,715.6814934033156
preprocessed_images/EpsonV39/150/EpsonV39_150_0003.tif,150,142.36860810831016,18.51376196966731,268.2040687475085,153.17198985370152,131.15106847726133,5403202016.239184,0.002315521240225542,0.013530731201120258,0.0022354125976477225,0.020660400390546185,0.007957458496063394,0.1127128601069919,0.003929138183578761,0.0687522888180971,0.7293701171847177,0.03853607177719674,0.0,0.0,0.0,0.0,0.0,0.0,0.0,0.0,0.0,0.0,24.702609318843407,86.59372028201044,880.1420339922415
preprocessed_images/EpsonV39/150/EpsonV39_150_0058.tif,150,141.60847909743262,16.59008077396315,266.6968775988456,152.25253127609298,131.85791990938083,5328913598.3492155,0.0035362243652208854,0.013149261474559214,0.003173828124987893,0.02222442626944647,0.008594512939420339,0.10808563232380643,0.004730224609356955,0.08030700683563115,0.718437194821478,0.037761688232277824,0.0,0.0,0.0,0.0,0.0,0.0,0.0,0.0,0.0,0.0,24.939866062915527,85.8542009200896,662.0
preprocessed_images/EpsonV39/150/EpsonV39_150_0064.tif,150,144.19419190426262,17.841801984627292,271.70100609499366,154.65027131542126,133.44610421520954,5533937140.231561,0.007167816162082031,0.015655517578065277,0.004085540771468789,0.02291870117178757,0.012557983398389594,0.11425399780229853,0.0061531066894296525,0.07513046264619777,0.7000846862766262,0.04199218749983981,0.0,0.0,0.0,0.0,0.0,0.0,0.0,0.0,0.0,0.0,29.836066436182094,95.80537703791198,848.5575996949176
preprocessed_images/EpsonV39/150/EpsonV39_150_0070.tif,150,133.78997364699413,15.443775022821642,262.63748015285904,143.15676354149707,125.21941023882998,4754837926.1616535,0.002841949462879784,0.010681152343709255,0.002742767333973912,0.020198822021407322,0.007598876953096013,0.09863281249962375,0.005355834960917069,0.06726455688450902,0.7558441162080541,0.028839111328014987,0.0,0.0,0.0,0.0,0.0,0.0,0.0,0.0,0.0,0.0,20.107168748652605,64.61100441771767,741.6481645632247
preprocessed_images/EpsonV39/150/EpsonV39_150_0071.tif,150,147.60394105299727,16.761618379956758,277.4360030008687,158.3401759671294,137.56210773037185,5784961093.49228,0.004676818847638409,0.01909255981438029,0.004711151123028903,0.030670166015508003,0.012042999267532184,0.12348937988234142,0.005558013915994422,0.08326721191374487,0.6683616638158097,0.04813003540020702,0.0,0.0,0.0,0.0,0.0,0.0,0.0,0.0,0.0,0.0,39.77133931267527,104.70124348249612,836.0095693232225
preprocessed_images/EpsonV39/150/EpsonV39_150_0065.tif,150,137.23314130022067,17.392177014008027,266.75994402337443,147.27396585188217,126.99411324796768,5016236298.708693,0.042896270751789485,0.04226303100569815,0.018131256103446458,0.03199768066394044,0.026607513427632876,0.10040283203086699,0.027133941650287118,0.08643722534146714,0.520580291746061,0.10354995727499561,0.0,0.0,0.0,0.0,0.0,0.0,0.0,0.0,0.0,0.0,22.894162007610483,67.66727811451265,752.0026595697651
preprocessed_images/EpsonV39/150/EpsonV39_150_0059.tif,150,135.65217809974862,16.483979806882154,264.67727212778306,145.7231433908814,126.1066041062185,4895076519.3736,0.004829406738262827,0.013652801513619793,0.002658843994130482,0.022430419921789433,0.008193969726531242,0.10854339599567969,0.005905151367164974,0.07823181152313907,0.7164268493625015,0.03912734985336636,0.0,0.0,0.0,0.0,0.0,0.0,0.0,0.0,0.0,0.0,21.369166994319496,70.40269924020164,827.6871389601266
preprocessed_images/EpsonV39/150/EpsonV39_150_0073.tif,150,135.94276321057478,15.994817097865571,261.8369287258861,145.75446012119957,126.7417384097364,4911600512.092229,0.004795074462872333,0.011852264404251661,0.0025749206542870526,0.0218696594237447,0.007350921630831333,0.1170883178706471,0.005588531494119306,0.08477401733366098,0.7014083862277931,0.04269790649397774,0.0,0.0,0.0,0.0,0.0,0.0,0.0,0.0,0.0,0.0,20.326749070777236,65.99947032921624,817.023867460431
preprocessed_images/EpsonV39/150/EpsonV39_150_0067.tif,150,138.7830629053083,16.36622867645934,267.19889204232226,148.87730920231218,129.25465156873054,5119303218.749487,0.00553894042966637,0.017429351806574137,0.0030517578124883583,0.031936645507690674,0.008960723876918942,0.15293121337832286,0.008144378662078306,0.10794448852497884,0.5944404602028105,0.06962203979465628,0.0,0.0,0.0,0.0,0.0,0.0,0.0,0.0,0.0,0.0,26.276694543052677,78.87715109589332,815.0153372789987
preprocessed_images/EpsonV39/150/EpsonV39_150_0098.tif,150,143.06703688987974,16.977981557673644,271.2662805291795,153.89459348023394,132.90907369422882,5441173298.144326,0.00562667846677541,0.015529632568300134,0.0035934448242050418,0.02469253540029643,0.010932922363239544,0.12480163574171142,0.005405426025370005,0.08594512939420339,0.6781768798802255,0.04529571533185846,0.0,0.0,0.0,0.0,0.0,0.0,0.0,0.0,0.0,0.0,29.672448656747424,91.30842019871096,803.0305100056909
preprocessed_images/EpsonV39/150/EpsonV39_150_0099.tif,150,148.08360082521705,15.664191662064818,286.65977210425166,157.7813305466446,139.22070474633918,5812812443.494155,0.013572692871041974,0.031829833984253576,0.006618499755834127,0.04986572265605978,0.024391174316313203,0.17303085327082432,0.012702941894482792,0.08289337158171503,0.5241851806620629,0.08090972900359761,0.0,0.0,0.0,0.0,0.0,0.0,0.0,0.0,0.0,0.0,71.68742202671069,115.72294584972293,795.2773101252167
preprocessed_images/EpsonV39/150/EpsonV39_150_0066.tif,150,142.54705105664542,17.771188254007335,272.86170146251516,152.58061467340508,132.10768925723215,5409466455.662329,0.005039215087871402,0.013317108154246074,0.0032310485839720494,0.024364471435453932,0.011096954345660793,0.11520004272416992,0.007400512695284269,0.08062744140594243,0.6995353698703783,0.04018783569320607,0.0,0.0,0.0,0.0,0.0,0.0,0.0,0.0,0.0,0.0,31.140164314434777,102.51100749758155,883.6764113633451
preprocessed_images/EpsonV39/150/EpsonV39_150_0072.tif,150,148.48984384805055,17.00540277446012,282.9415298526314,159.36701144922424,138.31787391414727,5855882103.892231,0.00893402099605967,0.026432037353414792,0.007148742675753979,0.040748596191250805,0.020668029785077407,0.12850189208935356,0.01370239257807273,0.08620834350553051,0.6062278747535468,0.06142807006812504,0.0,0.0,0.0,0.0,0.0,0.0,0.0,0.0,0.0,0.0,55.94830342169069,131.0094853463999,836.0215308232199
preprocessed_images/EpsonV39/150/EpsonV39_150_0076.tif,150,144.9556535982457,16.524141455005644,279.0152818370384,154.8468138539492,135.42602536027567,5579784522.542519,0.008743286132779146,0.021007537841716738,0.004711151123028903,0.031219482421755908,0.01763153076165149,0.15073776245059686,0.007278442382784735,0.07283401489230028,0.6303367614722049,0.055500030517366405,0.0,0.0,0.0,0.0,0.0,0.0,0.0,0.0,0.0,0.0,45.63568587772497,98.87843490464083,765.0163396947806
preprocessed_images/EpsonV39/150/EpsonV39_150_0062.tif,150,147.55927095121257,17.483618460631437,278.34622891314206,158.32389741915688,137.18894262931093,5787986259.641708,0.01498031616205223,0.026683807372945085,0.008052825927703657,0.038043975829933,0.021141052246013103,0.14876937866154186,0.011802673339798725,0.10627365112264146,0.5424575805643369,0.08179473876921922,0.0,0.0,0.0,0.0,0.0,0.0,0.0,0.0,0.0,0.0,39.67459660402131,114.63402825642993,785.301216094818
preprocessed_images/EpsonV39/150/EpsonV39_150_0089.tif,150,146.20788230987807,15.914698869909522,278.90635799823866,155.94031710166604,137.20861198469345,5670180615.529185,0.005458831787088551,0.023876190185455795,0.004550933837873265,0.03273010253893764,0.015956878662048504,0.11808395385697142,0.007160186767550811,0.0734214782712043,0.67061233520252,0.04814910888653508,0.0,0.0,0.0,0.0,0.0,0.0,0.0,0.0,0.0,0.0,43.38072507548908,96.28520770507077,712.8379900089501
preprocessed_images/EpsonV39/150/EpsonV39_150_0088.tif,150,138.55817421166145,17.38691790600061,270.6068531133934,148.99385937409656,128.22563829980618,5111984306.294389,0.005725860595681282,0.016487121581968356,0.0034370422363150135,0.03291702270495256,0.012248992919875148,0.15495681762636201,0.008083343505828539,0.1075630187984178,0.5955848693824937,0.06299591064429094,0.0,0.0,0.0,0.0,0.0,0.0,0.0,0.0,0.0,0.0,28.223042366339676,85.87579795488134,836.547667500185
preprocessed_images/EpsonV39/150/EpsonV39_150_0063.tif,150,147.40391211285944,16.842926314717307,276.869614406894,158.16193911104938,137.36367807330652,5770208207.966988,0.00783157348629825,0.025466918945215352,0.00629806518552285,0.035297393798693476,0.015048980712833218,0.128154754638183,0.008815765380825746,0.0902519226070776,0.6175918579078004,0.06524276733373549,0.0,0.0,0.0,0.0,0.0,0.0,0.0,0.0,0.0,0.0,39.74548872343389,98.52450531062938,666.0120119036893
preprocessed_images/EpsonV39/150/EpsonV39_150_0077.tif,150,140.65418317097942,16.894552617796947,273.41062055238837,150.65899632782606,130.91466569812414,5260974529.354385,0.014347076415960894,0.0240249633788146,0.0067977905273178185,0.03022766113269719,0.01736068725579315,0.1373901367182259,0.009689331054650538,0.08631896972623322,0.6056556701637053,0.06818771362278676,0.0,0.0,0.0,0.0,0.0,0.0,0.0,0.0,0.0,0.0,34.552521046866815,87.90277658080215,798.0626541819884
preprocessed_images/EpsonV39/150/EpsonV39_150_0061.tif,150,145.2212825096228,16.94671377366887,278.4606806547718,155.72474190114374,135.15761376132073,5603698147.712391,0.028308868408095135,0.05165100097636546,0.013687133789010287,0.05705261230446986,0.02826309204090781,0.14785003662052973,0.027397155761614236,0.1274948120112324,0.3651771545396226,0.15311813354433776,0.0,0.0,0.0,0.0,0.0,0.0,0.0,0.0,0.0,0.0,45.48483871056048,113.67579332873454,746.00268096033
preprocessed_images/EpsonV39/150/EpsonV39_150_0075.tif,150,138.08598317938075,17.737496742719443,262.2733939327119,148.67285292964573,127.5296628953576,5080968735.310267,0.0035476684570177166,0.01217651367182855,0.0023269653320223734,0.030128479003791318,0.007961273193329005,0.1555061340326099,0.005657196044900294,0.11902999877884281,0.5976600646949857,0.06600570678685758,0.0,0.0,0.0,0.0,0.0,0.0,0.0,0.0,0.0,0.0,18.321866542884237,78.77536616065697,848.5022097790907
preprocessed_images/EpsonV39/150/EpsonV39_150_0049.tif,150,138.7396876796193,17.130811128709148,264.63959647455306,149.3029103128951,128.57897297809976,5122861466.220182,0.023155212402255418,0.03006744384754155,0.00944519042965147,0.027973175048721415,0.015544891357362575,0.10235595703085953,0.01601791381829827,0.0889434814449732,0.6037940978980874,0.08270263671843452,0.0,0.0,0.0,0.0,0.0,0.0,0.0,0.0,0.0,0.0,18.50617516588748,69.87832210728371,794.6986850372914
preprocessed_images/EpsonV39/150/EpsonV39_150_0048.tif,150,139.74744748607108,16.95769035940176,271.53724858978046,149.58439954598524,129.9869819743925,5194884668.770887,0.004737854003888177,0.017333984374933876,0.002761840820301964,0.02836227416981368,0.014545440673772638,0.13241195678660425,0.007938385009735342,0.07968902587860226,0.6590881347631108,0.05313110351542232,0.0,0.0,0.0,0.0,0.0,0.0,0.0,0.0,0.0,0.0,34.331565787255215,94.8163126333049,735.0006802717941
preprocessed_images/EpsonV39/150/EpsonV39_150_0074.tif,150,134.53564395710762,18.299162624970677,262.9136277424867,145.14310322817315,123.3595727912192,4832545694.739007,0.003028869628894696,0.01336669921869901,0.0022544860839757747,0.03105926513660027,0.011711120605424076,0.1649971008294487,0.005893707275368142,0.10802078247029105,0.5954399108864005,0.06422805786108311,0.0,0.0,0.0,0.0,0.0,0.0,0.0,0.0,0.0,0.0,20.354489061884443,67.43036159476037,716.0027932906407
preprocessed_images/EpsonV39/150/EpsonV39_150_0060.tif,150,144.8301840194711,17.34520997481026,275.70492353721,155.83266857383467,134.28319683708327,5577543126.137997,0.004974365234356024,0.017852783203056898,0.003856658935532163,0.03230285644518927,0.012779235839795,0.11495208740190524,0.0071029663085666545,0.07973098754852398,0.6766014099095283,0.04984664916973172,0.0,0.0,0.0,0.0,0.0,0.0,0.0,0.0,0.0,0.0,39.17023108554423,109.13184874286306,780.1397310738635
preprocessed_images/EpsonV39/150/EpsonV39_150_0100.tif,150,140.14827669050388,18.27798630130413,269.86402306560865,151.15872172109778,129.03200900876516,5236490041.438685,0.004352569580061521,0.015045166015567607,0.002887725830067109,0.03186798095690968,0.01268768310542035,0.16923904418880753,0.006923675537082963,0.11156082153277755,0.5771446228005327,0.06829071044895824,0.0,0.0,0.0,0.0,0.0,0.0,0.0,0.0,0.0,0.0,26.824876478201933,89.50685694016487,850.1905668730982
preprocessed_images/EpsonV39/150/EpsonV39_150_0079.tif,150,138.37252771243197,16.74002606616914,270.4945001607528,149.03361266621394,128.4002889230107,5092719957.959971,0.005237579345683145,0.025913238525291774,0.0036888122558453034,0.042545318603353324,0.01090240478511466,0.17856597900322507,0.010505676269491174,0.12076187133742995,0.4961891174297478,0.10569000244100307,0.0,0.0,0.0,0.0,0.0,0.0,0.0,0.0,0.0,0.0,31.259622419972185,86.41679486293985,800.0099999375008
preprocessed_images/EpsonV39/150/EpsonV39_150_0045.tif,150,139.08437447853245,16.872162571593076,261.8940873882071,149.47548519265916,129.1106474569749,5145659465.774379,0.0033912658691276883,0.009838104248009346,0.0019950866699142643,0.015735626220643097,0.00638198852536628,0.0887222290035678,0.00485229492185649,0.06408309936498992,0.778926849362263,0.026073455810447413,0.0,0.0,0.0,0.0,0.0,0.0,0.0,0.0,0.0,0.0,19.48070327519216,79.45414089437256,822.0024330864234
preprocessed_images/EpsonV39/150/EpsonV39_150_0051.tif,150,139.10293946809114,17.34235192374992,259.16528753443765,149.92226504177202,128.64615500241757,5151230509.425785,0.004928588867168699,0.013034820556590901,0.0031967163085815553,0.0227470397948351,0.009807586669884462,0.10870361328083533,0.007110595703097875,0.08483505248991076,0.7018470764133383,0.043788909911942335,0.0,0.0,0.0,0.0,0.0,0.0,0.0,0.0,0.0,0.0,18.12199847828067,74.21323854584352,815.4029678631297
preprocessed_images/EpsonV39/150/EpsonV39_150_0086.tif,150,146.27495012023394,17.498693118276922,273.8861260320142,157.45399075256924,135.62452631396627,5689197276.305701,0.0033073425292842584,0.013488769531198545,0.00272750854491147,0.0275306701659106,0.012226104736281485,0.1111755371089509,0.005142211914042884,0.08018112182586601,0.7064666748019925,0.0377540588377466,0.0,0.0,0.0,0.0,0.0,0.0,0.0,0.0,0.0,0.0,35.00621105571679,111.18188806375366,847.9681597795993
preprocessed_images/EpsonV39/150/EpsonV39_150_0092.tif,150,146.4350294951001,16.858922795023897,276.2105633287995,157.35014598561094,136.27045531849245,5695718330.476639,0.004028320312484633,0.014526367187444586,0.0035667419433457687,0.028217315673720482,0.011974334716751196,0.13087463378856326,0.00605010986325817,0.08775711059536835,0.6693687438939309,0.04363632202131791,0.0,0.0,0.0,0.0,0.0,0.0,0.0,0.0,0.0,0.0,35.772207848008875,109.00495403204376,860.1034821461892
preprocessed_images/EpsonV39/150/EpsonV39_150_0093.tif,150,143.11852567796308,16.96448665747679,271.50388286982184,153.90695605896826,133.02849075585817,5444916006.036566,0.002674102783192924,0.011455535888628176,0.002658843994130482,0.023311614990145446,0.009147644042933854,0.11423873901323608,0.0038375854492041107,0.078575134277044,0.7218322753878714,0.03226852416979878,0.0,0.0,0.0,0.0,0.0,0.0,0.0,0.0,0.0,0.0,28.810730216702133,94.70396036751849,787.1327715195195
preprocessed_images/EpsonV39/150/EpsonV39_150_0087.tif,150,143.57742867508483,16.870193727970616,272.9073942831628,154.4529728883442,133.51098650892152,5478568810.60894,0.0042419433593588185,0.01728057861321533,0.0035514831542833272,0.0326042175291725,0.011161804199176171,0.14405822753851297,0.006065368652320612,0.10368728637655758,0.6183128356910007,0.05903625488258729,0.0,0.0,0.0,0.0,0.0,0.0,0.0,0.0,0.0,0.0,32.19055069264878,93.68502630357465,820.2792207535188
preprocessed_images/EpsonV39/150/EpsonV39_150_0050.tif,150,143.87390389902208,17.790452179362273,270.50078531840484,155.27149121602588,132.9812212422112,5509270840.774811,0.005653381347634684,0.017730712890557363,0.002998352050769812,0.02978515624988638,0.013492584228464154,0.1268768310542035,0.007190704345675695,0.09107971191371506,0.6485214233373698,0.05667114257790881,0.0,0.0,0.0,0.0,0.0,0.0,0.0,0.0,0.0,0.0,28.42168524432144,94.12818446527676,834.0863264674706
preprocessed_images/EpsonV39/150/EpsonV39_150_0044.tif,150,132.15539263975907,16.491954385094672,263.37860238440527,141.76856787264327,122.72555340223396,4649656611.82104,0.013721466064400781,0.02646636962880529,0.004959106445293582,0.039299011230318835,0.017299652099543383,0.1727333068841067,0.009986877441368152,0.11104202270465453,0.5101280212382884,0.09436416625940565,0.0,0.0,0.0,0.0,0.0,0.0,0.0,0.0,0.0,0.0,23.409149497372876,58.860225962872995,827.0489707387344
preprocessed_images/EpsonV39/150/EpsonV39_150_0078.tif,150,141.70104207496522,16.59275554086471,269.6607781662593,151.55096197692146,132.16383096499916,5335811322.431393,0.006168365478492094,0.016281127929625393,0.0032653808593625434,0.027885437011612373,0.012660980224561077,0.13029861450145608,0.007240295410128631,0.08360290527311857,0.6600914001439663,0.05250549316386221,0.0,0.0,0.0,0.0,0.0,0.0,0.0,0.0,0.0,0.0,29.996634425251237,85.33781007234126,830.1180638921189
preprocessed_images/EpsonV39/150/EpsonV39_150_0052.tif,150,138.7479074962268,16.633697898749727,274.84020802106875,148.52574525187487,129.16887342448655,5119059359.267129,0.012081146240188289,0.024322509765532217,0.006229400634741862,0.043571472167802536,0.028087615966689728,0.16796493530209364,0.011817932128861168,0.10229110717734416,0.5206108093241859,0.0830230712887458,0.0,0.0,0.0,0.0,0.0,0.0,0.0,0.0,0.0,0.0,35.390084668001265,82.85256722797675,737.0061058091717
preprocessed_images/EpsonV39/150/EpsonV39_150_0046.tif,150,137.6336317262863,16.970962308554487,264.0062193755348,148.34383459605073,127.44817356737309,5041299166.028202,0.0031814575195191134,0.012279510498000032,0.0019912719726486536,0.025562286376855613,0.007289886474581566,0.12456130981397796,0.006671905517552673,0.08400726318327328,0.6877708435032357,0.04668426513654066,0.0,0.0,0.0,0.0,0.0,0.0,0.0,0.0,0.0,0.0,22.975402619533394,73.75595797914903,802.7552553549556
preprocessed_images/EpsonV39/150/EpsonV39_150_0091.tif,150,142.39266492280817,17.330663698821112,272.8359488398526,153.06438079171338,132.08461534180086,5393880954.453559,0.004230499267561987,0.014896392822208799,0.002910614013660772,0.03127670288074006,0.015121459960879815,0.1573677062982278,0.005084991455058727,0.08086395263641027,0.6369132995581173,0.051334381103319796,0.0,0.0,0.0,0.0,0.0,0.0,0.0,0.0,0.0,0.0,35.44379154955292,88.9597816045594,817.5292043713179
preprocessed_images/EpsonV39/150/EpsonV39_150_0085.tif,150,143.37584301176187,18.27288324010799,270.0569406242274,154.17273527743615,132.30913667974775,5476327259.17434,0.003952026367172424,0.01260757446284253,0.002883911132801499,0.02297592163077173,0.011104583740192015,0.12084579467727338,0.004848480224590879,0.08388519287077376,0.6987113952610065,0.03818511962876058,0.0,0.0,0.0,0.0,0.0,0.0,0.0,0.0,0.0,0.0,27.82209611561176,94.5361342925124,833.0054021433474
preprocessed_images/EpsonV39/150/EpsonV39_150_0084.tif,150,136.04986418873557,16.966573048822607,260.4423286359971,146.3800270757646,126.0816154669733,4927633528.401278,0.005908966064430584,0.012561798095655205,0.0037460327148294598,0.021610260009683187,0.009174346923793127,0.12054061889602455,0.006027221679664508,0.08294677734343359,0.6959800720188294,0.041503906249841675,0.0,0.0,0.0,0.0,0.0,0.0,0.0,0.0,0.0,0.0,17.690816957458985,66.83765704486738,818.0097798926367
preprocessed_images/EpsonV39/150/EpsonV39_150_0090.tif,150,146.43042029188163,17.177124807314886,279.25304320133245,157.41012216997473,136.06431796874972,5698203576.828733,0.005287170410136081,0.02036666870109418,0.004215240478499545,0.03561019897447353,0.015552520751893796,0.1507987976068466,0.00928497314449583,0.08046722412078679,0.6208763122534909,0.057540893554467995,0.0,0.0,0.0,0.0,0.0,0.0,0.0,0.0,0.0,0.0,48.63631799095268,112.30506065108756,821.8637356642523
preprocessed_images/EpsonV39/150/EpsonV39_150_0047.tif,150,141.91879286047086,17.665949601129768,268.7563832926202,152.90503426800967,131.2142803135597,5361638976.332209,0.0052909851074016915,0.015621185302674784,0.0032577514648313224,0.02919769287098237,0.016475677490171526,0.13032150268504974,0.007957458496063394,0.0857658386227197,0.653259277341258,0.05285263061503276,0.0,0.0,0.0,0.0,0.0,0.0,0.0,0.0,0.0,0.0,25.42086682988407,92.15071310287973,842.607856597599
preprocessed_images/EpsonV39/150/EpsonV39_150_0053.tif,150,145.9363095024509,17.21311393888325,278.72787344592507,156.10363437112105,135.83132549731738,5660658295.811111,0.01736831665032437,0.0317649841307382,0.007026672363254445,0.044761657714673,0.025611877441308547,0.17870712280205264,0.012874603271435262,0.11011886596637681,0.4694061279278968,0.10235977172812515,0.0,0.0,0.0,0.0,0.0,0.0,0.0,0.0,0.0,0.0,44.416512377323045,98.52881598104047,841.3382197428095
preprocessed_images/EpsonV39/150/EpsonV39_150_0057.tif,150,129.4942325352303,16.676893558105625,254.91163862865474,139.66965424909273,119.8217230207248,4468736010.128375,0.0019607543945237703,0.0073394775390345016,0.0012893676757763314,0.017745971679619804,0.003963470458969255,0.1098594665523153,0.003986358642562918,0.07895660400360505,0.741950988766701,0.03294754028307744,0.0,0.0,0.0,0.0,0.0,0.0,0.0,0.0,0.0,0.0,14.063948219409319,55.68928560994855,714.7167271024234
preprocessed_images/EpsonV39/150/EpsonV39_150_0043.tif,150,136.6301528306343,16.685537602497096,270.9658988942219,146.25567237088626,127.07074919718872,4966634180.472165,0.010181427001914286,0.025341033935450206,0.004779815673809891,0.04257583618147821,0.021381378173746562,0.18554306030202658,0.007617950439424065,0.09841918945274956,0.5184173583964599,0.08574295043912604,0.0,0.0,0.0,0.0,0.0,0.0,0.0,0.0,0.0,0.0,34.52580871035404,69.8329990952155,811.32977265721
preprocessed_images/EpsonV39/150/EpsonV39_150_0094.tif,150,143.8769969961914,16.642616492283206,271.855988262978,154.21380355740862,134.10576930105248,5499143310.108601,0.005413055419901226,0.019039154052661746,0.0042572021484212595,0.03402328491197958,0.012920379638622588,0.14627838134709822,0.007133483886691537,0.10899734497028733,0.5929985046364098,0.06893920898411202,0.0,0.0,0.0,0.0,0.0,0.0,0.0,0.0,0.0,0.0,31.339856001806893,96.14719821478471,844.4655114331194
preprocessed_images/EpsonV39/150/EpsonV39_150_0080.tif,150,140.64987374349244,17.33890171923141,272.5397884688009,151.01663067050754,130.43266272843144,5264644373.71261,0.00630187988278846,0.015464782714784756,0.0037193298339701867,0.03005218505847911,0.01506042480463005,0.15534591674745427,0.0061340332031016,0.08726501464810461,0.6271362304663577,0.05352020263651459,0.0,0.0,0.0,0.0,0.0,0.0,0.0,0.0,0.0,0.0,32.696792135753455,87.9738833050613,796.2474489755053
preprocessed_images/EpsonV39/150/EpsonV39_150_0081.tif,150,140.6986508334892,17.504258361617918,280.3078406596595,150.9622249874437,130.44123502972903,5269752226.029076,0.004184722900374661,0.015487670898378419,0.002868652343739057,0.03533172607408397,0.021945953369056907,0.1628837585443005,0.006790161132786597,0.0847816467281922,0.6125335693336008,0.053192138671672086,0.0,0.0,0.0,0.0,0.0,0.0,0.0,0.0,0.0,0.0,50.53938412286241,116.31209689053233,836.2392002292167
preprocessed_images/EpsonV39/150/EpsonV39_150_0095.tif,150,144.45375035635817,17.71474957381514,270.30326572139325,155.26870564888358,133.7443423772838,5552392986.815377,0.0037879943847511748,0.015052795410098827,0.00297927856444176,0.029056549072154783,0.010620117187459487,0.14172363281195938,0.005348205566385848,0.10496520996053708,0.6279373168921358,0.0585289001462611,0.0,0.0,0.0,0.0,0.0,0.0,0.0,0.0,0.0,0.0,27.127529396560334,96.5921337096904,869.9068915694369
preprocessed_images/EpsonV39/150/EpsonV39_150_0042.tif,150,143.43901799929034,16.266016478587744,276.1634943270716,153.56096805417042,134.0020731004892,5462906680.556238,0.00757980346676796,0.02052307128898421,0.004489898681623497,0.0341033935545574,0.012710571289014013,0.13200378417918393,0.009426116943323418,0.08823776245083527,0.6373519897436625,0.05357360839823313,0.0,0.0,0.0,0.0,0.0,0.0,0.0,0.0,0.0,0.0,38.80867229173828,95.41474324309543,822.0608250001942
preprocessed_images/EpsonV39/150/EpsonV39_150_0056.tif,150,137.76339678380214,17.857845319400028,281.807846093658,147.0609366273938,127.58718114282625,5058764769.293217,0.0067634582519273245,0.021228790283122145,0.0038185119628760585,0.03736877441391995,0.020397186279219066,0.1435241699213275,0.007259368896456683,0.09035491943324907,0.6075630187965104,0.06172180175757705,0.0,0.0,0.0,0.0,0.0,0.0,0.0,0.0,0.0,0.0,45.56967055384877,120.23051420459689,829.0150782705946
preprocessed_images/EpsonV39/150/EpsonV39_150_0040.tif,150,144.6614908369914,16.411387102751107,278.38371308200453,154.91074956248104,135.08194736451725,5556477770.548457,0.004825592040997217,0.01916122436516128,0.004447937011701783,0.032714843749875204,0.015876770019470684,0.14862060546818306,0.005931854248024246,0.08464813232389584,0.632637023923368,0.05113601684550805,0.0,0.0,0.0,0.0,0.0,0.0,0.0,0.0,0.0,0.0,42.408720799894205,102.90808943244762,821.0298411141948
preprocessed_images/EpsonV39/150/EpsonV39_150_0054.tif,150,138.39182601649554,16.59741150380435,274.245355965549,148.13664432397263,128.92781351277546,5092873752.230383,0.0032463073730344912,0.012577056884717648,0.0025062561035060645,0.023471832275301086,0.012378692626905904,0.12909698486278878,0.0040550231933439065,0.07114410400363486,0.7059936523410568,0.03553009033189571,0.0,0.0,0.0,0.0,0.0,0.0,0.0,0.0,0.0,0.0,33.73546169170811,96.95189362412547,722.8969497791508
preprocessed_images/EpsonV39/150/EpsonV39_150_0068.tif,150,139.70231951601363,15.79656348062377,264.9020599552626,149.50457134752207,130.70389108975422,5181608950.746771,0.0060348510741957285,0.02024459838859465,0.003158569335925451,0.02970504760730856,0.00783920288082947,0.13729858398385125,0.0068664550780988065,0.10638809204060978,0.6157417297339792,0.06672286987279234,0.0,0.0,0.0,0.0,0.0,0.0,0.0,0.0,0.0,0.0,21.636972141524954,69.72314180876779,552.0905722795853
preprocessed_images/EpsonV39/150/EpsonV39_150_0083.tif,150,143.4716344357244,16.158415911375094,276.4458898988124,153.76138661244832,134.0866207131843,5464445234.032963,0.006782531738255377,0.02478790283193669,0.005466461181619772,0.03356552124010633,0.015186309814395194,0.12667846679639175,0.008106231689422202,0.08871078491177097,0.6319389343237612,0.058776855468525784,0.0,0.0,0.0,0.0,0.0,0.0,0.0,0.0,0.0,0.0,39.15086091059308,95.92413045708913,830.0867424552689
preprocessed_images/EpsonV39/150/EpsonV39_150_0097.tif,150,146.0949522255879,18.21171585526347,271.18809337894476,157.99829276805272,134.7314094536134,5682076492.808762,0.00289535522459833,0.009929656982383996,0.0021057128906169674,0.025402069091699973,0.011955261230423144,0.11688613891556973,0.0047492980956850075,0.08679580688443453,0.7017402648899012,0.03754043579087242,0.0,0.0,0.0,0.0,0.0,0.0,0.0,0.0,0.0,0.0,30.153321185529222,113.50770166202211,826.009685173243
preprocessed_images/EpsonV39/150/EpsonV39_150_0096.tif,150,136.94987450468213,16.030662557422307,266.814357590132,146.8663481112658,127.81397446680337,4983947334.48479,0.0020484924316328105,0.01097488403316126,0.0028572082519422257,0.019382476806566688,0.006534576415990697,0.10200881957968899,0.0040893554687344005,0.07236480712863019,0.7535324096650943,0.026206970214743778,0.0,0.0,0.0,0.0,0.0,0.0,0.0,0.0,0.0,0.0,23.084477953275638,76.43255128420878,704.071019145086
preprocessed_images/EpsonV39/150/EpsonV39_150_0082.tif,150,142.63178297934908,18.35191459064292,267.4163499335324,153.800860274163,131.43121832184758,5421299999.705763,0.002647399902333651,0.014411926269476273,0.0022087097167884494,0.037334442138529454,0.009719848632775422,0.16113281249938533,0.006309509277319681,0.1211471557612566,0.5700149536111068,0.07507324218721362,0.0,0.0,0.0,0.0,0.0,0.0,0.0,0.0,0.0,0.0,24.486417615090364,93.49328107986743,863.6307081154537
preprocessed_images/EpsonV39/150/EpsonV39_150_0069.tif,150,154.20315463211128,15.81367363502162,288.07256558344636,164.11576666132396,145.21417838146695,6298975645.815224,0.014858245849552695,0.04572677612287244,0.009311676025355103,0.051204681396289045,0.025760650634667356,0.1469993591302986,0.012798309326123053,0.09714889526330128,0.5013999938945717,0.09479141235315403,0.0,0.0,0.0,0.0,0.0,0.0,0.0,0.0,0.0,0.0,74.90645021721545,120.7254229026383,763.236529524105
preprocessed_images/EpsonV39/150/EpsonV39_150_0055.tif,150,137.10896845959934,15.993498035756588,265.8708955823651,146.94481207727867,128.00742267984032,4995065108.620943,0.0075759887695023495,0.017684936523370037,0.003772735595688733,0.025852203369042006,0.00970458984371298,0.12211990356398728,0.007225036621066189,0.09165573120082224,0.6556930541967174,0.05871582031227601,0.0,0.0,0.0,0.0,0.0,0.0,0.0,0.0,0.0,0.0,22.79463693172494,69.97005913230308,743.7647477529438
preprocessed_images/EpsonV39/150/EpsonV39_150_0041.tif,150,140.81306682690837,16.077379536354027,271.4906533201236,150.5852144479993,131.67629165742989,5265634603.029062,0.004863739013653321,0.01550292968744086,0.00340652465819013,0.026073455810447413,0.011642456054643088,0.13463973998972076,0.005767822265602998,0.08261871337859109,0.6720237731907958,0.043460845947099834,0.0,0.0,0.0,0.0,0.0,0.0,0.0,0.0,0.0,0.0,30.014986656016582,84.47241684858611,833.1734513293136
preprocessed_images/EpsonV39/150/EpsonV39_150_0026.tif,150,144.2001053758727,17.0057365719062,288.0298229690197,153.4046395363664,134.6690937791122,5526746684.91987,0.010856628417927335,0.026981353759662697,0.006927490234348573,0.050182342529105445,0.029430389404184607,0.18465805053640497,0.012142181396438056,0.09384155273401702,0.5092048645000107,0.07577514648408594,0.0,0.0,0.0,0.0,0.0,0.0,0.0,0.0,0.0,0.0,64.29863967056785,121.48788517332717,763.1107390149873
preprocessed_images/EpsonV39/150/EpsonV39_150_0032.tif,150,142.22971573797375,16.796790711904986,273.5494835190627,152.80194695064014,132.34057882509867,5376946789.973851,0.0035591125488145478,0.015617370605409174,0.0035781860351426003,0.030368804931524777,0.009933471679649607,0.13168716430613828,0.007312774658175229,0.08803939819302353,0.6571311950658526,0.05277252197245494,0.0,0.0,0.0,0.0,0.0,0.0,0.0,0.0,0.0,0.0,33.802243580580544,95.81671525428006,780.0230765817124
preprocessed_images/EpsonV39/150/EpsonV39_150_0033.tif,150,139.2248490750007,16.18780604443254,265.6266542909292,149.2546939003879,129.9172666198496,5149977127.023777,0.004547119140607654,0.015880584716736295,0.003345489501940363,0.025604248046777328,0.008159637451140749,0.13628005981393326,0.005634307861306632,0.10305023193320065,0.6423568725561434,0.05514144897439902,0.0,0.0,0.0,0.0,0.0,0.0,0.0,0.0,0.0,0.0,22.29331406796903,74.62592732770378,651.8604145060506
preprocessed_images/EpsonV39/150/EpsonV39_150_0027.tif,150,133.7694364842065,17.106501978078835,270.7407853808109,143.6087968822832,123.82682223536568,4767585284.188582,0.005912780761696194,0.019977569580001915,0.002613067626943157,0.04409408569319117,0.016391754150328095,0.19359970092699585,0.008930206298794059,0.1142425537105017,0.5065269470195521,0.08771133422818103,0.0,0.0,0.0,0.0,0.0,0.0,0.0,0.0,0.0,0.0,30.3971077910226,83.18965146880063,813.9705154365237
preprocessed_images/EpsonV39/150/EpsonV39_150_0019.tif,150,142.29695226825055,18.256798876296667,277.95421258324876,152.63595486432772,131.39200002207272,5395377902.070614,0.004642486572247915,0.018535614013601168,0.002418518066397024,0.04036331176742415,0.014507293701116534,0.16818237304623343,0.010349273681601146,0.1067199707027179,0.5592918395974759,0.07498931884737019,0.0,0.0,0.0,0.0,0.0,0.0,0.0,0.0,0.0,0.0,41.943708440704036,120.5063688387493,834.5166265569549
preprocessed_images/EpsonV39/150/EpsonV39_150_0031.tif,150,141.36593346937036,16.58572804334989,268.9428358549457,151.71900604148834,131.60936447698464,5310883697.890266,0.002948760986316876,0.013507843017526597,0.002841949462879784,0.02340698242178571,0.007530212402315025,0.10396575927694715,0.005229949951151924,0.07456588745088742,0.7292900085421399,0.03671264648423495,0.0,0.0,0.0,0.0,0.0,0.0,0.0,0.0,0.0,0.0,26.824986040801466,89.80059159902746,756.1692932141585
preprocessed_images/EpsonV39/150/EpsonV39_150_0025.tif,150,131.40453500198154,17.62105627405775,269.33848482544033,140.8945234677447,121.368618226442,4607876384.240569,0.006027221679664508,0.013671874999947846,0.0034446716308462345,0.02836227416981368,0.01641845703118737,0.12995910644481673,0.00835800170895249,0.07920837402313534,0.6678619384740148,0.046688079833806274,0.0,0.0,0.0,0.0,0.0,0.0,0.0,0.0,0.0,0.0,25.05530872459171,80.69488268400495,709.9408426059174
preprocessed_images/EpsonV39/150/EpsonV39_150_0024.tif,150,141.2056725423112,17.055685105880386,277.5650868905763,151.31654409671427,131.26358039510205,5303156959.492799,0.0032577514648313224,0.014640808105412899,0.0033531188964715836,0.03383255004869906,0.015968322753845337,0.15745544433533684,0.0062217712402106405,0.08691024780240283,0.6285591125464304,0.049800872802544395,0.0,0.0,0.0,0.0,0.0,0.0,0.0,0.0,0.0,0.0,39.972551558537155,106.45725990210781,828.0603842715819
preprocessed_images/EpsonV39/150/EpsonV39_150_0030.tif,150,150.14172078577832,18.06753644881402,279.47048106437245,160.8572742751838,139.17252767049752,5994963846.782998,0.006912231445286131,0.022087097167884494,0.0051383972167772735,0.03452301025377456,0.017242431640559226,0.1265449523920954,0.009086608886684087,0.09125900268519875,0.6257400512671443,0.061466217040781146,0.0,0.0,0.0,0.0,0.0,0.0,0.0,0.0,0.0,0.0,44.842002315996986,125.67087140390811,864.0613404151351
preprocessed_images/EpsonV39/150/EpsonV39_150_0018.tif,150,133.22754385494184,16.208978145641716,263.7592392295319,142.5605898742778,124.20866514516858,4721818839.061977,0.003295898437487427,0.01328277587885558,0.0020904541015545255,0.023948669433502393,0.007698059082001884,0.1381874084467385,0.004322052001936637,0.08501815795866005,0.6748886108372693,0.04726791381817906,0.0,0.0,0.0,0.0,0.0,0.0,0.0,0.0,0.0,0.0,20.988025955536614,63.42360138029346,727.3321112119278
preprocessed_images/EpsonV39/150/EpsonV39_150_0034.tif,150,132.88118974383696,18.03856733592535,267.9601051352261,143.43586309869664,122.21696555578487,4714083254.080717,0.0020294189453047584,0.00954055786129173,0.0019340515136644972,0.02400588989248655,0.010715484619099748,0.14360046386663972,0.004165649414046609,0.07174301147433569,0.6991577148410829,0.03310775756823308,0.0,0.0,0.0,0.0,0.0,0.0,0.0,0.0,0.0,0.0,25.44042117595823,76.28984012775214,787.0311302610589
preprocessed_images/EpsonV39/150/EpsonV39_150_0020.tif,150,141.558347350028,17.137577738780667,270.28489282876194,152.34906530734725,131.2755154963208,5330032990.6763,0.005928039550758636,0.018520355224538723,0.0033988952636589092,0.030712127685429715,0.01132583618159742,0.14007949829048125,0.007873535156219965,0.10185623168906457,0.6159133911109317,0.06439208984350436,0.0,0.0,0.0,0.0,0.0,0.0,0.0,0.0,0.0,0.0,27.65504829009252,93.07196927691706,832.2499624511858
preprocessed_images/EpsonV39/150/EpsonV39_150_0008.tif,150,143.95681215376612,16.799076679624243,276.251244317442,154.63516655272844,133.93058113435796,5506537289.878761,0.005165100097636546,0.019634246826096977,0.004608154296857421,0.03280258178698424,0.015213012695254467,0.13634872436471424,0.006462097167944099,0.0806541442868017,0.6462211608862067,0.05289077758768886,0.0,0.0,0.0,0.0,0.0,0.0,0.0,0.0,0.0,0.0,38.46352305525192,99.54999220926945,827.7306325127759
preprocessed_images/EpsonV39/150/EpsonV39_150_0009.tif,150,141.15925664709184,16.482687882994565,277.56127343969695,150.7499487180543,131.80019506274036,5294683517.61816,0.004554748535138875,0.021892547607338362,0.004829406738262827,0.04288101196272705,0.01848983764641384,0.1691932678216202,0.00996398925777449,0.09378433227503287,0.5540695190408551,0.08034133911102165,0.0,0.0,0.0,0.0,0.0,0.0,0.0,0.0,0.0,0.0,42.707190770516924,94.30734597218725,675.4938933846848
preprocessed_images/EpsonV39/150/EpsonV39_150_0021.tif,150,147.1991246193195,16.62683349083257,280.0604059897797,156.58309865043393,137.7162201018371,5752496817.602777,0.009864807128868619,0.025672912597558314,0.007530212402315025,0.034381866454946966,0.021991729736244234,0.11692428588822584,0.011215209960894717,0.07365036010714092,0.6427688598608292,0.05599975585916138,0.0,0.0,0.0,0.0,0.0,0.0,0.0,0.0,0.0,0.0,49.804080522876,116.20265111755171,822.2469215509415
preprocessed_images/EpsonV39/150/EpsonV39_150_0035.tif,150,148.54933150270512,16.284108361175697,283.35578705969783,158.89890008068147,139.00569496808933,5854219750.609803,0.009086608886684087,0.027221679687396156,0.006084442138648664,0.04358291625959937,0.018447875976492126,0.16282653808531636,0.010723114013630968,0.09410476684534413,0.5593109130838039,0.06861114501926951,0.0,0.0,0.0,0.0,0.0,0.0,0.0,0.0,0.0,0.0,56.33509084183032,109.89829714420841,845.025443403925
preprocessed_images/EpsonV39/150/EpsonV39_150_0023.tif,150,134.67301077277278,16.577514340132772,252.33388870146538,145.19489593903205,124.82806834400228,4826499334.091751,0.006778717040989766,0.01388549804682203,0.0032577514648313224,0.01950836181633183,0.007781982421845314,0.10998916625934604,0.007465362548799647,0.08767700195279053,0.6953048706028163,0.048351287841612425,0.0,0.0,0.0,0.0,0.0,0.0,0.0,0.0,0.0,0.0,11.770366739112072,52.97841825048099,749.2422839108855
preprocessed_images/EpsonV39/150/EpsonV39_150_0037.tif,150,146.36087162614783,17.111876511666953,281.8148489506977,156.8253583580488,136.27629153452787,5692278980.192835,0.0059509277343522985,0.016624450683530332,0.004085540771468789,0.04025650024398706,0.021514892578042927,0.19025039672778987,0.008403778076139817,0.07905578613251092,0.5801849365212243,0.053672790527139004,0.0,0.0,0.0,0.0,0.0,0.0,0.0,0.0,0.0,0.0,49.666786910671355,108.4188494138311,828.1956290635685
preprocessed_images/EpsonV39/150/EpsonV39_150_0036.tif,150,136.7303077731796,17.484701212576628,269.0244484272916,146.84157605008514,126.53112052487812,4980969790.568266,0.009254455566370947,0.018466949462820178,0.004203796386702713,0.03207778930651826,0.01771926879876053,0.15493392944276835,0.0063743591308350585,0.08075714111297318,0.6140060424781265,0.06220626831030957,0.0,0.0,0.0,0.0,0.0,0.0,0.0,0.0,0.0,0.0,29.499142699333813,80.48568572836405,835.4256400183083
preprocessed_images/EpsonV39/150/EpsonV39_150_0022.tif,150,137.17390989181294,17.535683055266595,263.032345575988,148.38477364501824,126.51058395416106,5013289496.798034,0.003074645996082021,0.012794494628857442,0.0018653869628835092,0.024337768554594658,0.006919860839817353,0.12737274169873286,0.005970001220680351,0.08926391601528448,0.6740798950169599,0.05432128906229278,0.0,0.0,0.0,0.0,0.0,0.0,0.0,0.0,0.0,0.0,20.95340282208436,80.15980342784347,821.690939465685
preprocessed_images/HP/300/HP_300_0007.tif,300,143.61969637339385,15.502012975812848,275.6271174160847,153.31739966758084,134.9188855614777,5470140391.145628,0.09086227416957526,0.10582351684529943,0.02896881103504574,0.04619598388654252,0.03805160522446422,0.06917572021457986,0.05475997924783798,0.122093200683128,0.1910705566398961,0.25299835204981613,0.0,0.0,0.0,0.0,0.0,0.0,0.0,0.0,0.0,0.0,38.182242862469664,86.74381397209523,707.7697365669148
preprocessed_images/HP/300/HP_300_0013.tif,300,147.04380584306082,15.845274866126108,285.7184070942564,156.66040395985902,138.11756613100022,5733863541.281879,0.09449386596643641,0.10931015014606739,0.03073501586902338,0.0497665405271539,0.04447937011701782,0.0816383361813292,0.052356719970503396,0.11797714233353432,0.17012786865169477,0.2491149902334247,0.0,0.0,0.0,0.0,0.0,0.0,0.0,0.0,0.0,0.0,63.345460904427796,100.80017244284491,702.1823125086532
preprocessed_images/HP/300/HP_300_0012.tif,300,144.62315636593658,16.250664391027854,270.3512797062661,155.00671985515402,135.05184908092627,5552194571.572597,0.08709716796841775,0.10681915283162377,0.0261421203612284,0.04563522338849779,0.036067962646346784,0.06288528442358823,0.05317306518534404,0.1228981018061718,0.20123291015548236,0.25804901122948437,0.0,0.0,0.0,0.0,0.0,0.0,0.0,0.0,0.0,0.0,31.319443491593663,84.47026350636872,726.3952092353032
preprocessed_images/HP/300/HP_300_0006.tif,300,141.38843442787393,16.53185844505975,275.80996688613845,151.5261269044888,131.80223412018577,5312083849.01617,0.08526992797819034,0.10641098022420345,0.02579879760732346,0.04644012451154159,0.042198181152182775,0.07254409790011389,0.05052566528301038,0.1218719482417226,0.1954460144035513,0.2534942626943455,0.0,0.0,0.0,0.0,0.0,0.0,0.0,0.0,0.0,0.0,39.08248795426409,91.58885106293205,717.2070830659719
preprocessed_images/HP/300/HP_300_0010.tif,300,137.05134402873446,17.21260161216214,273.45881454314963,147.03876485642425,126.99897536661304,5001535698.85331,0.08591842651334412,0.10141372680625375,0.026203155517478167,0.05054473876933844,0.04391098022444186,0.08108139038055007,0.05067062377910358,0.1204147338862594,0.18834686279225027,0.2514953613271656,0.0,0.0,0.0,0.0,0.0,0.0,0.0,0.0,0.0,0.0,37.623477310363846,82.29893055031137,737.5228810009897
preprocessed_images/HP/300/HP_300_0004.tif,300,143.68076216382062,16.124485665950026,279.8854490668206,153.28103201554325,134.50165456196035,5479900238.044937,0.08066177368133293,0.10522842407186421,0.025089263915919917,0.0520286560056609,0.048347473144346814,0.08710861206021459,0.0479393005369265,0.118587493896032,0.188182830809829,0.24682617187405842,0.0,0.0,0.0,0.0,0.0,0.0,0.0,0.0,0.0,0.0,49.04862232448465,100.59559004989516,722.6977238098928
preprocessed_images/HP/300/HP_300_0038.tif,300,143.58698175561045,17.38635315862954,272.43664715846523,153.8285295031042,133.40927819877078,5483923139.682001,0.08431243896452212,0.10290145873984183,0.025432586669824855,0.04739379882794421,0.03780746459946515,0.06804275512669355,0.05382156372049781,0.12387466430616807,0.2023391723625094,0.2540740966787183,0.0,0.0,0.0,0.0,0.0,0.0,0.0,0.0,0.0,0.0,32.025962795586686,85.71140080888974,699.331108989154
preprocessed_images/HP/300/HP_300_0039.tif,300,139.0381236652964,15.253471786386712,266.3464284614683,148.53808467740043,130.5730457496961,5128655531.908624,0.08717727661099557,0.10360717773397976,0.025680541992089537,0.04539108276349872,0.034755706786976794,0.06509017944311107,0.05607223510720798,0.12327194213820163,0.20105361938399866,0.25790023803612555,0.0,0.0,0.0,0.0,0.0,0.0,0.0,0.0,0.0,0.0,26.373544817409414,64.66068343259035,519.0086704478067
preprocessed_images/HP/300/HP_300_0005.tif,300,136.0764899411577,15.898125679665009,265.9925098020463,145.31901174615757,127.16713905398942,4920327933.744228,0.08190536498992193,0.1005134582515697,0.024650573730374714,0.051280975341601254,0.04770278930645865,0.08668136596646621,0.05006027221660591,0.11922836303665456,0.19108200073169296,0.24689483642483942,0.0,0.0,0.0,0.0,0.0,0.0,0.0,0.0,0.0,0.0,26.33534591966018,70.44961571524105,746.8038564442473
preprocessed_images/HP/300/HP_300_0011.tif,300,133.07379651706418,16.408504363495453,257.08481530862343,143.1500081243616,123.59512412730331,4712791889.651132,0.0877761840816964,0.10591125488240848,0.025947570800682267,0.041183471679530397,0.03244400024401686,0.05731582641579698,0.05559921264627228,0.12484359741163313,0.2077445983878794,0.2612342834462691,0.0,0.0,0.0,0.0,0.0,0.0,0.0,0.0,0.0,0.0,17.285182830128054,55.72990319101957,733.4439310540376
preprocessed_images/HP/300/HP_300_0029.tif,300,138.7656804733221,17.360654555048022,266.06624651871516,148.60174498750928,128.52354855491672,5126830529.918752,0.0886878967281773,0.10494995117147464,0.025402069091699973,0.04531478881818651,0.03696441650376524,0.06597137451146709,0.053375244140421385,0.12210083007765922,0.19895935058517852,0.25827407836815536,0.0,0.0,0.0,0.0,0.0,0.0,0.0,0.0,0.0,0.0,26.65877085762407,69.38969499328121,660.2454089200469
preprocessed_images/HP/300/HP_300_0015.tif,300,132.47551616867986,16.07429474645281,258.853870035885,142.34847748771475,123.22253176936827,4668298450.895899,0.08966445922817358,0.10424423217733671,0.026176452636618892,0.04273223876936824,0.03327178955065433,0.06417465209936457,0.05678176879861152,0.12137985229445884,0.20010757446212726,0.2614669799794713,0.0,0.0,0.0,0.0,0.0,0.0,0.0,0.0,0.0,0.0,21.061942637267038,57.5365149869328,712.0674125390095
preprocessed_images/HP/300/HP_300_0001.tif,300,140.70372614754618,18.232487248737346,282.0429867274808,151.71105403090746,129.6557977504669,5276948796.035309,0.08217239379851465,0.1012420654293013,0.027645111083878918,0.05144119262675689,0.05360794067362362,0.08505249023405055,0.050773620605275065,0.11936569213821653,0.1852188110344497,0.24348068237211806,0.0,0.0,0.0,0.0,0.0,0.0,0.0,0.0,0.0,0.0,55.654388898482054,127.40136966681162,697.2775630980822
preprocessed_images/HP/300/HP_300_0014.tif,300,142.96978254763914,17.559489945544847,281.6519499834312,153.18704541352406,132.63448395387758,5439145747.118009,0.08565902709928261,0.10249328613242152,0.03275680541979692,0.055931091308380386,0.05327606201151552,0.08852386474575606,0.051418304443163226,0.11568832397416806,0.1706199645989585,0.24363327026274248,0.0,0.0,0.0,0.0,0.0,0.0,0.0,0.0,0.0,0.0,56.109176105461785,110.228397163964,705.3920895502018
preprocessed_images/HP/300/HP_300_0028.tif,300,148.59113714537057,16.178126949245215,285.6614992944837,158.3534217062022,139.32953642591698,5856574263.71942,0.08477783203092659,0.10122680664023885,0.02871322631824984,0.057300567626734536,0.05151367187480349,0.09228515624964796,0.05451583862283891,0.11490631103471792,0.17461776733331827,0.24014282226470893,0.0,0.0,0.0,0.0,0.0,0.0,0.0,0.0,0.0,0.0,67.93546509476417,114.94176109475674,660.2696418888271
preprocessed_images/HP/300/HP_300_0002.tif,300,142.03242985843855,16.944076003591075,277.39789142311906,151.68005502488808,132.39327049878437,5363548249.943634,0.08383560180632081,0.10072708129844388,0.026092529296775465,0.05024719238262082,0.042526245117025276,0.07363891601534409,0.05382537841776342,0.12339019775343556,0.19626998901292317,0.2494468688955328,0.0,0.0,0.0,0.0,0.0,0.0,0.0,0.0,0.0,0.0,37.40995567403078,94.8478771743456,736.1575918239246
preprocessed_images/HP/300/HP_300_0016.tif,300,132.21488457771272,16.473820527540592,255.60591028851914,142.08415391150672,122.63973078154999,4653622877.6631365,0.0874824523922444,0.10396957397421276,0.024082183837798758,0.04193878173812127,0.03273010253893764,0.05799484252907564,0.055313110351351495,0.12487411498975802,0.2088432312003752,0.2627716064443101,0.0,0.0,0.0,0.0,0.0,0.0,0.0,0.0,0.0,0.0,16.358869855591795,55.46430524420742,737.2625041326868
preprocessed_images/HP/300/HP_300_0017.tif,300,135.9532550480802,15.622307972767304,266.7585253595617,145.15781740154392,127.30962584588367,4909260882.461152,0.0885009765621624,0.10280990600546719,0.02596664428701032,0.04513168334943721,0.03792190551743346,0.07033920288059105,0.054187774657996415,0.1215782165522706,0.19944381713791104,0.2541198730459056,0.0,0.0,0.0,0.0,0.0,0.0,0.0,0.0,0.0,0.0,26.48612149064104,66.66783195012694,643.4298718586199
preprocessed_images/HP/300/HP_300_0003.tif,300,140.4513517699778,17.7584484730131,267.94309440529094,150.80831101650568,129.83066380660892,5253875553.057562,0.08367538452116517,0.10428237914999282,0.023437499999910592,0.0454559326170141,0.036052703857284346,0.06761169433567958,0.05312728881815671,0.12158966064406741,0.20742797851483372,0.25733947753808084,0.0,0.0,0.0,0.0,0.0,0.0,0.0,0.0,0.0,0.0,26.262228902747502,75.21186378795981,726.2947060250405
preprocessed_images/HP/300/HP_300_0064.tif,300,143.70303153048283,17.284020103567556,270.836863060183,153.81141998525231,133.49205982899832,5491732937.963329,0.08557891845670479,0.10415649414022767,0.026363372802633806,0.04631423950177645,0.038356781005713055,0.06645202636693401,0.05481338500955653,0.12282943725539082,0.20166397094649632,0.2534713745107518,0.0,0.0,0.0,0.0,0.0,0.0,0.0,0.0,0.0,0.0,30.792057086464855,84.24440998194571,697.3463988578417
preprocessed_images/HP/300/HP_300_0070.tif,300,136.53619570029312,14.977746695267937,263.98493275475664,145.63933091785086,128.40332161642,4945730766.733666,0.09012985229457805,0.10522079467733299,0.02826309204090781,0.04559707641584169,0.03675842285142228,0.06277465820288554,0.057380676269312356,0.12250518798781393,0.1948928833000378,0.25647735595605287,0.0,0.0,0.0,0.0,0.0,0.0,0.0,0.0,0.0,0.0,24.4126420666891,61.9655764297208,663.0188534272611
preprocessed_images/HP/300/HP_300_0058.tif,300,140.54709659626351,16.24335303606938,266.70192247726976,150.92032809507526,131.0616101338865,5247423710.362022,0.08716964721646435,0.104789733886319,0.0259590148924791,0.044731140136548116,0.03480148315416412,0.061382293700937715,0.0545463562009638,0.12344741821241971,0.20553970336835656,0.2576332092275328,0.0,0.0,0.0,0.0,0.0,0.0,0.0,0.0,0.0,0.0,26.944862657263442,76.69795925310322,591.1564936630571
preprocessed_images/HP/300/HP_300_0059.tif,300,136.92882464170705,15.935143964582812,264.503308459339,146.54019738669203,127.80798740305721,4981635633.887663,0.08605194091764048,0.1018295288082053,0.024719238281155704,0.04541778564435799,0.0339927673338547,0.06505203247045496,0.05592346191384917,0.12559509277295838,0.2061882019035103,0.25522994995019826,0.0,0.0,0.0,0.0,0.0,0.0,0.0,0.0,0.0,0.0,23.65778539253893,63.38580369787507,705.5437619311789
preprocessed_images/HP/300/HP_300_0071.tif,300,146.9934049604556,16.41541167917237,277.2716473788346,157.52928022819404,137.29888259116697,5734800252.591196,0.0882072448727104,0.10648727416951566,0.027885437011612373,0.04758071899395912,0.03893661499008584,0.06845474243137949,0.05292892456034497,0.1216545104975828,0.19393920898363518,0.25392532348535946,0.0,0.0,0.0,0.0,0.0,0.0,0.0,0.0,0.0,0.0,41.3640018191949,95.94431309874199,752.8558959057171
preprocessed_images/HP/300/HP_300_0065.tif,300,137.05402961375964,17.02148042446713,266.39219341668587,146.73554330523677,127.30664156635103,5000013500.70038,0.0975570678707216,0.10153198242148768,0.03476715087877362,0.04886627197246984,0.04689407348614924,0.06539916992162552,0.05831146240212131,0.11668014526322677,0.18497085571218502,0.24502182006742468,0.0,0.0,0.0,0.0,0.0,0.0,0.0,0.0,0.0,0.0,24.93997239399918,62.6523432400846,687.0007278016524
preprocessed_images/HP/300/HP_300_0098.tif,300,143.5859088449204,16.262839128460683,269.2058053957273,153.96011779253857,134.14653374116395,5473931927.313447,0.08743286132779146,0.10315704345663773,0.025680541992089537,0.04619598388654252,0.03553009033189571,0.0659751892087327,0.054351806640417666,0.12367248535109072,0.2040252685539092,0.25397872924707804,0.0,0.0,0.0,0.0,0.0,0.0,0.0,0.0,0.0,0.0,29.853836181361867,78.53152211179517,665.0007518792742
preprocessed_images/HP/300/HP_300_0073.tif,300,136.45458385536205,15.409521141047158,263.717314738236,145.7876870057533,127.89969400789988,4943329832.976095,0.08953475952114283,0.1058464050288931,0.02632141113271209,0.04318237304671027,0.03465652465807092,0.06123733520484452,0.05432510375955839,0.12369155883741878,0.20213317871016642,0.259071350096668,0.0,0.0,0.0,0.0,0.0,0.0,0.0,0.0,0.0,0.0,23.87777304499076,62.38895869313942,723.1500535850081
preprocessed_images/HP/300/HP_300_0067.tif,300,137.73254489958984,15.923111657667167,268.5555363184784,147.5153762339911,128.62763400759164,5039403672.372526,0.08866882324184926,0.1060295104976424,0.02656173706044555,0.043708801269364515,0.035720825195176234,0.06628417968724715,0.05628585815408216,0.1211814880366471,0.1967506408683901,0.25880813598534086,0.0,0.0,0.0,0.0,0.0,0.0,0.0,0.0,0.0,0.0,29.090176635440876,73.81289104214794,704.0113635446519
preprocessed_images/HP/300/HP_300_0066.tif,300,141.4538750655505,17.27206533022085,272.5949176085464,151.1185382452809,131.46302505680433,5323495312.413631,0.08778762817349324,0.10420608520468061,0.026264190673727934,0.045665740966622674,0.03773498535141855,0.06557083129857799,0.0564842224118939,0.1226005554194542,0.1992492675773649,0.25443649291895126,0.0,0.0,0.0,0.0,0.0,0.0,0.0,0.0,0.0,0.0,33.30088403468964,93.1911771719627,751.4000266169811
preprocessed_images/HP/300/HP_300_0072.tif,300,149.23158530871368,16.604984897181897,281.24128677983384,159.94073192836447,139.2855400292897,5910243987.210247,0.08481216430631709,0.1045684814449136,0.029323577880747513,0.05410003662088737,0.044052124023269454,0.07493209838838603,0.05755233764626483,0.1188087463374374,0.18711471557545808,0.2447357177725039,0.0,0.0,0.0,0.0,0.0,0.0,0.0,0.0,0.0,0.0,55.52562111769304,119.36187175114497,750.2666192761077
preprocessed_images/HP/300/HP_300_0099.tif,300,147.39583399488296,15.180041856890082,285.4896588225681,156.7958508356411,138.96146919854837,5755624633.093073,0.08887481689419222,0.10459518432577287,0.0259590148924791,0.053997039794715894,0.04739761352520982,0.08843231201138141,0.04933547973613992,0.11917877197220161,0.173572540282541,0.24865722656155145,0.0,0.0,0.0,0.0,0.0,0.0,0.0,0.0,0.0,0.0,67.7171786497665,102.5461019304758,638.0125390617335
preprocessed_images/HP/300/HP_300_0089.tif,300,145.104213183025,15.478220700096648,278.19169038840033,154.4965691231534,136.5559626875389,5582306148.222418,0.08800125122036742,0.10679244995076449,0.027988433837783856,0.050899505615040204,0.041206359863124056,0.07352828979464139,0.05366897582987339,0.12079620361282045,0.18764114379811234,0.2494773864736577,0.0,0.0,0.0,0.0,0.0,0.0,0.0,0.0,0.0,0.0,43.38581717107606,86.03808048124664,611.8300417599646
preprocessed_images/HP/300/HP_300_0076.tif,300,145.75120086206155,15.965101418388171,278.8813645421458,155.26266207215843,136.80821586760905,5635649572.970803,0.08345031738249416,0.10553741455037866,0.026523590087789446,0.04922866821270283,0.04531478881818651,0.0782051086422798,0.05010986328105885,0.12070083618118019,0.18944168090748045,0.2514877319326344,0.0,0.0,0.0,0.0,0.0,0.0,0.0,0.0,0.0,0.0,47.20231257705545,93.79756849216041,676.2307298548329
preprocessed_images/HP/300/HP_300_0062.tif,300,146.86756239215265,17.10821913768218,276.5738064409069,157.4571303228962,136.73874762338409,5731194514.984351,0.08765411376919688,0.1034736633296834,0.02809143066395534,0.049083709716609636,0.044670104980298345,0.0717086791989452,0.051570892333787643,0.12065887451125847,0.19271850585863984,0.25037002563381056,0.0,0.0,0.0,0.0,0.0,0.0,0.0,0.0,0.0,0.0,38.92759853149834,99.52841968141296,664.4110173680144
preprocessed_images/HP/300/HP_300_0063.tif,300,146.27837422937714,16.2755038795263,275.548010155929,156.43095255052623,136.89259635020133,5678630120.645507,0.08840942382778774,0.10577011108358089,0.02794265747059653,0.04839324951153414,0.03911972045883515,0.06932830810520428,0.05432510375955839,0.1221351623530497,0.19253540038989053,0.2520408630361479,0.0,0.0,0.0,0.0,0.0,0.0,0.0,0.0,0.0,0.0,39.53682752082791,87.41361313274558,589.0415944566224
preprocessed_images/HP/300/HP_300_0077.tif,300,141.14577510686345,16.439966073103356,273.0897865976204,150.86431077254895,131.73493154550428,5293317112.463903,0.0863838195797486,0.1048965454097561,0.026515960693258223,0.04604721069318372,0.0410385131834372,0.07197952270480354,0.052009582519332846,0.12089538574172631,0.19623947143479828,0.2539939880361405,0.0,0.0,0.0,0.0,0.0,0.0,0.0,0.0,0.0,0.0,36.116028987371415,81.93775105431926,715.0062936785941
preprocessed_images/HP/300/HP_300_0088.tif,300,139.16473235610636,16.394484191068912,269.71589291786756,149.08027510255297,129.6753769777612,5147355209.698621,0.08621597290006174,0.10351943969687073,0.02572631835927686,0.046710968017399934,0.03783416748032442,0.0673294067380244,0.05643081665017536,0.12339019775343556,0.19937133788986444,0.2534713745107518,0.0,0.0,0.0,0.0,0.0,0.0,0.0,0.0,0.0,0.0,29.29678377708443,75.6080025020501,710.2957130660441
preprocessed_images/HP/300/HP_300_0049.tif,300,138.51120007151835,16.743069969859622,262.89337505131226,148.7876312102713,128.75234586602238,5102811987.907126,0.08946609497036184,0.10222244262656317,0.029178619384654318,0.046150207519355196,0.039646148681489385,0.06344604492163297,0.05643081665017536,0.12078857421828923,0.19977569580001917,0.25289535522364465,0.0,0.0,0.0,0.0,0.0,0.0,0.0,0.0,0.0,0.0,20.915791768920474,62.74463809372991,688.367634335026
preprocessed_images/HP/300/HP_300_0061.tif,300,143.68762227646937,16.75557970819623,276.86963385523217,154.07905859252986,133.7875807243285,5485856619.711183,0.0886154174801307,0.10411453247030596,0.0312538146971464,0.05212783813456677,0.043567657470536925,0.06962203979465628,0.05720901489235989,0.11966323852493414,0.18593978881765005,0.24788665771389812,0.0,0.0,0.0,0.0,0.0,0.0,0.0,0.0,0.0,0.0,43.225944271611816,99.56198001040683,641.0007800307267
preprocessed_images/HP/300/HP_300_0075.tif,300,139.76994357622505,16.773590008636642,262.1669117127225,149.92355294216483,129.94821535845622,5194905144.283358,0.08811950683560135,0.10371398925741686,0.02555084228505878,0.044139862060378496,0.03506088256822563,0.05875396728493212,0.05583190917947452,0.12403869628858932,0.2063255310050723,0.2584648132314359,0.0,0.0,0.0,0.0,0.0,0.0,0.0,0.0,0.0,0.0,21.051593181103016,71.02888489020731,746.0294900337385
preprocessed_images/HP/300/HP_300_0074.tif,300,135.91311078414853,17.18344232868593,264.01824092961783,145.82975420085236,125.91116183211005,4919825366.591083,0.0839767456051484,0.10435485839803942,0.02523422241201311,0.045478820800607764,0.040481567382658075,0.06824874877903653,0.05411911010721542,0.12225341796828364,0.2004470825187666,0.25540542602441635,0.0,0.0,0.0,0.0,0.0,0.0,0.0,0.0,0.0,0.0,23.50900043853147,62.921674583969484,639.094672173067
preprocessed_images/HP/300/HP_300_0060.tif,300,143.10436012080459,16.803343496672017,274.76660665618164,153.73704502937377,133.07309200702417,5442426696.696351,0.08628845214810833,0.10498046874959953,0.02655792236317994,0.048671722411923704,0.03805923461899544,0.06723403930638415,0.05450057983377647,0.12235260009718951,0.1979637145988542,0.253391265868174,0.0,0.0,0.0,0.0,0.0,0.0,0.0,0.0,0.0,0.0,39.198489413237354,96.81403222949551,663.8267846358717
preprocessed_images/HP/300/HP_300_0048.tif,300,139.86897720794394,16.439960253839864,272.12557081946295,149.31726857965026,130.54682882603078,5199260045.369455,0.08644866943326397,0.10351181030233951,0.02613449096669718,0.04737472534161615,0.041076660156093306,0.07259750366183243,0.05353164672831141,0.12279129028273471,0.19632720947190732,0.2502059936513893,0.0,0.0,0.0,0.0,0.0,0.0,0.0,0.0,0.0,0.0,37.16038421366165,89.07136855892988,651.0069124056979
preprocessed_images/HP/300/HP_300_0100.tif,300,139.12848095003713,17.201621840622156,267.9473788271041,149.5118810538829,128.89603776334562,5151819040.138885,0.08303833007780823,0.10338973998983997,0.02410507202139242,0.04525375366193674,0.03950881957992741,0.06908416748020521,0.05405807495096566,0.12268829345656322,0.20397949218672187,0.25489425659082454,0.0,0.0,0.0,0.0,0.0,0.0,0.0,0.0,0.0,0.0,27.53359489679101,77.73503301399471,695.0179853787957
preprocessed_images/HP/300/HP_300_0086.tif,300,144.68274438971227,17.159689816334804,273.625475475049,155.80660676900797,134.20261062224515,5564675254.840626,0.08439254760709994,0.10443496704061724,0.024391174316313203,0.047279357909975894,0.03745651245102899,0.06635665893529374,0.0545501708982294,0.12433624267530693,0.2047576904289064,0.2520446777334135,0.0,0.0,0.0,0.0,0.0,0.0,0.0,0.0,0.0,0.0,35.459400797512245,98.04910343116661,712.147456640828
preprocessed_images/HP/300/HP_300_0092.tif,300,143.356906610954,16.641169456633122,274.30995878006746,153.9504020670325,133.48266687662644,5459969623.705827,0.08413314819303842,0.10363388061483904,0.024467468261625415,0.04769515991192743,0.03661727905259469,0.0678367614743506,0.05618667602517629,0.12208175659133116,0.205417633055857,0.2519302368154452,0.0,0.0,0.0,0.0,0.0,0.0,0.0,0.0,0.0,0.0,35.231092868542866,94.62738533710696,714.8090654153737
preprocessed_images/HP/300/HP_300_0045.tif,300,138.6745403078908,16.22663774445785,262.63042630378186,148.66768622801862,129.27530917577747,5110217284.54271,0.08599472045865633,0.10272979736288937,0.023952484130768004,0.04347991943342788,0.03339004516588825,0.06157302856421824,0.05754852294899922,0.12409591674757349,0.20961380004802851,0.257621765135736,0.0,0.0,0.0,0.0,0.0,0.0,0.0,0.0,0.0,0.0,22.144252818900075,70.30922861844844,703.518301112345
preprocessed_images/HP/300/HP_300_0051.tif,300,137.9738506043089,16.925157108394455,260.02483048188935,148.5606277736086,127.79787376291347,5065472578.348378,0.088504791259428,0.10430145263632087,0.02631378173818087,0.044246673583815586,0.03607940673814362,0.058376312255636685,0.05521392822244563,0.12453079223585307,0.20584106445233977,0.25659179687402117,0.0,0.0,0.0,0.0,0.0,0.0,0.0,0.0,0.0,0.0,20.89243878860687,66.04371020000235,718.4330170586538
preprocessed_images/HP/300/HP_300_0079.tif,300,137.9077427993177,16.25959536465705,270.78196155541445,148.11589367794437,128.5151642372426,5054901771.416407,0.08834075927700676,0.10516357421834883,0.02553558349599634,0.04294586181624242,0.03630065917954902,0.07044601440402815,0.05450057983377647,0.12106323242141317,0.19601821899339286,0.2596855163564312,0.0,0.0,0.0,0.0,0.0,0.0,0.0,0.0,0.0,0.0,33.1563887172385,80.34873674783314,710.0943599269044
preprocessed_images/HP/300/HP_300_0078.tif,300,139.83131327712914,16.404077944150746,270.16962389069994,149.3013627960244,130.51888141834343,5196189518.005375,0.08784103393521178,0.10272598266562376,0.025962829589744708,0.04636001586896377,0.037708282470559275,0.06866836547825367,0.0543670654294801,0.12252807617140758,0.19853210449143016,0.25530624389551043,0.0,0.0,0.0,0.0,0.0,0.0,0.0,0.0,0.0,0.0,31.969905402897606,78.77667264518335,716.7537931535486
preprocessed_images/HP/300/HP_300_0050.tif,300,143.53788970001042,17.29737362864195,269.53603644484747,154.5833127387285,133.06576935094193,5479419062.250687,0.08491134643522297,0.10223770141562562,0.02563858032216782,0.04810714721661336,0.04025650024398706,0.06589889526342049,0.05416870117166836,0.12296676635695279,0.20119094848556063,0.25462341308496617,0.0,0.0,0.0,0.0,0.0,0.0,0.0,0.0,0.0,0.0,30.02203187527653,84.34087325524513,719.8624868681518
preprocessed_images/HP/300/HP_300_0044.tif,300,133.16081804922823,15.898982537359432,264.042336249467,142.392235056201,124.29998990090095,4714550030.306617,0.083686828612962,0.10380554199179151,0.02518844604482579,0.04661560058575968,0.04215240478499545,0.08019638061492845,0.04861450195293955,0.12104034423781951,0.19615173339768924,0.2525482177724741,0.0,0.0,0.0,0.0,0.0,0.0,0.0,0.0,0.0,0.0,25.712082031386327,54.180753098987715,721.3431915530915
preprocessed_images/HP/300/HP_300_0093.tif,300,141.34907983933488,16.520097750014834,270.89331873404325,151.70870532093286,131.58196620526408,5309065068.831496,0.0845947265621773,0.10491180419881854,0.024566650390531283,0.04484176635725082,0.03554534912095816,0.06433486938452021,0.05576324462869353,0.1249809265131951,0.20623397827069764,0.2542266845693427,0.0,0.0,0.0,0.0,0.0,0.0,0.0,0.0,0.0,0.0,30.09152275662206,83.80417340072691,666.7428289828096
preprocessed_images/HP/300/HP_300_0087.tif,300,143.73710369437285,16.369897045191895,271.5470977305912,154.37173469389052,134.03023425551092,5486235748.3269825,0.08593749999967218,0.10580444335897138,0.026763916015522905,0.046501159667791364,0.03677749633775033,0.06533050537084453,0.05442428588846426,0.12407684326124543,0.19791412353440127,0.2564697265615216,0.0,0.0,0.0,0.0,0.0,0.0,0.0,0.0,0.0,0.0,32.813697348707066,82.31108573781673,678.0029498460902
preprocessed_images/HP/300/HP_300_0091.tif,300,141.97788871179586,16.58283634361499,272.461270219553,152.14900255038813,132.32933379597722,5356312682.629224,0.08249664306609154,0.10411453247030596,0.02375030517569065,0.047916412353332834,0.04347991943342788,0.08130645751922108,0.04908752441387525,0.12152862548781765,0.19593048095628382,0.25038909912013857,0.0,0.0,0.0,0.0,0.0,0.0,0.0,0.0,0.0,0.0,36.612540856653524,79.45953050149443,699.7328061481754
preprocessed_images/HP/300/HP_300_0085.tif,300,141.9660303901333,17.40107548469773,268.4632804769833,152.0624891087669,131.8412095030869,5362719447.516816,0.08624649047818662,0.10154342651328452,0.024753570556546197,0.04604721069318372,0.03721618652329553,0.06694793701146336,0.054374694824011326,0.12344741821241971,0.20426177978437704,0.25516128539941724,0.0,0.0,0.0,0.0,0.0,0.0,0.0,0.0,0.0,0.0,28.181568588434512,79.91253418655936,692.0722505634798
preprocessed_images/HP/300/HP_300_0052.tif,300,138.5669467663055,16.328253466239318,273.8391556867189,148.1403071589009,129.25240812145236,5103264883.643226,0.08256912231413814,0.10109329223594248,0.02684402465810072,0.05307388305643816,0.05156707763652203,0.08118438720672155,0.05207443237284823,0.11956787109329388,0.18718719482350468,0.24483871459867537,0.0,0.0,0.0,0.0,0.0,0.0,0.0,0.0,0.0,0.0,36.247244581122814,76.0268643221274,653.6818798161687
preprocessed_images/HP/300/HP_300_0046.tif,300,137.66987213476898,16.100426956965297,265.06762226879084,147.58353519557235,128.36281788880578,5036367529.063274,0.08860397338833388,0.10294342040976355,0.025344848632715817,0.04500198364240646,0.03439712524400941,0.06722259521458732,0.05672073364236175,0.12232208251906462,0.20094299316329595,0.2565002441396465,0.0,0.0,0.0,0.0,0.0,0.0,0.0,0.0,0.0,0.0,25.971697168037394,68.9565703152671,712.7776651944139
preprocessed_images/HP/300/HP_300_0047.tif,300,139.15278285075263,17.469250932571416,268.40305398180027,149.86683116885374,128.68790747805622,5156024274.9777775,0.08404159545866378,0.10234451293906272,0.02656173706044555,0.04796218872052016,0.043998718261550905,0.07231140136691165,0.053295135497843565,0.12137985229445884,0.1979331970207293,0.2501716613759988,0.0,0.0,0.0,0.0,0.0,0.0,0.0,0.0,0.0,0.0,27.269168545421575,80.98531400529792,718.6459489901825
preprocessed_images/HP/300/HP_300_0053.tif,300,144.79950670158635,16.63340451136141,277.6008003312156,154.42209182273837,135.2222318850437,5568873702.794544,0.08181381225554728,0.10394287109335348,0.025066375732326254,0.050796508788868724,0.049453735351373845,0.08353424072233759,0.04949951171856117,0.12120819091750637,0.18796920776295484,0.2467155456533557,0.0,0.0,0.0,0.0,0.0,0.0,0.0,0.0,0.0,0.0,44.063911649913486,88.45507798121496,737.360156233031
preprocessed_images/HP/300/HP_300_0084.tif,300,136.85899382789816,16.30636662687489,261.7989936767172,146.79841067662053,127.46883228569578,4979761292.025455,0.08663177490201328,0.10400009155233764,0.02648162841786773,0.04449462890608027,0.036987304687358905,0.0657920837399834,0.05336380004862456,0.12184524536086332,0.20366668701094182,0.25673675537011437,0.0,0.0,0.0,0.0,0.0,0.0,0.0,0.0,0.0,0.0,20.94807142125298,61.221676727888855,703.1600102394902
preprocessed_images/HP/300/HP_300_0090.tif,300,144.99251741763766,16.463536634534282,279.2653482442425,155.20048156831777,135.38258371934066,5582062392.605571,0.08858489990200583,0.10480117797811583,0.027622222900285254,0.04839324951153414,0.04317855834944466,0.07810211181610831,0.054050445556434436,0.11814498901322118,0.1863136291496799,0.2508087158193557,0.0,0.0,0.0,0.0,0.0,0.0,0.0,0.0,0.0,0.0,49.798758166328874,103.83299240599581,724.6102400601305
preprocessed_images/HP/300/HP_300_0094.tif,300,143.24792952292717,16.186218174571497,270.3744631508761,153.27432369905316,133.96289572098942,5447866901.174768,0.08737564086880731,0.10602188110311118,0.026718139648335578,0.04630279540997962,0.03622817993150242,0.06299591064429094,0.05435562133768327,0.12298202514601524,0.20122528076095114,0.2557945251455086,0.0,0.0,0.0,0.0,0.0,0.0,0.0,0.0,0.0,0.0,31.316657796278765,82.54388078925093,705.7846697116621
preprocessed_images/HP/300/HP_300_0080.tif,300,141.57520109869907,16.634603052041307,272.40905273855617,151.4212858299695,131.95341364027237,5326830982.879265,0.08508682250944104,0.10535430908162935,0.02486801147451451,0.04677963256818092,0.04188919067366833,0.07301712036104958,0.051151275634570496,0.1222763061518773,0.1963195800773761,0.25325775146387763,0.0,0.0,0.0,0.0,0.0,0.0,0.0,0.0,0.0,0.0,35.066955103104576,82.9802165827676,698.6214998123089
preprocessed_images/HP/300/HP_300_0057.tif,300,133.7297264727808,15.783780433925228,257.1154920448746,143.4359397418907,124.84852421531494,4753396194.94032,0.0904388427730925,0.10550689697225377,0.026691436767476304,0.04054260253890784,0.032718658447140815,0.05975723266578767,0.055477142333772746,0.12265014648390712,0.20326232910078712,0.2629547119130594,0.0,0.0,0.0,0.0,0.0,0.0,0.0,0.0,0.0,0.0,18.155556831305404,52.32900861608139,665.0067668828641
preprocessed_images/HP/300/HP_300_0043.tif,300,137.68599592013686,16.216462054954764,271.6784036492816,147.10356277482384,128.5012280701954,5038514402.51856,0.08230972290007664,0.1043510437007738,0.02597045898427593,0.049858093261528555,0.04855728149395539,0.09264373779261534,0.043811798095535995,0.11960601806594999,0.184020996093048,0.24887084960842562,0.0,0.0,0.0,0.0,0.0,0.0,0.0,0.0,0.0,0.0,37.06964988104853,65.40925830289291,713.5222491275237
preprocessed_images/HP/300/HP_300_0042.tif,300,143.4956375257357,15.87930186456105,275.654416036159,153.30619741386556,134.44747874963736,5463906770.386467,0.08963012695278308,0.10601425170857996,0.027114868163959065,0.046527862548650635,0.038333892822119395,0.0710525512692602,0.05585861206033379,0.12208557128859678,0.19103622436450562,0.25234603881739676,0.0,0.0,0.0,0.0,0.0,0.0,0.0,0.0,0.0,0.0,39.829345792839035,86.07703789896902,694.002881838397
preprocessed_images/HP/300/HP_300_0056.tif,300,138.1296597250753,17.05659923137743,280.1217257695577,147.21775752781718,128.63239436186865,5077920769.141616,0.08706665039029286,0.10512924194295833,0.028335571288954406,0.04971313476543536,0.0443611145017839,0.07365798950167214,0.05274581909159566,0.12047958373977478,0.18947601318287094,0.24903488159084688,0.0,0.0,0.0,0.0,0.0,0.0,0.0,0.0,0.0,0.0,44.544128358041554,103.87888456390577,708.0451962975245
preprocessed_images/HP/300/HP_300_0081.tif,300,140.5070472766737,16.88390596411154,280.0316846683091,150.18768456438633,130.84666659284863,5250035643.846327,0.08156967163054821,0.10321426391562188,0.024307250976469776,0.05168151855449035,0.050022125243949805,0.08226776123015492,0.051036834716602184,0.120849609374539,0.18879318237232667,0.24625778198148246,0.0,0.0,0.0,0.0,0.0,0.0,0.0,0.0,0.0,0.0,52.18288107202826,109.42290190212123,718.1782508542012
preprocessed_images/HP/300/HP_300_0095.tif,300,143.79156991577523,17.26079337311232,268.25257221243396,154.371120908933,133.4517779782589,5498195297.360294,0.08458328247038047,0.1039505004878847,0.02573013305654247,0.04649353027326014,0.03627777099595536,0.06391525268530306,0.05541229248025737,0.12474822997999287,0.20540237426679456,0.25348663329981425,0.0,0.0,0.0,0.0,0.0,0.0,0.0,0.0,0.0,0.0,27.765861592637382,82.63130839962201,724.1892017974309
preprocessed_images/HP/300/HP_300_0083.tif,300,143.1927379862419,15.571495027268996,275.93052991104855,153.018437138705,134.3738761554045,5438605012.338155,0.0871849060055268,0.10665893554646813,0.02784347534169066,0.04768753051739621,0.037948608398292734,0.06842803955052022,0.05524826049783612,0.12459564208936845,0.1925277709953593,0.25187683105372666,0.0,0.0,0.0,0.0,0.0,0.0,0.0,0.0,0.0,0.0,40.11169019720297,88.4567098102306,719.0841397221885
preprocessed_images/HP/300/HP_300_0097.tif,300,143.49978325107864,17.816296715787036,269.46572821552826,154.95197530996342,132.44045211833708,5481328337.688069,0.08380126953093033,0.10397338867147837,0.024818420410061576,0.04614257812482398,0.038116455077979595,0.06298446655249411,0.05578231811502158,0.12466812133741505,0.2065887451163994,0.25312423705958126,0.0,0.0,0.0,0.0,0.0,0.0,0.0,0.0,0.0,0.0,30.322243455268204,96.69854013324084,698.5957343127712
preprocessed_images/HP/300/HP_300_0068.tif,300,139.36550220158102,15.488635542178251,266.28983380777333,148.92228654287007,130.68912939818716,5154443371.441633,0.08673858642545036,0.10625457763631342,0.02561950683583977,0.04541397094709238,0.034008026122917145,0.06209564208960687,0.055286407470492224,0.12381362914991831,0.2037277221671916,0.2570419311513632,0.0,0.0,0.0,0.0,0.0,0.0,0.0,0.0,0.0,0.0,24.73941628254638,66.03899145883256,542.0
preprocessed_images/HP/300/HP_300_0040.tif,300,143.55265220114916,16.056707968931267,277.6061059255084,153.42683509673864,134.29778920984322,5469682224.27608,0.08617401123014001,0.10684204101521742,0.026786804199116564,0.04807662963848847,0.043487548827959105,0.07341766357393868,0.05110168457011756,0.12142181396438056,0.19160842895434718,0.2510833740224797,0.0,0.0,0.0,0.0,0.0,0.0,0.0,0.0,0.0,0.0,43.00263488455022,93.08694279110031,709.0063469391512
preprocessed_images/HP/300/HP_300_0054.tif,300,139.04771522434098,16.093641242960157,273.1984101881869,148.57630431744968,129.8451951066819,5136258799.387681,0.08530426025358084,0.10235595703085953,0.025100708007716747,0.0482330322263785,0.041397094726404585,0.07179641723605425,0.053356170654093336,0.12327957153273285,0.19762039184494926,0.2515563964834154,0.0,0.0,0.0,0.0,0.0,0.0,0.0,0.0,0.0,0.0,35.21772011051584,86.86107462181002,654.2858702432752
preprocessed_images/HP/300/HP_300_0055.tif,300,137.88935369388042,15.391872149885979,265.8164525641027,147.42921864459294,129.3112413368864,5046372555.920373,0.08961486816372065,0.10488891601522488,0.02646636962880529,0.04384613037092649,0.03508377075181929,0.06266021728491722,0.05470275878885383,0.12305831909132744,0.20040512084884488,0.25927352905174533,0.0,0.0,0.0,0.0,0.0,0.0,0.0,0.0,0.0,0.0,25.250048414182448,63.23746571580114,655.4769256045555
preprocessed_images/HP/300/HP_300_0041.tif,300,141.36831495024808,15.72693521933268,271.1835712544314,150.99209630945398,132.4404498923681,5303785740.898303,0.08570480346646993,0.10371398925741686,0.025211334228419452,0.046958923339664616,0.03818130493149497,0.06958389282200018,0.05416107177713714,0.1232986450190609,0.20017242431564264,0.2530136108388786,0.0,0.0,0.0,0.0,0.0,0.0,0.0,0.0,0.0,0.0,31.643240066221978,76.96399935551378,725.6679681507238
preprocessed_images/HP/300/HP_300_0069.tif,300,154.19509007585148,15.524950398519064,287.59879770132767,164.00134449682295,145.42349040773252,6295951740.338552,0.08991622924770387,0.11305618286089684,0.03047943115222748,0.054035186767372,0.04711151123028903,0.0812416076657057,0.048561096191221,0.1187324523921252,0.16943740844661928,0.24742889404202487,0.0,0.0,0.0,0.0,0.0,0.0,0.0,0.0,0.0,0.0,74.43043471922044,112.17199503698198,695.0870449087654
preprocessed_images/HP/300/HP_300_0096.tif,300,136.211702599179,15.506613595487522,266.5348637119055,145.71224698899874,127.55076574015288,4926756091.374322,0.08887863159145783,0.10528182983358275,0.02697753906239709,0.04422760009748753,0.035079956054553676,0.06300735473608778,0.05591583251931795,0.12442779540968159,0.2004508972160322,0.2557525634755869,0.0,0.0,0.0,0.0,0.0,0.0,0.0,0.0,0.0,0.0,25.060755265756143,67.43509670367283,632.0126581010858
preprocessed_images/HP/300/HP_300_0082.tif,300,141.73169726816238,17.786811866345626,266.80194244132247,152.59735155203583,130.98784363964685,5348850319.198203,0.0877761840816964,0.1030731201167943,0.026428222656149185,0.04629135131818279,0.036071777343612395,0.06081771850562737,0.054805755615025306,0.1241798400874169,0.20221328735274424,0.2583427429189364,0.0,0.0,0.0,0.0,0.0,0.0,0.0,0.0,0.0,0.0,26.31615605478568,83.9900741621203,749.9879999039985
preprocessed_images/HP/300/HP_300_0026.tif,300,146.1220771267562,16.420251539361683,286.57082697123406,155.48987220969448,136.8115289367633,5667890419.323003,0.08106613159148764,0.10102081298789588,0.028194427490126822,0.05757522582985849,0.05477142333963481,0.09225463867152307,0.05030822753887059,0.11763000488236378,0.17658996581963884,0.24058914184478533,0.0,0.0,0.0,0.0,0.0,0.0,0.0,0.0,0.0,0.0,63.19368669415498,110.53578787832181,671.0365116742903
preprocessed_images/HP/300/HP_300_0032.tif,300,142.6603559824818,16.31892439387745,272.4669183313213,152.9847471058063,133.16189592474268,5404959562.117029,0.08680343627896574,0.10457992553671043,0.025325775146387765,0.04520416259748381,0.03694152832017158,0.06991958618137391,0.05503845214822754,0.1207046508784458,0.19943618774337982,0.25604629516503885,0.0,0.0,0.0,0.0,0.0,0.0,0.0,0.0,0.0,0.0,34.77691348374359,85.84045690783155,678.0117993073571
preprocessed_images/HP/300/HP_300_0033.tif,300,139.82434737982646,15.912556298950731,265.6471163603037,149.6318754940601,130.71784249847852,5191514867.14817,0.08601760864224998,0.10496139526327147,0.024806976318264742,0.04454040527326759,0.033332824706904095,0.06302642822241582,0.0550613403318212,0.12358093261671607,0.2076339721671767,0.2570381164540976,0.0,0.0,0.0,0.0,0.0,0.0,0.0,0.0,0.0,0.0,24.600096867566222,67.70193808215892,592.5622330186088
preprocessed_images/HP/300/HP_300_0027.tif,300,134.553099625754,16.188141814524048,270.61148092683874,143.9008508052163,125.41534035129945,4814692038.555786,0.0838661193844457,0.10324096679648116,0.024715423583890093,0.046688079833806274,0.042015075683433475,0.07904052734344848,0.05126953124980442,0.12215423583937776,0.19373703002855783,0.2532730102529401,0.0,0.0,0.0,0.0,0.0,0.0,0.0,0.0,0.0,0.0,32.26451844838038,75.7443053528509,688.0
preprocessed_images/HP/300/HP_300_0031.tif,300,142.04672617517738,16.215975214286736,268.7795957062838,152.2074059134164,132.65876557115467,5358283723.698648,0.08824539184536649,0.10550689697225377,0.026504516601461393,0.044075012206863114,0.03569030761705135,0.06126022338843819,0.055908203124786726,0.12386322021437124,0.2012138366691543,0.2577323913564387,0.0,0.0,0.0,0.0,0.0,0.0,0.0,0.0,0.0,0.0,29.22779446778481,81.01480376968718,656.9824959616504
preprocessed_images/HP/300/HP_300_0025.tif,300,131.70759680150186,16.720374238999316,268.3556289939764,140.6982871458675,122.44458149181445,4620671246.642493,0.08417892456022576,0.1002960205074299,0.025787353515526627,0.05102920532207096,0.04521942138654625,0.07727813720673646,0.053104400634563044,0.119174957274936,0.19448471069261747,0.2494468688955328,0.0,0.0,0.0,0.0,0.0,0.0,0.0,0.0,0.0,0.0,28.09627348415434,74.79378289755672,631.1972750258036
preprocessed_images/HP/300/HP_300_0019.tif,300,143.37352942381978,17.62960356050058,276.8197255695945,153.5405902987921,132.97403310856058,5470099042.767557,0.08592224121060973,0.10354614257773,0.025360107421778258,0.047843933105286236,0.04256057739241577,0.07620620727509991,0.05558776855447545,0.11970901489212146,0.191169738768802,0.25209426879786645,0.0,0.0,0.0,0.0,0.0,0.0,0.0,0.0,0.0,0.0,41.81696407568094,106.38741993350278,730.0109588218522
preprocessed_images/HP/300/HP_300_0018.tif,300,134.07165082012955,15.712023667288245,264.63368082627585,143.1484207436211,125.40201373145302,4776807692.070072,0.08893585205044198,0.10466766357381947,0.02572631835927686,0.04277420043928995,0.03606033325181556,0.06697845458958825,0.05328750610331235,0.12219619750929948,0.2000846862785336,0.2592887878408078,0.0,0.0,0.0,0.0,0.0,0.0,0.0,0.0,0.0,0.0,24.25780980797892,59.114754956185706,643.0256604522093
preprocessed_images/HP/300/HP_300_0024.tif,300,140.6338610168595,16.636094455393884,277.07012965818126,150.39578066290503,131.13308984573885,5257204204.368863,0.08724975585904217,0.1032218933101531,0.02819824218739243,0.04938888549785847,0.043754577636551835,0.07347488403292284,0.05262756347636174,0.12232971191359585,0.18783187866139284,0.251922607420914,0.0,0.0,0.0,0.0,0.0,0.0,0.0,0.0,0.0,0.0,42.30299144208718,99.91792449255203,710.7517147358844
preprocessed_images/HP/300/HP_300_0030.tif,300,149.9013823050319,17.484303185771378,277.414779989882,160.6222987135554,139.35759718049218,5970624584.05062,0.08563995361295455,0.10331344604452776,0.027290344238177146,0.050018310546684194,0.04071807861312592,0.06928634643528257,0.055744171142365476,0.1212921142573498,0.19680023193284302,0.24989700317287483,0.0,0.0,0.0,0.0,0.0,0.0,0.0,0.0,0.0,0.0,43.786653387799845,110.67274393228432,733.3212120210352
preprocessed_images/HP/300/HP_300_0008.tif,300,142.94171479117628,16.31022863305027,275.79357543523923,153.18387706095788,133.4044423862712,5425950198.465658,0.08600234985318755,0.10661697387654641,0.026599884033101654,0.04736709594708493,0.03968429565414549,0.07478713989229284,0.051490783691209824,0.12193298339797236,0.1931457519523882,0.252372741698256,0.0,0.0,0.0,0.0,0.0,0.0,0.0,0.0,0.0,0.0,39.58097405954005,90.87313721080427,743.0060565029063
preprocessed_images/HP/300/HP_300_0034.tif,300,133.975063869593,16.799470825367134,268.24901110539906,143.47707468836535,124.40763475770223,4779288810.979036,0.0840110778805389,0.10224151611289123,0.024929046630764277,0.04655838012677552,0.04104995727523403,0.07538986206025929,0.05170822143534962,0.1226768493647664,0.19850158691330527,0.25293350219630073,0.0,0.0,0.0,0.0,0.0,0.0,0.0,0.0,0.0,0.0,28.241079078428015,69.88232372904561,687.371806230078
preprocessed_images/HP/300/HP_300_0020.tif,300,143.4677088377955,16.286586370778668,269.4053150930663,153.976521527449,133.84190430435132,5465240076.230143,0.08766937255825931,0.10480499267538144,0.02654647827138311,0.04537582397443628,0.038681030273289944,0.06466674804662831,0.05497360229471217,0.12302780151320256,0.19993209838790918,0.25432205200098296,0.0,0.0,0.0,0.0,0.0,0.0,0.0,0.0,0.0,0.0,29.44347765261531,83.46593317586048,738.1192315608638
preprocessed_images/HP/300/HP_300_0021.tif,300,147.3192390350785,16.29269777296694,279.20554692962384,156.7986443375847,138.0474917100164,5758886921.003557,0.08216857910124906,0.10264968872031155,0.027301788329973976,0.053459167480264816,0.04449462890608027,0.07906341552704214,0.05525207519510173,0.11842346191361075,0.1910247802727088,0.2461624145498422,0.0,0.0,0.0,0.0,0.0,0.0,0.0,0.0,0.0,0.0,49.56268226738563,105.25582948916612,702.5439488032048
preprocessed_images/HP/300/HP_300_0035.tif,300,146.94682651451754,15.92518314532613,283.5036461398726,156.85413227537506,137.83568008655328,5727055060.900219,0.0886497497555212,0.10765838623005806,0.02826309204090781,0.04991912841777832,0.043788909911942335,0.08134078979461158,0.05168151855449035,0.11936187744095092,0.18105316162040308,0.24828338622952162,0.0,0.0,0.0,0.0,0.0,0.0,0.0,0.0,0.0,0.0,57.34767348071216,102.6529325682198,732.3878753775215
preprocessed_images/HP/300/HP_300_0009.tif,300,141.76255629221546,16.061722094022688,277.35209563044816,151.17236448733286,132.66548996040513,5335836598.764612,0.08750534057583807,0.10543441772420717,0.027359008788958132,0.050472259521291835,0.045078277587718665,0.08270263671843452,0.05170440673808401,0.117637634276895,0.1809501647942316,0.2511558532705263,0.0,0.0,0.0,0.0,0.0,0.0,0.0,0.0,0.0,0.0,44.26185723764135,87.84664811824352,635.1771406466073
preprocessed_images/HP/300/HP_300_0023.tif,300,136.3120077687782,16.194576271120923,253.35502182809833,146.81367151122225,126.75591984752687,4939639098.587638,0.08403015136686695,0.10088729858359952,0.023708343505768933,0.044216156005690704,0.03308486938463941,0.06034469604469168,0.05713653564431329,0.12488555908155484,0.21353149413981043,0.2581748962392495,0.0,0.0,0.0,0.0,0.0,0.0,0.0,0.0,0.0,0.0,14.865013375058485,48.7354505448601,651.0069124056979
preprocessed_images/HP/300/HP_300_0037.tif,300,146.63128163349512,16.616392512550384,279.3690101030095,156.78886344637604,137.02093580340656,5708667225.010994,0.08181381225554728,0.10125732421836373,0.02554321289052756,0.053192138671672086,0.051223754882617094,0.08696746826138699,0.050979614257618024,0.12100601196242902,0.1845321655266398,0.24348449706938366,0.0,0.0,0.0,0.0,0.0,0.0,0.0,0.0,0.0,0.0,49.74514897206638,97.60383837265339,716.0027932906407
preprocessed_images/HP/300/HP_300_0036.tif,300,139.30167086465588,16.843149780508092,268.2158833899119,149.0696375156333,129.54236212048863,5161260731.6527815,0.08387756347624253,0.10244369506796858,0.02613449096669718,0.047634124755677666,0.04643630981427598,0.08563232421842333,0.04794311523419211,0.12148284912063033,0.18923187255787188,0.24918365478420568,0.0,0.0,0.0,0.0,0.0,0.0,0.0,0.0,0.0,0.0,31.651639603067242,72.42432455944036,730.3492315324224
preprocessed_images/HP/300/HP_300_0022.tif,300,137.92183789484864,16.81177159553353,263.11553753336943,148.7403415574716,127.91171874523177,5060708016.448679,0.08813095092739819,0.10448837280233578,0.02494812011709233,0.04227447509749498,0.03467178344713336,0.06309890747046241,0.054695129394322604,0.12252807617140758,0.2042121887199241,0.2609519958486139,0.0,0.0,0.0,0.0,0.0,0.0,0.0,0.0,0.0,0.0,23.590153940590138,71.93362921639896,729.4285434502821
preprocessed_images/HP/150/HP_150_0095.tif,150,145.14498815523538,17.286370926483933,269.22955669140305,155.78537395458525,134.84565670446142,5600938873.688268,0.09147262573207293,0.10728836059529386,0.02887344360340548,0.04239273071272891,0.03516387939439711,0.05838394165016791,0.055389404296663704,0.11914825439407674,0.19792938232346372,0.26395797729391496,0.0,0.0,0.0,0.0,0.0,0.0,0.0,0.0,0.0,0.0,29.670347218231974,88.22366498746608,792.0429281295301
preprocessed_images/HP/150/HP_150_0081.tif,150,139.79861057589065,17.088293445052727,279.8833414671656,149.57428069344823,129.99463593852727,5199799593.681227,0.08511734008756593,0.10315704345663773,0.02638244628896186,0.04866027832012688,0.047409057617006645,0.07928466796844755,0.051635742187303026,0.11777877807572258,0.18597793579030616,0.2545967102041069,0.0,0.0,0.0,0.0,0.0,0.0,0.0,0.0,0.0,0.0,51.91016745368529,110.31571028288963,703.2567098862264
preprocessed_images/HP/150/HP_150_0056.tif,150,138.20351149148695,17.145840108645288,281.08824982392747,147.23871023138582,128.63072975154887,5084070653.882217,0.09011459350551561,0.10506820678670857,0.02938461303699728,0.047554016113099846,0.04288864135725827,0.07161331176730494,0.052787780761517376,0.11636734008744672,0.18763351440358111,0.25658798217675555,0.0,0.0,0.0,0.0,0.0,0.0,0.0,0.0,0.0,0.0,46.956359639190225,110.76128507814487,736.0027173862879
preprocessed_images/HP/150/HP_150_0042.tif,150,143.89012028924773,15.919726185283627,276.02689388449414,153.70187712646293,134.776777723912,5493962676.284577,0.09305191040003566,0.10858154296833579,0.029510498046762427,0.043922424316238697,0.03681182861314082,0.06541824340795357,0.05636596679665998,0.1184463500972044,0.18814849853443852,0.2597427368154154,0.0,0.0,0.0,0.0,0.0,0.0,0.0,0.0,0.0,0.0,40.87895534690409,88.645382790052,711.3100589756903
preprocessed_images/HP/150/HP_150_0043.tif,150,137.96631848189907,16.140609995872243,271.9010679015074,147.36113519050514,128.84467235947173,5058127285.842778,0.08733749389615121,0.1071243286128726,0.02868270874012496,0.04895782470684449,0.044300079345534135,0.0859832763668595,0.046337127685370114,0.11178588867144856,0.17993545532157923,0.2595558166494005,0.0,0.0,0.0,0.0,0.0,0.0,0.0,0.0,0.0,0.0,37.497815543589695,67.79552298282378,718.0250692002335
preprocessed_images/HP/150/HP_150_0057.tif,150,132.70098561399473,16.108759086332647,258.1568508676201,142.28193848622135,123.60816998635784,4684262592.27663,0.09323120117151935,0.106689453124593,0.028305053710829524,0.038333892822119395,0.0315093994139423,0.05511856079080536,0.05611419677712969,0.12014007568313545,0.20170974731368366,0.26884841918842756,0.0,0.0,0.0,0.0,0.0,0.0,0.0,0.0,0.0,0.0,18.684975244336176,53.720766393142526,705.5168318332313
preprocessed_images/HP/150/HP_150_0080.tif,150,141.1646630311009,16.73642242400806,272.3376554867201,151.04726759392622,131.55270028201528,5297293210.219736,0.09172058105433761,0.10790252685505713,0.029174804687388707,0.043540954589677654,0.03951263427719302,0.06723403930638415,0.052574157714643195,0.11792755126908139,0.18998336791919715,0.26042938232322527,0.0,0.0,0.0,0.0,0.0,0.0,0.0,0.0,0.0,0.0,35.31659600006583,83.56344822129573,710.2281323631162
preprocessed_images/HP/150/HP_150_0094.tif,150,144.21130985528154,16.309474589658368,271.47629444698384,154.34800326748746,134.7036312091513,5521513080.833114,0.09044647216762372,0.10841369628864893,0.02946090698230949,0.043865203857254544,0.03471755981432069,0.059043884277118514,0.0555686950681474,0.12137603759719323,0.19576263427659696,0.26134490966697177,0.0,0.0,0.0,0.0,0.0,0.0,0.0,0.0,0.0,0.0,33.653545181691634,89.54341283364573,765.0058823303256
preprocessed_images/HP/150/HP_150_0082.tif,150,141.87341690200847,17.870542716239456,266.9419852057093,152.80336681591092,131.0440508441621,5360169181.622839,0.09139251708949511,0.10702514648396673,0.028934478759655248,0.04261398315413432,0.034950256347522926,0.05653381347634684,0.05540466308572615,0.1200103759761047,0.19844436645432112,0.2646903991689121,0.0,0.0,0.0,0.0,0.0,0.0,0.0,0.0,0.0,0.0,26.704876838264358,84.57566153054323,761.6954772085758
preprocessed_images/HP/150/HP_150_0096.tif,150,137.4742899104485,15.508000795436892,267.4512325486887,146.99437411290535,128.7727480478047,5017351874.1643715,0.0918617248531652,0.10868072509724166,0.029407501220590944,0.04036712646468976,0.033252716064326275,0.05866622924782308,0.05689620971657983,0.12060928344680553,0.19692230224534255,0.26333618163962047,0.0,0.0,0.0,0.0,0.0,0.0,0.0,0.0,0.0,0.0,26.5203578917042,71.67110654903694,649.0624006981147
preprocessed_images/HP/150/HP_150_0069.tif,150,153.60037617053368,15.644690680500021,286.91926999085973,163.43973072707942,144.68783215057144,6248944607.223609,0.09026336669887441,0.11194992065386981,0.03189849853503456,0.052841186523235925,0.045940399169746626,0.0805473327633646,0.052947998046673016,0.11593627929643273,0.16854095458920082,0.24913406371975275,0.0,0.0,0.0,0.0,0.0,0.0,0.0,0.0,0.0,0.0,73.56079247240437,111.8155630947111,734.4685153224746
preprocessed_images/HP/150/HP_150_0041.tif,150,142.12859178442216,15.832356182345087,271.3675048431656,151.77109333765245,133.15062180904508,5361159400.300882,0.08829879760708503,0.10620498657186048,0.027858734130753102,0.04386138915998893,0.03710174560532722,0.06460189819311293,0.05416870117166836,0.11961364746048121,0.19652175903245345,0.26176834106345453,0.0,0.0,0.0,0.0,0.0,0.0,0.0,0.0,0.0,0.0,32.491042310674786,79.05075172338805,724.0690574800169
preprocessed_images/HP/150/HP_150_0055.tif,150,138.13785807269448,15.582029309136544,266.4168735139434,147.78329513377344,129.39725381858872,5065898058.135022,0.09357070922815867,0.1084403991695082,0.02936553955066923,0.04084396362289107,0.03340148925768508,0.057891845702904156,0.05596542358377088,0.12036132812454085,0.1941337585441813,0.2660255432118758,0.0,0.0,0.0,0.0,0.0,0.0,0.0,0.0,0.0,0.0,26.22292383453222,65.86268402639024,698.0716295624683
preprocessed_images/HP/150/HP_150_0054.tif,150,139.6262394010231,16.17267834579057,274.2501674074915,149.2644932072407,130.4232466401245,5179190084.67143,0.08770751953091542,0.10561752319295648,0.02811050415028339,0.045673370361153896,0.03810501098618276,0.06724548339818098,0.053676605224404615,0.11828231811478317,0.1938400268547293,0.26174163818259527,0.0,0.0,0.0,0.0,0.0,0.0,0.0,0.0,0.0,0.0,37.541655287440335,92.89918806589976,682.5789331645095
preprocessed_images/HP/150/HP_150_0040.tif,150,143.32142643917018,16.239485582264653,277.89088898522664,153.17417662772027,133.9086737018702,5453840952.468452,0.08673858642545036,0.10871124267536654,0.028396606445204173,0.045341491699045784,0.04180145263655929,0.07109069824191631,0.052864074706829585,0.11941528320266946,0.18874359130787374,0.25689697265527,0.0,0.0,0.0,0.0,0.0,0.0,0.0,0.0,0.0,0.0,43.785979826202706,95.28713128906499,730.0684899377592
preprocessed_images/HP/150/HP_150_0068.tif,150,139.00444450514394,15.717618927436392,266.5768814236502,148.5137258855747,130.2101196521146,5129969110.071832,0.09070205688441962,0.10932922363239544,0.028579711913953476,0.04080963134750057,0.03304672241198331,0.056602478027127825,0.05625915527322289,0.12064361572219602,0.19960021972580108,0.26442718505758506,0.0,0.0,0.0,0.0,0.0,0.0,0.0,0.0,0.0,0.0,25.363985772065504,66.56907764217517,550.276294237722
preprocessed_images/HP/150/HP_150_0097.tif,150,144.6570902984887,17.72918514923624,270.78907960303553,156.05740801224354,133.6769495734924,5567937977.956699,0.09042358398403005,0.10729598998982506,0.029159545898326263,0.04359817504866181,0.036746978759625445,0.05876541137672895,0.05529785156228905,0.11931610107376359,0.19734191894455969,0.26205444335837536,0.0,0.0,0.0,0.0,0.0,0.0,0.0,0.0,0.0,0.0,32.29298419193755,102.56004168859472,762.1548399111562
preprocessed_images/HP/150/HP_150_0083.tif,150,142.92595906822132,15.62592077090678,275.5423788203145,152.82046021371264,134.03503926202563,5419040551.864771,0.08876800537075512,0.10850906372028919,0.029777526855355157,0.04425811767561242,0.03722000122056114,0.06590652465795171,0.056392669677519255,0.12028884887649426,0.18991851806568177,0.25896072387596525,0.0,0.0,0.0,0.0,0.0,0.0,0.0,0.0,0.0,0.0,40.13263688409057,88.12721228351943,730.2218840872957
preprocessed_images/HP/150/HP_150_0087.tif,150,144.59565571449397,16.43481862215761,272.56744438158125,155.18165421521167,134.90786190552794,5551687444.633409,0.08980178832973555,0.10808944702107204,0.029174804687388707,0.04409408569319117,0.03536605834947446,0.0614471435544531,0.05550765991189763,0.11959457397415316,0.19527435302659882,0.2616500854482206,0.0,0.0,0.0,0.0,0.0,0.0,0.0,0.0,0.0,0.0,34.740900959620895,87.46582396591967,734.0108991016414
preprocessed_images/HP/150/HP_150_0093.tif,150,142.39552392952243,16.629110463657035,271.6374930785916,152.88786186349165,132.57222101840665,5387848921.900827,0.09189224243129009,0.10864257812458555,0.029926300048713963,0.04300308227522658,0.03515624999986589,0.05887222290016604,0.055927276611114775,0.11944198608352874,0.19503021240159976,0.2621078491200939,0.0,0.0,0.0,0.0,0.0,0.0,0.0,0.0,0.0,0.0,31.937584935775458,87.1357437535862,765.0790808798787
preprocessed_images/HP/150/HP_150_0044.tif,150,133.49108432073288,16.281014892146796,265.06137561359577,142.83071166612785,124.28263848296731,4740858783.738974,0.09138107299769828,0.10461044311483532,0.02928543090809141,0.044761657714673,0.03992462158187895,0.07553482055635248,0.04956817626934216,0.11472702026323423,0.1882133483879539,0.2619934082021256,0.0,0.0,0.0,0.0,0.0,0.0,0.0,0.0,0.0,0.0,26.797311442487576,57.12893797566408,749.6465833978035
preprocessed_images/HP/150/HP_150_0050.tif,150,144.71210984669676,17.15820792549144,270.296188752531,155.5509213223406,134.40814232788964,5566889678.732476,0.09004974365200023,0.10593414306600214,0.02887344360340548,0.04444503784162733,0.03858566284164968,0.061115264892344985,0.05441665649393304,0.12006378173782324,0.19660186767503127,0.2599143981923679,0.0,0.0,0.0,0.0,0.0,0.0,0.0,0.0,0.0,0.0,31.417279467615323,87.46138285714126,745.3120151990038
preprocessed_images/HP/150/HP_150_0078.tif,150,140.64656053963637,16.25004045244782,269.9911040660512,150.12941528207472,131.43107822575774,5254812481.968089,0.09322738647425374,0.10538482665975424,0.029533386230356087,0.04301452636702341,0.036586761474469806,0.06350708007788274,0.054611206054479174,0.11930847167923236,0.1923027038566883,0.2625236511220454,0.0,0.0,0.0,0.0,0.0,0.0,0.0,0.0,0.0,0.0,32.51950133824081,80.48229406608264,727.0006877575839
preprocessed_images/HP/150/HP_150_0079.tif,150,137.94327379138127,16.298359197543896,270.94867415409306,147.96425392008734,128.51559852111404,5057801957.360572,0.09281921386683342,0.10689163207967037,0.027908325195206037,0.040161132812346796,0.035297393798693476,0.06512451171850157,0.05426025390604301,0.11679840087846069,0.19485092163011608,0.2658882141103138,0.0,0.0,0.0,0.0,0.0,0.0,0.0,0.0,0.0,0.0,33.39419218245616,80.81603109892706,723.1168646906252
preprocessed_images/HP/150/HP_150_0051.tif,150,138.859905509729,17.012698998042822,260.9816551041983,149.32692960566106,128.7832465635984,5130552681.527736,0.09349441528284647,0.10707855224568527,0.029911041259651522,0.0407829284666413,0.03407669067369813,0.05329895019510918,0.0576858520505612,0.11909484863235818,0.19967269897384768,0.26490402221578635,0.0,0.0,0.0,0.0,0.0,0.0,0.0,0.0,0.0,0.0,21.956288529939208,68.09819160967943,761.1793481171176
preprocessed_images/HP/150/HP_150_0045.tif,150,138.68399670275477,16.348635105270315,262.9600376791867,148.7241745575525,129.16327896827485,5111946624.697624,0.09185791015589959,0.10683059692342059,0.02775192260731601,0.04084396362289107,0.031139373779178088,0.05594253540017722,0.0577964782712639,0.12072372436477384,0.20219421386641617,0.2649192810048488,0.0,0.0,0.0,0.0,0.0,0.0,0.0,0.0,0.0,0.0,22.641759191577318,70.86656799679048,726.8617475146151
preprocessed_images/HP/150/HP_150_0092.tif,150,144.1921609677953,16.741439893842607,275.7307368904978,154.75568999886323,134.25978598135404,5523807953.035396,0.09238433837855382,0.10670089721638984,0.03046798706043065,0.04294204711897681,0.03671264648423495,0.061679840087655334,0.05551910400369446,0.12009429931594812,0.19290542602465474,0.26059341430564653,0.0,0.0,0.0,0.0,0.0,0.0,0.0,0.0,0.0,0.0,37.80646681005086,100.21369212433554,764.3101464719672
preprocessed_images/HP/150/HP_150_0086.tif,150,145.33581922119512,17.12146938976017,274.8187357006904,156.2892742385812,135.04669072362634,5613982859.332261,0.0944213867183898,0.10761642456013634,0.031124114990115644,0.04444503784162733,0.03835296630844744,0.060123443603286274,0.05518722534158635,0.11869049072220347,0.19108200073169296,0.2589569091786996,0.0,0.0,0.0,0.0,0.0,0.0,0.0,0.0,0.0,0.0,37.99465228933083,102.95154629293911,765.3208477494912
preprocessed_images/HP/150/HP_150_0090.tif,150,145.217268484454,16.635785518735144,279.81730806964356,155.46153269530373,135.48702841109002,5600655291.426103,0.08907318115200397,0.10661697387654641,0.028545379638562983,0.04583740234357514,0.041500091552576064,0.07491302490205798,0.05352783203104581,0.11585235595658931,0.18548583984304243,0.2586479187001852,0.0,0.0,0.0,0.0,0.0,0.0,0.0,0.0,0.0,0.0,50.80398607996478,105.1399432090092,733.7915235269484
preprocessed_images/HP/150/HP_150_0084.tif,150,136.39342284022658,16.470879062216966,261.6579758903448,146.39847717238587,126.87761137540724,4947825302.216379,0.09126663207972997,0.10658645629842153,0.02963638305652757,0.04301834106428902,0.035320281982287136,0.061191558837657194,0.0545501708982294,0.11882019042923424,0.1961364746086268,0.2634735107411824,0.0,0.0,0.0,0.0,0.0,0.0,0.0,0.0,0.0,0.0,21.181628595078482,61.106079124908895,745.4837355704013
preprocessed_images/HP/150/HP_150_0053.tif,150,145.62783360167577,16.653260504840684,278.3440972254214,155.25068355278668,135.98767375234095,5632110626.068089,0.08829498290981942,0.10494232177694342,0.028823852538952546,0.048728942870907864,0.04558181762677924,0.07801055908173365,0.05058288574199454,0.11616516113236937,0.1836166381828933,0.2552528381337919,0.0,0.0,0.0,0.0,0.0,0.0,0.0,0.0,0.0,0.0,46.35874820114771,93.37601223560239,783.1653720639083
preprocessed_images/HP/150/HP_150_0047.tif,150,139.7883277855918,17.597718519895565,269.10894044168947,150.6089148001065,129.25448000226126,5203678011.64039,0.0878829956051335,0.10459518432577287,0.028079986572158506,0.04473876953107933,0.040485382079923686,0.06693267822240093,0.05450057983377647,0.11698532104447561,0.19620132446214217,0.2595977783193222,0.0,0.0,0.0,0.0,0.0,0.0,0.0,0.0,0.0,0.0,28.338984677451663,83.6482199715521,743.6827280500738
preprocessed_images/HP/150/HP_150_0046.tif,150,137.99377214686106,16.37590764330327,265.9718616632374,147.92231107977625,128.5401584748397,5062118998.661349,0.09358596801722112,0.10608673095662656,0.02912521362293577,0.04086303710921912,0.034679412841664585,0.06329727172827417,0.05710220336892279,0.1184425353999388,0.19392395019457273,0.26289367675680964,0.0,0.0,0.0,0.0,0.0,0.0,0.0,0.0,0.0,0.0,26.930782465554003,69.5609273799841,733.7097518774028
preprocessed_images/HP/150/HP_150_0052.tif,150,138.8269588637721,16.237741336509803,273.71152234233784,148.45682665356424,129.58176531466253,5121399521.56177,0.09027481079067125,0.10260772705038983,0.030380249023321607,0.051368713378710296,0.04850006103497124,0.07708740234345593,0.052303314208784854,0.11494445800737402,0.18169021606376,0.2508430480947462,0.0,0.0,0.0,0.0,0.0,0.0,0.0,0.0,0.0,0.0,36.73304213715966,76.6030871788157,698.0902520448197
preprocessed_images/HP/150/HP_150_0085.tif,150,143.60820423467348,17.426696551355946,269.9232885755401,153.69944074455512,133.30607304027882,5485889080.839563,0.09110641479457433,0.10556411743123793,0.02853775024403176,0.04385375976545771,0.03489685058580438,0.06056976318336269,0.05513381957986781,0.11907196044876452,0.19812011718674422,0.26314544677633994,0.0,0.0,0.0,0.0,0.0,0.0,0.0,0.0,0.0,0.0,30.48551908185092,86.4895773603486,759.7262664933996
preprocessed_images/HP/150/HP_150_0091.tif,150,142.29047166391487,16.757248222247338,272.88713616840045,152.54855977825082,132.55753101265694,5381130471.164182,0.08903884887661347,0.10573577880819039,0.028831481933483765,0.04761886596661522,0.040832519531094236,0.07508087158174484,0.049804687499810006,0.11279296874956972,0.18743515014576936,0.26282882690329423,0.0,0.0,0.0,0.0,0.0,0.0,0.0,0.0,0.0,0.0,38.09262527671093,83.83694487831742,749.8439837726245
preprocessed_images/HP/150/HP_150_0009.tif,150,141.66590450086807,16.135570332959187,276.64054801642953,151.1621630795491,132.58214215266952,5329278763.799398,0.08945465087856501,0.10887527465778779,0.029773712158089546,0.04896545410137571,0.04278182983382117,0.07779312133759386,0.05323791503885941,0.11422729492143925,0.1781387329094767,0.2567520141591768,0.0,0.0,0.0,0.0,0.0,0.0,0.0,0.0,0.0,0.0,43.62920992536865,87.64097385774761,636.4542403032601
preprocessed_images/HP/150/HP_150_0035.tif,150,146.7271951786656,16.111455440402832,283.3431275405478,156.70013037905318,137.4122628391149,5711711122.595854,0.09201431274378961,0.10849380493122675,0.03105926513660027,0.047840118408020625,0.04393768310530114,0.07757949829071968,0.05321502685526575,0.11736679077103665,0.17559432983331452,0.25289916992091027,0.0,0.0,0.0,0.0,0.0,0.0,0.0,0.0,0.0,0.0,57.45966641593431,102.48623156035067,746.4502662602513
preprocessed_images/HP/150/HP_150_0021.tif,150,147.45153781901936,16.423601889575348,279.5090203211998,157.03095862875867,138.04446208097838,5770232647.967298,0.0896377563473143,0.10685348510701426,0.03243637084948564,0.050472259521291835,0.043792724609207946,0.07223510742159944,0.05525588989236734,0.11543273925737216,0.18255615234305358,0.25132751464747877,0.0,0.0,0.0,0.0,0.0,0.0,0.0,0.0,0.0,0.0,50.96074895819753,107.53915837352444,745.3804397755551
preprocessed_images/HP/150/HP_150_0020.tif,150,142.73462035971158,16.535463918186505,269.99513607251606,153.34026079557367,132.90243003303934,5412380584.501743,0.09421920776331245,0.10678482055623327,0.030170440673713033,0.04315185546858539,0.03536224365220885,0.057701110839623634,0.05538177490213248,0.11988067626907394,0.1942024230949623,0.26314544677633994,0.0,0.0,0.0,0.0,0.0,0.0,0.0,0.0,0.0,0.0,30.578567500753305,85.93973847159833,758.3824892493233
preprocessed_images/HP/150/HP_150_0034.tif,150,134.69034670642606,16.609545092818045,269.1713115513796,143.90413778280472,125.38531445758042,4828002119.604664,0.0885429382320841,0.10514068603475517,0.02775955200184723,0.04409408569319117,0.03761291503891902,0.07051086425754352,0.052841186523235925,0.11663818359330505,0.19480514526292875,0.26205444335837536,0.0,0.0,0.0,0.0,0.0,0.0,0.0,0.0,0.0,0.0,29.401725101984525,72.84307179026224,699.5141170841372
preprocessed_images/HP/150/HP_150_0008.tif,150,143.15813843439312,16.364723751406807,276.2055980380658,153.39926953195666,133.6345292584921,5442648613.443529,0.09029006957973369,0.10911178588825564,0.029411315917856555,0.04497146606428157,0.03879547119125826,0.06914138793918936,0.05269241332987712,0.11708068847611587,0.1876678466789716,0.2608375549306456,0.0,0.0,0.0,0.0,0.0,0.0,0.0,0.0,0.0,0.0,40.66795372984991,92.78942358682758,765.2045478171179
preprocessed_images/HP/150/HP_150_0022.tif,150,138.76771314815056,16.895816070831213,263.0431420701083,149.59433032759756,128.6914250731407,5122804105.364573,0.09443664550745225,0.10815429687458743,0.029239654540904082,0.03869247436508677,0.031620025634645006,0.056175231933379456,0.055633544921662774,0.11911773681595185,0.19842910766525867,0.268501281737257,0.0,0.0,0.0,0.0,0.0,0.0,0.0,0.0,0.0,0.0,24.012987522894942,73.25341072669548,747.2951224248691
preprocessed_images/HP/150/HP_150_0036.tif,150,139.1721140968734,17.02834204169648,268.79063838769235,149.0392156467805,129.21722958288512,5153447418.234709,0.09048080444301422,0.10493469238241221,0.029186248779185537,0.04681396484357142,0.04229736328108865,0.07956314086883712,0.04831314086895632,0.11361312866167597,0.18605804443288398,0.25873947143455983,0.0,0.0,0.0,0.0,0.0,0.0,0.0,0.0,0.0,0.0,32.26104065496576,74.79208774925226,748.8043803290683
preprocessed_images/HP/150/HP_150_0037.tif,150,147.24435348099212,16.623864022443822,279.7865712363398,157.35518279219752,137.55671978127378,5755961995.971016,0.0835723876949937,0.10338973998983997,0.027294158935442757,0.04973602294902902,0.048141479492003855,0.08320617675749509,0.05027389526348009,0.11903762817337403,0.18441390991140588,0.2509346008291209,0.0,0.0,0.0,0.0,0.0,0.0,0.0,0.0,0.0,0.0,50.33742956461826,101.45751877891009,743.0329736963225
preprocessed_images/HP/150/HP_150_0023.tif,150,136.27181181073755,16.200902438713968,253.9680657331984,146.73625508785727,126.7629920401701,4936820571.245064,0.09276580810511488,0.10654449462849981,0.028625488281140803,0.03969192504867671,0.031452178954958145,0.05273056030253322,0.056678771972440034,0.12083435058547655,0.20400238037031554,0.2666740417470296,0.0,0.0,0.0,0.0,0.0,0.0,0.0,0.0,0.0,0.0,15.40850594847527,48.829457898455054,697.0222378088091
preprocessed_images/HP/150/HP_150_0027.tif,150,134.93664569582052,16.339675503035355,270.87324927630044,144.30110003654306,125.68446863934408,4843079820.164179,0.09217834472621086,0.10468673706014753,0.029239654540904082,0.044460296630689775,0.04003143310531604,0.0722961425778492,0.05131912231425736,0.11805343627884653,0.18659591674733506,0.26113891601462885,0.0,0.0,0.0,0.0,0.0,0.0,0.0,0.0,0.0,0.0,32.89137270656527,77.51112970684235,740.3890868995842
preprocessed_images/HP/150/HP_150_0033.tif,150,140.05256582180968,15.93416552138908,266.43637942586236,149.74043271647747,131.0299683513732,5208439213.034136,0.0936126708980804,0.10844421386677382,0.02962493896473074,0.041179656982264785,0.033061981201045754,0.056411743163847304,0.05640411376931608,0.11902236938431159,0.19722747802659138,0.2650108337392234,0.0,0.0,0.0,0.0,0.0,0.0,0.0,0.0,0.0,0.0,26.047874957474324,70.0556108081829,674.0089020183635
preprocessed_images/HP/150/HP_150_0032.tif,150,142.92889581418433,16.400695192941104,273.21760859773474,153.21012572419616,133.3739773991535,5425765302.002964,0.09035110473598346,0.10819244384724352,0.028118133544814614,0.04172897338851269,0.035804748535019665,0.064846038818112,0.05594253540017722,0.11758041381791083,0.1943168640129306,0.2631187438954806,0.0,0.0,0.0,0.0,0.0,0.0,0.0,0.0,0.0,0.0,36.14620305259546,88.70293488162574,740.2296940815061
preprocessed_images/HP/150/HP_150_0026.tif,150,145.706813159782,16.594661228693756,286.9406858063262,155.0463062805481,136.28640426674627,5637631687.386657,0.08841705322231896,0.10285568237265451,0.03151321411120791,0.054290771484167895,0.051872253417770874,0.08699417114224627,0.050712585449025294,0.11243057250933673,0.17314529418879263,0.24776840209866421,0.0,0.0,0.0,0.0,0.0,0.0,0.0,0.0,0.0,0.0,64.54525199468272,114.12540691723702,694.002881838397
preprocessed_images/HP/150/HP_150_0030.tif,150,149.84560264208582,17.660342400772958,278.2921258157104,160.59355482122,139.1439984786651,5967863434.413977,0.09125137329066753,0.10638809204060978,0.02989196777332347,0.04581451415998148,0.03936767578109982,0.06293487548804116,0.055450439452913475,0.11839675903275147,0.19207000732348606,0.258434295653311,0.0,0.0,0.0,0.0,0.0,0.0,0.0,0.0,0.0,0.0,45.4754422817225,114.4228236677481,769.0058517332621
preprocessed_images/HP/150/HP_150_0024.tif,150,140.61774660072822,16.900296760034774,277.39813765937424,150.38595481866372,130.87890800335748,5258338812.465996,0.08969116210903286,0.10480880737264706,0.02981185913074565,0.04589843749982491,0.04417419433576899,0.07099533081027605,0.05360412597635802,0.11769104003861354,0.1860237121574935,0.2573013305654247,0.0,0.0,0.0,0.0,0.0,0.0,0.0,0.0,0.0,0.0,42.786790710316886,100.34033173550714,737.0006784257394
preprocessed_images/HP/150/HP_150_0018.tif,150,134.0538078175938,15.750121806922705,264.71919767973736,143.08925762307985,125.39756162748971,4775867771.081005,0.09195327758753985,0.10757064819294902,0.029174804687388707,0.04237747192366647,0.034461975097524786,0.06230926513648106,0.05266952514628345,0.1177520751948633,0.19514465331956807,0.26658630370992054,0.0,0.0,0.0,0.0,0.0,0.0,0.0,0.0,0.0,0.0,24.881592635392032,60.70110710400184,704.7382492812491
preprocessed_images/HP/150/HP_150_0019.tif,150,143.49800334539736,17.666540735820323,277.49258210085657,153.69184072815807,133.0431536543573,5479801454.771854,0.08961868286098626,0.10532379150350447,0.027893066406143596,0.04482650756818837,0.0397987365721138,0.07051849365207474,0.05705261230446986,0.11608123779252594,0.18886566162037327,0.26002120971580495,0.0,0.0,0.0,0.0,0.0,0.0,0.0,0.0,0.0,0.0,42.79563829178762,110.25753347940739,763.3007271056408
preprocessed_images/HP/150/HP_150_0025.tif,150,132.1618974782819,16.725011972895096,268.6001671684841,141.20823745882802,122.93062039367817,4652136705.701547,0.08848190307583434,0.10344314575155852,0.028575897216687865,0.04828262329083144,0.04170227050765342,0.07109451293918193,0.053943634032997345,0.11608123779252594,0.19090270996020925,0.25749206542870523,0.0,0.0,0.0,0.0,0.0,0.0,0.0,0.0,0.0,0.0,28.684702728335562,75.84484682291934,654.0030580968257
preprocessed_images/HP/150/HP_150_0031.tif,150,142.27510755391702,16.26521168617827,269.8877227746186,152.41604855780903,132.8615864999798,5375724969.177867,0.09279632568323976,0.10863876342731994,0.030277252197150127,0.04212570190413618,0.03415298461901034,0.057861328124779274,0.05605697631814553,0.11894607543899938,0.19554138183519157,0.26360321044821317,0.0,0.0,0.0,0.0,0.0,0.0,0.0,0.0,0.0,0.0,30.753300916160956,83.91947333845759,665.8588439001168
preprocessed_images/HP/150/HP_150_0028.tif,150,149.40662385848844,16.152468669725216,286.29972427684,159.20695529970146,140.10900111912466,5920061258.968154,0.08922576904262838,0.1048583984371,0.03195571899401872,0.054611206054479174,0.05007553100566835,0.08577346801725093,0.0538177490232322,0.11189270019488566,0.16949462890560343,0.24829483032131844,0.0,0.0,0.0,0.0,0.0,0.0,0.0,0.0,0.0,0.0,70.57793061736447,119.82022336933089,709.7393887899981
preprocessed_images/HP/150/HP_150_0014.tif,150,143.23795047992542,17.650363117675564,281.8942757278983,153.62283186612362,132.72864958222596,5460104518.271074,0.08980560302700116,0.10478210449178778,0.033599853515496825,0.05210876464823872,0.049484252929498734,0.08451843261686509,0.05298614501932912,0.11431121826128268,0.17026138305599112,0.24814224243069402,0.0,0.0,0.0,0.0,0.0,0.0,0.0,0.0,0.0,0.0,57.003193942818875,114.12444507025114,711.7092102818398
preprocessed_images/HP/150/HP_150_0001.tif,150,140.69279460750104,18.231164406097943,282.47201913185137,151.61670312329656,129.72317064092178,5276129770.883159,0.08469009399381755,0.10268020629843642,0.028747558593640334,0.04988861083965344,0.04745864868145958,0.08071136474578586,0.05039978027324524,0.11425781249956414,0.18670654296803776,0.25445938110254496,0.0,0.0,0.0,0.0,0.0,0.0,0.0,0.0,0.0,0.0,56.50475006917255,129.44872836440817,724.3341770205242
preprocessed_images/HP/150/HP_150_0015.tif,150,132.70069567822148,15.97955423732083,258.71310828762626,142.5370822776913,123.56966620492436,4683155580.415488,0.09384536743128263,0.10783386230427615,0.028896331786999144,0.03939056396469349,0.03157806396472329,0.05938720703102345,0.05757522582985849,0.11988449096633955,0.19567871093675354,0.26593017578023553,0.0,0.0,0.0,0.0,0.0,0.0,0.0,0.0,0.0,0.0,21.19653783677335,57.20874052942218,749.4598054599059
preprocessed_images/HP/150/HP_150_0029.tif,150,139.32574327240687,17.33360762309133,267.1423216197238,149.0055469277122,129.17336958253577,5167413118.013257,0.09472656249963865,0.10706710815388844,0.030021667480354227,0.04225158691390132,0.036369323730330014,0.0619583129880449,0.054187774657996415,0.11751937866166107,0.1918601989738775,0.26403808593649275,0.0,0.0,0.0,0.0,0.0,0.0,0.0,0.0,0.0,0.0,28.063963691324183,73.16531951737115,744.0026881671866
preprocessed_images/HP/150/HP_150_0003.tif,150,141.44124707372657,17.818042502425705,268.95332652520915,151.7128961131991,130.80515861136038,5327581088.943754,0.09228515624964796,0.10766601562458929,0.029602050781137076,0.04121780395492089,0.035911560058456755,0.06257247924780818,0.055126190185336585,0.11684417724564802,0.1943855285637116,0.2643890380849289,0.0,0.0,0.0,0.0,0.0,0.0,0.0,0.0,0.0,0.0,28.542080901718524,80.23377798738419,784.5967116933386
preprocessed_images/HP/150/HP_150_0017.tif,150,136.40125310839244,15.533768603903138,267.18431464421565,145.57888300320982,127.86008430788408,4940523062.317378,0.09627151489221088,0.10689163207967037,0.02955627441394975,0.04334640502913152,0.03538131713853691,0.06256484985327695,0.054962158202915334,0.11793899536087822,0.1923866271965317,0.26070022582908364,0.0,0.0,0.0,0.0,0.0,0.0,0.0,0.0,0.0,0.0,27.528703437720036,68.365392540783,697.839523099688
preprocessed_images/HP/150/HP_150_0016.tif,150,131.87749397460055,16.51541791355086,255.98638754203307,141.85971203739274,122.25901916268725,4630624979.092778,0.09340667724573742,0.1082191467281028,0.028640747070203244,0.03869247436508677,0.030879974365116577,0.052974700927532294,0.055717468261506205,0.12031173706008792,0.20225143432540035,0.2689056396474117,0.0,0.0,0.0,0.0,0.0,0.0,0.0,0.0,0.0,0.0,16.813740495876793,55.93697758884641,762.6912874813767
preprocessed_images/HP/150/HP_150_0002.tif,150,141.69432440311456,17.261481722121758,277.320365877631,151.5700062780182,131.73217799263782,5341246998.262112,0.08662414550748206,0.10503005981405246,0.026969909667865867,0.047145843505679526,0.041019439697109146,0.06969833373996849,0.05355072021463947,0.11883926391556228,0.19297027587817012,0.25815200805565586,0.0,0.0,0.0,0.0,0.0,0.0,0.0,0.0,0.0,0.0,38.16701556725604,96.70835476791729,750.8781525653812
preprocessed_images/HP/150/HP_150_0006.tif,150,141.83772940893095,16.569266872897728,275.2987190525258,152.04065735018546,132.17053401427935,5345766824.6304,0.08797454833950816,0.10676574706990521,0.027446746826067174,0.043540954589677654,0.04247283935530673,0.07005310058567027,0.05007171630840274,0.12141799926711495,0.19068145751880386,0.25957489013572854,0.0,0.0,0.0,0.0,0.0,0.0,0.0,0.0,0.0,0.0,38.730162600634934,90.16590561743484,739.6999391645237
preprocessed_images/HP/150/HP_150_0012.tif,150,144.5568321760406,16.313586301740752,270.2900821792708,154.96805005965203,134.98528222623628,5547703881.379689,0.09223556518519502,0.10806655883747839,0.029819488525276872,0.041908264159996385,0.034084320068229354,0.057617187499780204,0.05497741699197778,0.12033462524368158,0.19696044921799866,0.26399612426657104,0.0,0.0,0.0,0.0,0.0,0.0,0.0,0.0,0.0,0.0,31.5621217807617,85.26881887118579,741.6306358289145
preprocessed_images/HP/150/HP_150_0013.tif,150,147.09578112356675,16.04029638073552,285.61939001498394,156.64410007522417,138.03458126857336,5739501304.501787,0.09382629394495458,0.11028289794879804,0.03226852416979878,0.04892730712871961,0.0436668395994428,0.07969284057586787,0.053348541259562114,0.11655807495072724,0.16949462890560343,0.2519340515127108,0.0,0.0,0.0,0.0,0.0,0.0,0.0,0.0,0.0,0.0,63.997771644899025,100.94253060552049,721.0006934809425
preprocessed_images/HP/150/HP_150_0007.tif,150,142.47018979504145,15.74702683763506,275.90085018648824,152.16449953550983,133.51421729395625,5385938228.860769,0.09303665161097321,0.1074905395503712,0.030921936035038292,0.04341888427717812,0.037929534911964685,0.06531143188451648,0.05509185790994609,0.11792755126908139,0.1883277893059222,0.2605438232411936,0.0,0.0,0.0,0.0,0.0,0.0,0.0,0.0,0.0,0.0,38.609568826426745,86.46850441359129,717.2684295296984
preprocessed_images/HP/150/HP_150_0011.tif,150,133.10421550267284,16.421382585845933,257.1676962130352,143.03167798027854,123.5911060135215,4715025266.275178,0.09466552734338887,0.1090583801265371,0.028926849365124026,0.037681579589700004,0.029739379882699053,0.05129241943339808,0.05655288696267489,0.11985778808548027,0.20258331298750845,0.2696418762196745,0.0,0.0,0.0,0.0,0.0,0.0,0.0,0.0,0.0,0.0,17.515130474596443,55.867052755700776,730.2013420968219
preprocessed_images/HP/150/HP_150_0005.tif,150,136.48137653681866,16.089539628823655,265.8015418123717,145.977613411841,127.41348362433862,4950861919.512789,0.08555984497037673,0.10256195068320251,0.027870178222549932,0.04903030395489109,0.045616149902169736,0.07892227172821456,0.051845550536911596,0.11553192138627803,0.1866836547844441,0.256378173827147,0.0,0.0,0.0,0.0,0.0,0.0,0.0,0.0,0.0,0.0,26.908597688621352,71.7115397392376,726.8576201705531
preprocessed_images/HP/150/HP_150_0039.tif,150,138.825390689569,15.51012901513995,267.0908556431745,148.4839112029538,130.11607452473362,5115229818.631683,0.09375381469690798,0.10690307617146719,0.029533386230356087,0.04207611083968324,0.034175872802604,0.06083297729468981,0.05650711059548757,0.1190986633296238,0.19359588622973023,0.2635231018056354,0.0,0.0,0.0,0.0,0.0,0.0,0.0,0.0,0.0,0.0,27.540797341654674,66.54497357862832,611.020457922646
preprocessed_images/HP/150/HP_150_0038.tif,150,143.8933874166268,17.51589445581367,273.2452993683841,154.07280404335037,133.58727436841707,5508199481.558607,0.0887947082516144,0.10715866088826309,0.028129577636611443,0.0443611145017839,0.0366210937498603,0.06347656249975786,0.055233001708773675,0.12068557739211774,0.1955528259269884,0.2599868774404145,0.0,0.0,0.0,0.0,0.0,0.0,0.0,0.0,0.0,0.0,33.58815600881954,89.43745392814125,746.3846193484965
preprocessed_images/HP/150/HP_150_0004.tif,150,143.92786208546534,16.370727389922568,279.5445933538295,153.68812747481402,134.55517744569863,5500627897.487956,0.08643341064420153,0.1052970886226452,0.028530120849500542,0.04819869995098801,0.046020507812324446,0.07958984374969638,0.04957580566387338,0.11769104003861354,0.18349075317312816,0.2551727294912141,0.0,0.0,0.0,0.0,0.0,0.0,0.0,0.0,0.0,0.0,48.827416122455645,100.61600186192344,741.2422006335041
preprocessed_images/HP/150/HP_150_0010.tif,150,137.15408927041864,17.25541903841266,273.01399183983773,147.10677119855893,127.07602521552762,5009308041.816093,0.08818054199185112,0.10457229614217921,0.028625488281140803,0.047630310058412055,0.04102325439437476,0.07569503784150812,0.05218505859355093,0.11741256713822398,0.18591690063405641,0.2587585449208879,0.0,0.0,0.0,0.0,0.0,0.0,0.0,0.0,0.0,0.0,37.32955823535717,82.79865459647151,761.3527434770299
preprocessed_images/HP/150/HP_150_0088.tif,150,139.598658353685,16.64776444903272,270.3293370514841,149.61182319502706,129.98667110936478,5181258720.948873,0.09105682373012139,0.10771560668904222,0.03038787841785283,0.043735504150223786,0.0362548828123617,0.062358856200933996,0.057029724120876195,0.11824035644486144,0.19223785400317292,0.2609825134267388,0.0,0.0,0.0,0.0,0.0,0.0,0.0,0.0,0.0,0.0,30.8501524739675,79.54499581903343,785.6742327453536
preprocessed_images/HP/150/HP_150_0077.tif,150,141.24724583149947,16.382210153504086,273.0582325053266,150.9290849765257,131.8126580482679,5300331810.520465,0.09351730346644013,0.1080360412593535,0.03005218505847911,0.04398727416975408,0.039485931396333745,0.06600189208959197,0.052680969238080286,0.11812210082962753,0.18830871581959416,0.2598075866689308,0.0,0.0,0.0,0.0,0.0,0.0,0.0,0.0,0.0,0.0,36.42060175258155,82.28431113401975,750.0
preprocessed_images/HP/150/HP_150_0063.tif,150,146.78848906176142,16.348506761060747,276.31605030681146,157.07823498573,137.2921762826523,5718444394.244025,0.09306335449183249,0.10842132568318015,0.03144073486316131,0.0454940795896702,0.03790664672837102,0.06466674804662831,0.05545806884744469,0.11930847167923236,0.18600845336843105,0.25823211669823365,0.0,0.0,0.0,0.0,0.0,0.0,0.0,0.0,0.0,0.0,41.397080798879024,91.16004076124753,600.3332407921454
preprocessed_images/HP/150/HP_150_0062.tif,150,147.98602253709788,17.137946898079548,278.1652220211082,158.68781779828245,137.69931514873377,5817911762.021734,0.09152984619105708,0.1054077148433479,0.03065872192371117,0.048297882079893883,0.0407829284666413,0.06850433349583243,0.052516937255659035,0.11677551269486704,0.1882858276360005,0.2572402954091749,0.0,0.0,0.0,0.0,0.0,0.0,0.0,0.0,0.0,0.0,42.08947732249741,107.87966399636218,693.8385979462371
preprocessed_images/HP/150/HP_150_0076.tif,150,145.26737073709393,16.132746643198377,278.6770509697477,154.98199830547225,136.16845233196884,5600149376.892121,0.08864212036098998,0.10656738281209348,0.02919387817371676,0.04815292358380068,0.042762756347493124,0.0730628967282369,0.05117034912089855,0.1194267272944663,0.18355941772390916,0.25746154785058034,0.0,0.0,0.0,0.0,0.0,0.0,0.0,0.0,0.0,0.0,47.49839579297223,95.16407961617536,661.1701747659221
preprocessed_images/HP/150/HP_150_0089.tif,150,145.7851175783689,15.567909904308506,278.4183554506338,155.19053117308164,137.07481171617718,5634958380.532371,0.08827209472622577,0.10810470581013448,0.03033828735339989,0.04769897460919304,0.04000473022445677,0.07081985473605797,0.055828094482208906,0.11724090576127151,0.18688583373952145,0.2548065185537155,0.0,0.0,0.0,0.0,0.0,0.0,0.0,0.0,0.0,0.0,45.77270195747227,91.3485675315071,655.9024317686283
preprocessed_images/HP/150/HP_150_0100.tif,150,140.44347855532504,17.329705224526453,269.1637080536791,150.87187732442442,130.13546636317372,5249352165.461596,0.0883560180660692,0.10556411743123793,0.028137207031142666,0.04280471801741484,0.037254333495951635,0.0635681152341325,0.05497741699197778,0.12075042724563312,0.19722366332932578,0.26136398315329984,0.0,0.0,0.0,0.0,0.0,0.0,0.0,0.0,0.0,0.0,29.69132839524564,84.2201084787856,778.2608817099829
preprocessed_images/HP/150/HP_150_0048.tif,150,139.5948124066623,16.539846493726802,271.9235198648298,149.0612452767536,130.19894938554222,5180038361.353364,0.0871124267574802,0.10506439208944296,0.027816772460831387,0.0465888977049004,0.038845062255711195,0.06986999511692096,0.05371856689432633,0.11645889282182137,0.19415283203050937,0.2603721618642411,0.0,0.0,0.0,0.0,0.0,0.0,0.0,0.0,0.0,0.0,37.10861645283471,90.85891380066394,704.0113635446519
preprocessed_images/HP/150/HP_150_0060.tif,150,143.47003798040774,16.934487396766237,275.78694528905356,154.17439040748877,133.31315788062574,5471057651.037864,0.09175109863246249,0.10681915283162377,0.029510498046762427,0.04513931274396843,0.03696441650376524,0.06169509887671778,0.055850982665802566,0.11824417114212706,0.19295120239184207,0.26107406616111345,0.0,0.0,0.0,0.0,0.0,0.0,0.0,0.0,0.0,0.0,40.823574806291745,100.2471554442641,725.4309064273455
preprocessed_images/HP/150/HP_150_0074.tif,150,135.6802720234196,17.28773996812365,264.12430871329485,145.4579409345679,125.60232769187037,4904190520.735721,0.08874893188442708,0.10639953613240662,0.027271270751849094,0.04207229614241763,0.03694152832017158,0.06445312499975413,0.05485153198221263,0.12026596069290059,0.19677734374924935,0.26221847534079656,0.0,0.0,0.0,0.0,0.0,0.0,0.0,0.0,0.0,0.0,23.758994045819357,64.22652354840504,611.007364931062
preprocessed_images/HP/150/HP_150_0075.tif,150,138.9705683227734,17.002932399367186,262.5563694257453,149.1120485535786,128.96024662057917,5138525341.6487055,0.09110641479457433,0.10538864135701985,0.028293609619032694,0.04003524780258165,0.03302383422838965,0.054725646972447486,0.055828094482208906,0.12225723266554925,0.2023124694816501,0.26702880859273137,0.0,0.0,0.0,0.0,0.0,0.0,0.0,0.0,0.0,0.0,21.40403765657391,72.24576854354603,778.6141534804001
preprocessed_images/HP/150/HP_150_0061.tif,150,144.69639153332383,16.693712051369776,277.84535749292564,154.99206562815368,134.80480119141868,5561575209.649834,0.09211349487269549,0.10812759399372815,0.03275299072253131,0.048160552978331904,0.04071426391586031,0.06363296508764789,0.056598663329862214,0.11874389648392203,0.18477630615163887,0.2543792724599671,0.0,0.0,0.0,0.0,0.0,0.0,0.0,0.0,0.0,0.0,44.93997133681064,104.32296477780345,703.0007112371935
preprocessed_images/HP/150/HP_150_0049.tif,150,138.7391680237496,16.699298860486717,264.39132620550885,148.98182817474714,128.93195666582875,5118996860.463764,0.09374999999964237,0.10521697998006738,0.02964019775379318,0.043006896972492194,0.0347938537596329,0.056766510009549076,0.05628204345681655,0.11804580688431532,0.19973373413009746,0.2627639770497789,0.0,0.0,0.0,0.0,0.0,0.0,0.0,0.0,0.0,0.0,21.458295373270836,63.90708337423171,772.9540736680285
preprocessed_images/HP/150/HP_150_0065.tif,150,137.86104848988217,16.977987196132666,265.8141203228077,147.64090069141832,128.0613585515621,5057785558.456519,0.10016250610313353,0.10407257080038425,0.03367614746080903,0.04526901245099919,0.04103469848617159,0.062198638915778356,0.056362152099394366,0.11583709716752687,0.18780136108326798,0.25358581542872016,0.0,0.0,0.0,0.0,0.0,0.0,0.0,0.0,0.0,0.0,25.15649552463387,62.24876965545037,703.1201888724288
preprocessed_images/HP/150/HP_150_0071.tif,150,146.72465644445137,16.461320458295347,276.9955728491719,157.2885708683337,137.0056341507148,5714503238.935637,0.09265518188441217,0.10937881469684838,0.03082656860339803,0.04444503784162733,0.0374603271482946,0.06283187866186969,0.05470657348611944,0.11812973022415874,0.1891708374016221,0.2603950500478348,0.0,0.0,0.0,0.0,0.0,0.0,0.0,0.0,0.0,0.0,41.43470608910229,95.97393870624302,731.4984620626349
preprocessed_images/HP/150/HP_150_0059.tif,150,136.80412185467478,16.035280511962153,265.005947677007,146.5440799190078,127.55791308823476,4973526509.820581,0.0929565429683954,0.10564041137655014,0.028900146484264755,0.04135894775374848,0.032554626464719565,0.0575790405271241,0.05713272094704768,0.12011337280227617,0.19922637939377125,0.26453781127828774,0.0,0.0,0.0,0.0,0.0,0.0,0.0,0.0,0.0,0.0,24.452381161546253,65.46521499947458,742.246589753028
preprocessed_images/HP/150/HP_150_0058.tif,150,141.15261273991493,16.350667490122834,268.03211874284483,151.52790784551908,131.56818246656093,5293055517.832497,0.09308624267542615,0.10641479492146906,0.029949188232307626,0.04318618774397588,0.03397369384752665,0.056953430175563986,0.0560798645017392,0.12073516845657067,0.19646072387620367,0.2631607055654024,0.0,0.0,0.0,0.0,0.0,0.0,0.0,0.0,0.0,0.0,28.61531019851939,80.67615161393545,654.6036969037068
preprocessed_images/HP/150/HP_150_0070.tif,150,135.97219941154205,15.142512407087684,263.31493138513554,145.21919046591265,127.69338167259849,4906741843.836527,0.09130096435512046,0.1065406799312342,0.030117034911994488,0.042335510253744754,0.034408569335806244,0.05928421020485197,0.057571411132592884,0.11860656738236004,0.19552612304612912,0.2643089294423511,0.0,0.0,0.0,0.0,0.0,0.0,0.0,0.0,0.0,0.0,24.00292309324527,61.639833927780046,680.9243717183282
preprocessed_images/HP/150/HP_150_0064.tif,150,143.91471348799467,17.41071476690743,271.3038212628863,154.04654249825987,133.7098046104195,5508845468.916436,0.09020996093715587,0.10710525512654455,0.027378082275286184,0.042949676513508034,0.03493881225572609,0.05999755859352113,0.05682754516579884,0.12038040161086891,0.1977119445793239,0.26250076293845176,0.0,0.0,0.0,0.0,0.0,0.0,0.0,0.0,0.0,0.0,32.05265735099756,87.09043155533743,777.9267317684873
preprocessed_images/HP/150/HP_150_0099.tif,150,147.68412788050665,15.346316296880733,286.0060977701335,157.0918616887649,139.1503503063293,5779255735.539395,0.09410858154260975,0.1070137023921699,0.03203201293933093,0.05292892456034497,0.04769134521466182,0.0840454101559294,0.05146026611308494,0.11417388915972071,0.16629791259702187,0.250247955321311,0.0,0.0,0.0,0.0,0.0,0.0,0.0,0.0,0.0,0.0,71.41302934949049,109.88624618421059,733.203927976385
preprocessed_images/HP/150/HP_150_0072.tif,150,148.57587997380045,16.66220755774846,280.71528675816535,159.37322757390308,138.57551895471394,5859553121.58288,0.08954620361293966,0.10600662231404874,0.032417297363157585,0.05086517333964971,0.04207992553694885,0.07031631469699738,0.05851745605446427,0.11508178710893599,0.18282318115164634,0.25234603881739676,0.0,0.0,0.0,0.0,0.0,0.0,0.0,0.0,0.0,0.0,54.330442930707825,116.66303926652107,735.0061224234802
preprocessed_images/HP/150/HP_150_0066.tif,150,141.11228022781867,17.367576678780352,272.47978425179645,150.7797315513351,131.07046102178364,5299059648.308905,0.09497451782190332,0.10686492919881109,0.030639648437383118,0.041660308837731704,0.03571701049791062,0.059288024902117584,0.05694198608376716,0.11812973022415874,0.19266128539965569,0.26312255859274625,0.0,0.0,0.0,0.0,0.0,0.0,0.0,0.0,0.0,0.0,33.29673687619145,91.89545905738699,767.131018796659
preprocessed_images/HP/150/HP_150_0067.tif,150,136.3088337893985,15.944213871329747,268.30791224358876,145.9170380112887,127.28382258956962,4937302966.27215,0.09215927123988281,0.10743331909138705,0.029148101806529433,0.04090118408187522,0.034622192382680425,0.062004089355232224,0.05707931518532913,0.1188087463374374,0.19484329223558486,0.26300048828024675,0.0,0.0,0.0,0.0,0.0,0.0,0.0,0.0,0.0,0.0,28.733546951510593,72.50420310744062,715.9567026014911
preprocessed_images/HP/150/HP_150_0073.tif,150,135.98950576168,15.477411793016815,264.00969712166807,145.2654996273039,127.37294505297515,4910663847.933804,0.09429931640589027,0.1081123352046657,0.029930114745979574,0.04032897949203366,0.03320693969713895,0.056823730468533236,0.05670547485329931,0.11932754516556042,0.19538497924730153,0.26588058471578263,0.0,0.0,0.0,0.0,0.0,0.0,0.0,0.0,0.0,0.0,24.502614704804945,62.87676083893885,736.6573151744303
preprocessed_images/HP/150/HP_150_0098.tif,150,145.2056572481965,16.281959703703397,270.5667537835926,155.6347603172984,135.6639067135304,5596718067.528172,0.09265136718714656,0.10644149780232832,0.029582977294809024,0.043224334716631986,0.03550720214830205,0.06112289428687621,0.05406570434549688,0.11961746215774682,0.19640350341721952,0.2613830566396279,0.0,0.0,0.0,0.0,0.0,0.0,0.0,0.0,0.0,0.0,32.13284811022605,84.81110481749836,730.0438343003796
preprocessed_images/EpsonV370/150/EpsonV370_150_0001.tif,150,140.5146763750309,18.403187475516145,283.8926201253981,151.64967075904642,129.2288832125925,5264651474.97052,0.02452850341787518,0.06413650512670846,0.010169982910117455,0.0697364807126246,0.03902435302719488,0.16783142089779726,0.02811050415028339,0.12663650512647004,0.26713943481343405,0.20268630981367994,0.0,0.0,0.0,0.0,0.0,0.0,0.0,0.0,0.0,0.0,58.92940533378339,136.3896063100358,783.7512360436824
